{
	"credit": "Made with Blockbench",
	"textures": {
		"0": "block/wool_colored_gray",
		"2": "block/coarse_dirt",
		"particle": "block/wool_colored_gray"
	},
	"elements": [
		{
			"from": [1, 0, 5],
			"to": [2, 8, 11],
			"faces": {
				"north": {"uv": [0, 0, 1, 7.5], "texture": "#0"},
				"east": {"uv": [0, 0, 11, 7.5], "texture": "#0"},
				"south": {"uv": [0, 0, 1, 7.5], "texture": "#0"},
				"west": {"uv": [0, 0, 11, 7.5], "texture": "#0"},
				"up": {"uv": [0, 0, 1, 11], "texture": "#0"},
				"down": {"uv": [0, 0, 1, 11], "texture": "#0"}
			}
		},
		{
			"from": [5, 0, 1],
			"to": [11, 8, 2],
			"faces": {
				"north": {"uv": [0, 0, 11, 7.5], "texture": "#0"},
				"east": {"uv": [0, 0, 1, 7.5], "texture": "#0"},
				"south": {"uv": [0, 0, 11, 7.5], "texture": "#0"},
				"west": {"uv": [0, 0, 1, 7.5], "texture": "#0"},
				"up": {"uv": [0, 0, 11, 1], "texture": "#0"},
				"down": {"uv": [0, 0, 11, 1], "texture": "#0"}
			}
		},
		{
			"from": [14, 0, 5],
			"to": [15, 8, 11],
			"faces": {
				"north": {"uv": [0, 0, 1, 7.5], "texture": "#0"},
				"east": {"uv": [0, 0, 12, 7.5], "texture": "#0"},
				"south": {"uv": [0, 0, 1, 7.5], "texture": "#0"},
				"west": {"uv": [0, 0, 12, 7.5], "texture": "#0"},
				"up": {"uv": [0, 0, 1, 12], "texture": "#0"},
				"down": {"uv": [0, 0, 1, 12], "texture": "#0"}
			}
		},
		{
			"from": [5, 0, 14],
			"to": [11, 8, 15],
			"faces": {
				"north": {"uv": [0, 0, 10, 7.5], "texture": "#0"},
				"east": {"uv": [0, 0, 1, 7.5], "texture": "#0"},
				"south": {"uv": [0, 0, 10, 7.5], "texture": "#0"},
				"west": {"uv": [0, 0, 1, 7.5], "texture": "#0"},
				"up": {"uv": [0, 0, 10, 1], "texture": "#0"},
				"down": {"uv": [0, 0, 10, 1], "texture": "#0"}
			}
		},
		{
			"from": [3, 5, 3],
			"to": [13, 6, 13],
			"faces": {
				"north": {"uv": [0, 0, 10, 1], "texture": "#2"},
				"east": {"uv": [0, 0, 10, 1], "texture": "#2"},
				"south": {"uv": [0, 0, 10, 1], "texture": "#2"},
				"west": {"uv": [0, 0, 10, 1], "texture": "#2"},
				"up": {"uv": [0, 0, 10, 10], "texture": "#2"},
				"down": {"uv": [0, 0, 16, 16], "texture": "#missing"}
			}
		},
		{
			"from": [3, 0, 2],
			"to": [5, 8, 3],
			"faces": {
				"north": {"uv": [0, 0, 2, 8], "texture": "#0"},
				"east": {"uv": [0, 0, 1, 8], "texture": "#0"},
				"south": {"uv": [0, 0, 2, 8], "texture": "#0"},
				"west": {"uv": [0, 0, 1, 8], "texture": "#0"},
				"up": {"uv": [0, 0, 2, 1], "texture": "#0"},
				"down": {"uv": [0, 0, 2, 1], "texture": "#0"}
			}
		},
		{
			"from": [11, 0, 2],
			"to": [13, 8, 3],
			"faces": {
				"north": {"uv": [0, 0, 2, 8], "texture": "#0"},
				"east": {"uv": [0, 0, 1, 8], "texture": "#0"},
				"south": {"uv": [0, 0, 2, 8], "texture": "#0"},
				"west": {"uv": [0, 0, 1, 8], "texture": "#0"},
				"up": {"uv": [0, 0, 2, 1], "texture": "#0"},
				"down": {"uv": [0, 0, 2, 1], "texture": "#0"}
			}
		},
		{
			"from": [2, 0, 3],
			"to": [3, 8, 5],
			"faces": {
				"north": {"uv": [0, 0, 1, 8], "texture": "#0"},
				"east": {"uv": [0, 0, 2, 8], "texture": "#0"},
				"south": {"uv": [0, 0, 1, 8], "texture": "#0"},
				"west": {"uv": [0, 0, 2, 8], "texture": "#0"},
				"up": {"uv": [0, 0, 1, 2], "texture": "#0"},
				"down": {"uv": [0, 0, 1, 2], "texture": "#0"}
			}
		},
		{
			"from": [13, 0, 11],
			"to": [14, 8, 13],
			"faces": {
				"north": {"uv": [0, 0, 1, 8], "texture": "#0"},
				"east": {"uv": [0, 0, 2, 8], "texture": "#0"},
				"south": {"uv": [0, 0, 1, 8], "texture": "#0"},
				"west": {"uv": [0, 0, 2, 8], "texture": "#0"},
				"up": {"uv": [0, 0, 1, 2], "texture": "#0"},
				"down": {"uv": [0, 0, 1, 2], "texture": "#0"}
			}
		},
		{
			"from": [3, 0, 13],
			"to": [5, 8, 14],
			"faces": {
				"north": {"uv": [0, 0, 2, 8], "texture": "#0"},
				"east": {"uv": [0, 0, 1, 8], "texture": "#0"},
				"south": {"uv": [0, 0, 2, 8], "texture": "#0"},
				"west": {"uv": [0, 0, 1, 8], "texture": "#0"},
				"up": {"uv": [0, 0, 2, 1], "texture": "#0"},
				"down": {"uv": [0, 0, 2, 1], "texture": "#0"}
			}
		},
		{
			"from": [11, 0, 13],
			"to": [13, 8, 14],
			"faces": {
				"north": {"uv": [0, 0, 2, 8], "texture": "#0"},
				"east": {"uv": [0, 0, 1, 8], "texture": "#0"},
				"south": {"uv": [0, 0, 2, 8], "texture": "#0"},
				"west": {"uv": [0, 0, 1, 8], "texture": "#0"},
				"up": {"uv": [0, 0, 2, 1], "texture": "#0"},
				"down": {"uv": [0, 0, 2, 1], "texture": "#0"}
			}
		},
		{
			"from": [2, 0, 11],
			"to": [3, 8, 13],
			"faces": {
				"north": {"uv": [0, 0, 1, 8], "texture": "#0"},
				"east": {"uv": [0, 0, 2, 8], "texture": "#0"},
				"south": {"uv": [0, 0, 1, 8], "texture": "#0"},
				"west": {"uv": [0, 0, 2, 8], "texture": "#0"},
				"up": {"uv": [0, 0, 1, 2], "texture": "#0"},
				"down": {"uv": [0, 0, 1, 2], "texture": "#0"}
			}
		},
		{
			"from": [5, 5, 13],
			"to": [11, 6, 14],
			"faces": {
				"north": {"uv": [0, 0, 6, 1], "texture": "#2"},
				"east": {"uv": [0, 0, 1, 1], "texture": "#2"},
				"south": {"uv": [0, 0, 6, 1], "texture": "#2"},
				"west": {"uv": [0, 0, 1, 1], "texture": "#2"},
				"up": {"uv": [0, 0, 6, 1], "texture": "#2"},
				"down": {"uv": [0, 0, 6, 1], "texture": "#2"}
			}
		},
		{
			"from": [5, 5, 2],
			"to": [11, 6, 3],
			"faces": {
				"north": {"uv": [0, 0, 6, 1], "texture": "#2"},
				"east": {"uv": [0, 0, 1, 1], "texture": "#2"},
				"south": {"uv": [0, 0, 6, 1], "texture": "#2"},
				"west": {"uv": [0, 0, 1, 1], "texture": "#2"},
				"up": {"uv": [0, 0, 6, 1], "texture": "#2"},
				"down": {"uv": [0, 0, 6, 1], "texture": "#2"}
			}
		},
		{
			"from": [13, 0, 3],
			"to": [14, 8, 5],
			"faces": {
				"north": {"uv": [0, 0, 1, 8], "texture": "#0"},
				"east": {"uv": [0, 0, 2, 8], "texture": "#0"},
				"south": {"uv": [0, 0, 1, 8], "texture": "#0"},
				"west": {"uv": [0, 0, 2, 8], "texture": "#0"},
				"up": {"uv": [0, 0, 1, 2], "texture": "#0"},
				"down": {"uv": [0, 0, 1, 2], "texture": "#0"}
			}
		},
		{
			"from": [13, 5, 5],
			"to": [14, 6, 11],
			"faces": {
				"north": {"uv": [0, 0, 1, 1], "texture": "#2"},
				"east": {"uv": [0, 0, 6, 1], "texture": "#2"},
				"south": {"uv": [0, 0, 1, 1], "texture": "#2"},
				"west": {"uv": [0, 0, 6, 1], "texture": "#2"},
				"up": {"uv": [0, 0, 1, 6], "texture": "#2"},
				"down": {"uv": [0, 0, 1, 6], "texture": "#2"}
			}
		},
		{
			"from": [2, 5, 5],
			"to": [3, 6, 11],
			"faces": {
				"north": {"uv": [0, 0, 1, 1], "texture": "#2"},
				"east": {"uv": [0, 0, 6, 1], "texture": "#2"},
				"south": {"uv": [0, 0, 1, 1], "texture": "#2"},
				"west": {"uv": [0, 0, 6, 1], "texture": "#2"},
				"up": {"uv": [0, 0, 1, 6], "texture": "#2"},
				"down": {"uv": [0, 0, 1, 6], "texture": "#2"}
			}
		}
	],
	"groups": [
		{
			"name": "POT BASDEV",
			"origin": [8, 8, 8],
			"color": 0,
			"children": [0, 1, 2, 3, 4, 5, 6, 7, 8, 9, 10, 11, 12, 13]
		},
		14,
		15,
		16
	]
}