{
	"credit": "Made with Blockbench",
	"textures": {
		"0": "block/anvil_base",
		"1": "block/aa8",
		"2": "block/brewing_stand_base",
		"3": "block/cobblestone",
		"particle": "block/aa8"
	},
	"elements": [
		{
			"from": [2.9841, 16.8818, 13.2584],
			"to": [3.7341, 17.3818, 14.7584],
			"rotation": {"angle": -22.5, "axis": "z", "origin": [3.48414, 8.0068, 8.00837]},
			"faces": {
				"north": {"uv": [7.99931, 7.99931, 9.24931, 9.24931], "rotation": 90, "texture": "#0"},
				"east": {"uv": [7.99931, 7.99931, 9.24931, 9.24931], "rotation": 270, "texture": "#0"},
				"south": {"uv": [7.99931, 7.99931, 9.24931, 9.24931], "rotation": 270, "texture": "#0"},
				"west": {"uv": [7.99931, 7.99931, 9.24931, 9.24931], "rotation": 270, "texture": "#0"},
				"up": {"uv": [7.99931, 7.99931, 9.24931, 9.24931], "rotation": 270, "texture": "#0"}
			}
		},
		{
			"from": [2.9841, 16.8818, 1.1334],
			"to": [3.7341, 17.3818, 2.6334],
			"rotation": {"angle": -22.5, "axis": "z", "origin": [3.48414, 8.0068, 8.00837]},
			"faces": {
				"north": {"uv": [7.99931, 7.99931, 9.24931, 9.24931], "rotation": 90, "texture": "#0"},
				"east": {"uv": [7.99931, 7.99931, 9.24931, 9.24931], "rotation": 270, "texture": "#0"},
				"south": {"uv": [7.99931, 7.99931, 9.24931, 9.24931], "rotation": 270, "texture": "#0"},
				"west": {"uv": [7.99931, 7.99931, 9.24931, 9.24931], "rotation": 270, "texture": "#0"},
				"up": {"uv": [7.99931, 7.99931, 9.24931, 9.24931], "rotation": 270, "texture": "#0"}
			}
		},
		{
			"from": [3.1091, 7.7568, 12.5084],
			"to": [3.9841, 8.5068, 15.5084],
			"rotation": {"angle": -45, "axis": "z", "origin": [3.41882, 8.12032, 8.02266]},
			"faces": {
				"north": {"uv": [7.99931, 7.99931, 9.24931, 9.24931], "texture": "#0"},
				"east": {"uv": [7.99931, 7.99931, 9.24931, 9.24931], "texture": "#0"},
				"south": {"uv": [7.99931, 7.99931, 9.24931, 9.24931], "texture": "#0"},
				"west": {"uv": [7.99931, 7.99931, 9.24931, 9.24931], "texture": "#0"},
				"up": {"uv": [7.99931, 7.99931, 9.24931, 9.24931], "texture": "#0"},
				"down": {"uv": [7.99931, 7.99931, 9.24931, 9.24931], "texture": "#0"}
			}
		},
		{
			"from": [3.1091, 7.7568, 0.5084],
			"to": [3.9841, 8.5068, 3.5084],
			"rotation": {"angle": -45, "axis": "z", "origin": [3.41882, 8.12032, 8.02266]},
			"faces": {
				"north": {"uv": [7.99931, 7.99931, 9.24931, 9.24931], "texture": "#0"},
				"east": {"uv": [7.99931, 7.99931, 9.24931, 9.24931], "texture": "#0"},
				"south": {"uv": [7.99931, 7.99931, 9.24931, 9.24931], "texture": "#0"},
				"west": {"uv": [7.99931, 7.99931, 9.24931, 9.24931], "texture": "#0"},
				"up": {"uv": [7.99931, 7.99931, 9.24931, 9.24931], "texture": "#0"},
				"down": {"uv": [7.99931, 7.99931, 9.24931, 9.24931], "texture": "#0"}
			}
		},
		{
			"from": [3.1091, 7.7568, 6.5084],
			"to": [3.9841, 8.5068, 9.5084],
			"rotation": {"angle": -45, "axis": "z", "origin": [3.41882, 8.12032, 8.02266]},
			"faces": {
				"north": {"uv": [7.99931, 7.99931, 9.24931, 9.24931], "texture": "#0"},
				"east": {"uv": [7.99931, 7.99931, 9.24931, 9.24931], "texture": "#0"},
				"south": {"uv": [7.99931, 7.99931, 9.24931, 9.24931], "texture": "#0"},
				"west": {"uv": [7.99931, 7.99931, 9.24931, 9.24931], "texture": "#0"},
				"up": {"uv": [7.99931, 7.99931, 9.24931, 9.24931], "texture": "#0"},
				"down": {"uv": [7.99931, 7.99931, 9.24931, 9.24931], "texture": "#0"}
			}
		},
		{
			"from": [12.3591, 6.1318, 13.8209],
			"to": [13.4841, 7.2568, 14.1959],
			"rotation": {"angle": -45, "axis": "z", "origin": [12.68144, 6.87603, 14.00434]},
			"faces": {
				"north": {"uv": [11.99969, 11.99969, 13.24969, 13.24969], "texture": "#0"},
				"east": {"uv": [11.99969, 11.99969, 13.24969, 13.24969], "texture": "#0"},
				"south": {"uv": [11.99969, 11.99969, 13.24969, 13.24969], "texture": "#0"},
				"up": {"uv": [11.99969, 11.99969, 13.24969, 13.24969], "texture": "#0"}
			}
		},
		{
			"from": [12.3591, 5.5068, 13.2584],
			"to": [12.7341, 7.7568, 14.7584],
			"rotation": {"angle": 0, "axis": "y", "origin": [0, -2, 0]},
			"faces": {
				"north": {"uv": [7.99931, 7.99931, 9.24931, 9.24931], "texture": "#0"},
				"east": {"uv": [7.99931, 7.99931, 9.24931, 9.24931], "texture": "#0"},
				"south": {"uv": [7.99931, 7.99931, 9.24931, 9.24931], "texture": "#0"},
				"up": {"uv": [7.99931, 7.99931, 9.24931, 9.24931], "texture": "#0"},
				"down": {"uv": [7.99931, 7.99931, 9.24931, 9.24931], "texture": "#0"}
			}
		},
		{
			"from": [3.4841, 1.0068, 0.0084],
			"to": [12.4841, 8.0068, 4.0084],
			"rotation": {"angle": 0, "axis": "y", "origin": [0, -2, 0]},
			"faces": {
				"north": {"uv": [0, 3.99969, 4.31219, 8.87325], "texture": "#0"},
				"east": {"uv": [0, 3.99969, 4.31219, 8.87325], "texture": "#0"},
				"west": {"uv": [0, 3.99969, 4.31219, 8.87325], "texture": "#0"},
				"up": {"uv": [14.75, 14.75, 16, 16], "texture": "#0"},
				"down": {"uv": [3.125, 5.25, 4.25, 6.125], "texture": "#0"}
			}
		},
		{
			"from": [2.4841, 7.8818, -0.6166],
			"to": [3.4841, 17.1318, 16.6334],
			"rotation": {"angle": -22.5, "axis": "z", "origin": [3.48414, 8.0068, 8.00837]},
			"faces": {
				"north": {"uv": [0, 11.99969, 1.18719, 14.18719], "rotation": 90, "texture": "#0"},
				"east": {"uv": [0, 11.99969, 1.18719, 14.18719], "rotation": 270, "texture": "#0"},
				"south": {"uv": [0, 11.99969, 1.18719, 14.18719], "rotation": 270, "texture": "#0"},
				"west": {"uv": [0, 11.99969, 1.18719, 14.18719], "rotation": 270, "texture": "#0"},
				"up": {"uv": [0, 11.99969, 1.18719, 14.18719], "rotation": 270, "texture": "#0"},
				"down": {"uv": [0, 11.99969, 1.18719, 14.18719], "rotation": 270, "texture": "#0"}
			}
		},
		{
			"from": [12.3591, 5.5068, 1.1334],
			"to": [12.7341, 7.7568, 2.6334],
			"rotation": {"angle": 0, "axis": "y", "origin": [0, -2, 0]},
			"faces": {
				"north": {"uv": [7.99931, 7.99931, 9.24931, 9.24931], "texture": "#0"},
				"east": {"uv": [7.99931, 7.99931, 9.24931, 9.24931], "texture": "#0"},
				"south": {"uv": [7.99931, 7.99931, 9.24931, 9.24931], "texture": "#0"},
				"up": {"uv": [7.99931, 7.99931, 9.24931, 9.24931], "texture": "#0"},
				"down": {"uv": [7.99931, 7.99931, 9.24931, 9.24931], "texture": "#0"}
			}
		},
		{
			"from": [5.4841, 6.1318, 16.8834],
			"to": [10.7341, 7.0068, 17.3834],
			"rotation": {"angle": 0, "axis": "y", "origin": [0, -2, 0]},
			"faces": {
				"north": {"uv": [7.99931, 0, 12.18588, 4.1245], "texture": "#0"},
				"south": {"uv": [7.99931, 0, 12.18588, 4.1245], "texture": "#0"},
				"up": {"uv": [7.99931, 0, 12.18588, 4.1245], "texture": "#0"},
				"down": {"uv": [7.99931, 0, 12.18588, 4.1245], "texture": "#0"}
			}
		},
		{
			"from": [4.5459, 6.133, 15.5073],
			"to": [6.0459, 7.008, 17.0073],
			"rotation": {"angle": -45, "axis": "y", "origin": [5.31137, 6.48355, 16.5162]},
			"faces": {
				"east": {"uv": [7.99931, 0, 12.18588, 4.1245], "texture": "#0"},
				"south": {"uv": [7.99931, 0, 12.18588, 4.1245], "texture": "#0"},
				"up": {"uv": [7.99931, 0, 12.18588, 4.1245], "texture": "#0"},
				"down": {"uv": [7.99931, 0, 12.18588, 4.1245], "texture": "#0"}
			}
		},
		{
			"from": [5.8036, 6.1577, -0.5289],
			"to": [7.3036, 7.0327, 0.9711],
			"rotation": {"angle": -45, "axis": "y", "origin": [6.56914, 6.50832, -1.51996]},
			"faces": {
				"north": {"uv": [7.99931, 0, 12.18588, 4.1245], "texture": "#0"},
				"west": {"uv": [7.99931, 0, 12.18588, 4.1245], "texture": "#0"},
				"up": {"uv": [7.99931, 0, 12.18588, 4.1245], "texture": "#0"},
				"down": {"uv": [7.99931, 0, 12.18588, 4.1245], "texture": "#0"}
			}
		},
		{
			"from": [5.327, 6.1577, -1.3604],
			"to": [10.577, 7.0327, -0.8604],
			"rotation": {"angle": 0, "axis": "y", "origin": [0, -2, 0]},
			"faces": {
				"north": {"uv": [7.99931, 0, 12.18588, 4.1245], "texture": "#0"},
				"south": {"uv": [7.99931, 0, 12.18588, 4.1245], "texture": "#0"},
				"up": {"uv": [7.99931, 0, 12.18588, 4.1245], "texture": "#0"},
				"down": {"uv": [7.99931, 0, 12.18588, 4.1245], "texture": "#0"}
			}
		},
		{
			"from": [9.7965, 6.1318, 15.5078],
			"to": [11.2965, 7.0068, 17.0078],
			"rotation": {"angle": -45, "axis": "y", "origin": [10.56203, 6.48235, 16.51675]},
			"faces": {
				"east": {"uv": [7.99931, 0, 12.18588, 4.1245], "texture": "#0"},
				"south": {"uv": [7.99931, 0, 12.18588, 4.1245], "texture": "#0"},
				"up": {"uv": [7.99931, 0, 12.18588, 4.1245], "texture": "#0"},
				"down": {"uv": [7.99931, 0, 12.18588, 4.1245], "texture": "#0"}
			}
		},
		{
			"from": [11.0536, 6.1577, -0.5289],
			"to": [12.5536, 7.0327, 0.9711],
			"rotation": {"angle": -45, "axis": "y", "origin": [11.81913, 6.50832, -1.51996]},
			"faces": {
				"north": {"uv": [7.99931, 0, 12.18588, 4.1245], "texture": "#0"},
				"west": {"uv": [7.99931, 0, 12.18588, 4.1245], "texture": "#0"},
				"up": {"uv": [7.99931, 0, 12.18588, 4.1245], "texture": "#0"},
				"down": {"uv": [7.99931, 0, 12.18588, 4.1245], "texture": "#0"}
			}
		},
		{
			"from": [3.9841, 0.5068, 12.0084],
			"to": [6.4841, 1.0068, 16.0084],
			"rotation": {"angle": 0, "axis": "y", "origin": [0, -2, 0]},
			"faces": {
				"north": {"uv": [7.99931, 0, 12.31144, 4.49906], "texture": "#0"},
				"east": {"uv": [7.99931, 0, 12.31144, 4.49906], "texture": "#0"},
				"south": {"uv": [7.99931, 0, 12.31144, 4.49906], "texture": "#0"},
				"west": {"uv": [7.99931, 0, 12.31144, 4.49906], "texture": "#0"},
				"down": {"uv": [7.99931, 0, 12.31144, 4.49906], "texture": "#0"}
			}
		},
		{
			"from": [6.4841, 1.0068, 4.0084],
			"to": [9.4841, 8.0068, 12.0084],
			"rotation": {"angle": 0, "axis": "y", "origin": [0, -2, 0]},
			"faces": {
				"up": {"uv": [14.75, 14.75, 16, 16], "texture": "#0"},
				"down": {"uv": [2.125, 4.375, 3.125, 5.375], "texture": "#0"}
			}
		},
		{
			"from": [9.4841, 0.5068, 12.0084],
			"to": [11.9841, 1.0068, 16.0084],
			"rotation": {"angle": 0, "axis": "y", "origin": [0, -2, 0]},
			"faces": {
				"north": {"uv": [7.99931, 0, 12.31144, 4.49906], "texture": "#0"},
				"east": {"uv": [7.99931, 0, 12.31144, 4.49906], "texture": "#0"},
				"south": {"uv": [7.99931, 0, 12.31144, 4.49906], "texture": "#0"},
				"west": {"uv": [7.99931, 0, 12.31144, 4.49906], "texture": "#0"},
				"down": {"uv": [7.99931, 0, 12.31144, 4.49906], "texture": "#0"}
			}
		},
		{
			"from": [12.3591, 6.1318, 1.6959],
			"to": [13.4841, 7.2568, 2.0709],
			"rotation": {"angle": -45, "axis": "z", "origin": [12.68144, 6.87603, 1.87934]},
			"faces": {
				"north": {"uv": [11.99969, 11.99969, 13.24969, 13.24969], "texture": "#0"},
				"east": {"uv": [11.99969, 11.99969, 13.24969, 13.24969], "texture": "#0"},
				"south": {"uv": [11.99969, 11.99969, 13.24969, 13.24969], "texture": "#0"},
				"up": {"uv": [11.99969, 11.99969, 13.24969, 13.24969], "texture": "#0"}
			}
		},
		{
			"from": [1.9841, 8.5068, 12.5084],
			"to": [2.4841, 16.5068, 15.5084],
			"rotation": {"angle": -22.5, "axis": "z", "origin": [3.48414, 8.0068, 8.00837]},
			"faces": {
				"north": {"uv": [0, 0, 4.37419, 4.05944], "rotation": 90, "texture": "#0"},
				"south": {"uv": [0, 0, 4.37419, 4.05944], "rotation": 270, "texture": "#0"},
				"west": {"uv": [0, 0, 4.37419, 4.05944], "rotation": 270, "texture": "#0"}
			}
		},
		{
			"from": [1.9841, 8.5068, 0.5084],
			"to": [2.4841, 16.5068, 3.5084],
			"rotation": {"angle": -22.5, "axis": "z", "origin": [3.48414, 8.0068, 8.00837]},
			"faces": {
				"north": {"uv": [0, 0, 4.37419, 4.05944], "rotation": 90, "texture": "#0"},
				"south": {"uv": [0, 0, 4.37419, 4.05944], "rotation": 270, "texture": "#0"},
				"west": {"uv": [0, 0, 4.37419, 4.05944], "rotation": 270, "texture": "#0"}
			}
		},
		{
			"from": [3.9841, 0.5068, 0.0084],
			"to": [6.4841, 1.0068, 4.0084],
			"rotation": {"angle": 0, "axis": "y", "origin": [0, -2, 0]},
			"faces": {
				"north": {"uv": [7.99931, 0, 12.31144, 4.49906], "texture": "#0"},
				"east": {"uv": [7.99931, 0, 12.31144, 4.49906], "texture": "#0"},
				"south": {"uv": [7.99931, 0, 12.31144, 4.49906], "texture": "#0"},
				"west": {"uv": [7.99931, 0, 12.31144, 4.49906], "texture": "#0"},
				"down": {"uv": [7.99931, 0, 12.31144, 4.49906], "texture": "#0"}
			}
		},
		{
			"from": [9.4841, 1.0068, -0.4916],
			"to": [11.9841, 8.0068, 16.5084],
			"rotation": {"angle": 0, "axis": "y", "origin": [0, -2, 0]},
			"faces": {
				"north": {"uv": [0, 3.99969, 4.31219, 8.87325], "texture": "#0"},
				"east": {"uv": [0, 3.99969, 4.31219, 8.87325], "texture": "#0"},
				"south": {"uv": [0, 3.99969, 4.31219, 8.87325], "texture": "#0"},
				"up": {"uv": [14.75, 14.75, 16, 16], "texture": "#0"},
				"down": {"uv": [2.125, 4.375, 3.125, 5.375], "texture": "#0"}
			}
		},
		{
			"from": [3.644, 1.0068, -0.3485],
			"to": [4.3511, 8.0068, 0.35861],
			"rotation": {"angle": -45, "axis": "y", "origin": [3.98682, 4.53214, -0.0095]},
			"faces": {
				"west": {"uv": [0, 3.99969, 4.31219, 8.87325], "texture": "#0"},
				"up": {"uv": [14.75, 14.75, 16, 16], "texture": "#0"},
				"down": {"uv": [5.875, 6.375, 5.9375, 7.25], "texture": "#0"}
			}
		},
		{
			"from": [9.4841, 0.5068, 0.0084],
			"to": [11.9841, 1.0068, 4.0084],
			"rotation": {"angle": 0, "axis": "y", "origin": [0, -2, 0]},
			"faces": {
				"north": {"uv": [7.99931, 0, 12.31144, 4.49906], "texture": "#0"},
				"east": {"uv": [7.99931, 0, 12.31144, 4.49906], "texture": "#0"},
				"south": {"uv": [7.99931, 0, 12.31144, 4.49906], "texture": "#0"},
				"west": {"uv": [7.99931, 0, 12.31144, 4.49906], "texture": "#0"},
				"down": {"uv": [7.99931, 0, 12.31144, 4.49906], "texture": "#0"}
			}
		},
		{
			"from": [1.9841, 8.5068, 6.5084],
			"to": [2.4841, 16.5068, 9.5084],
			"rotation": {"angle": -22.5, "axis": "z", "origin": [3.48414, 8.0068, 8.00837]},
			"faces": {
				"north": {"uv": [0, 0, 4.37419, 4.05944], "rotation": 90, "texture": "#0"},
				"south": {"uv": [0, 0, 4.37419, 4.05944], "rotation": 270, "texture": "#0"},
				"west": {"uv": [0, 0, 4.37419, 4.05944], "rotation": 270, "texture": "#0"}
			}
		},
		{
			"from": [6.144, 1.0068, -0.3485],
			"to": [6.85111, 8.0068, 0.35861],
			"rotation": {"angle": -45, "axis": "y", "origin": [6.48682, 4.53214, -0.0095]},
			"faces": {
				"north": {"uv": [0, 3.99969, 4.31219, 8.87325], "texture": "#0"},
				"up": {"uv": [14.75, 14.75, 16, 16], "texture": "#0"},
				"down": {"uv": [6.25, 6.375, 6.3125, 7.25], "texture": "#0"}
			}
		},
		{
			"from": [3.6377, 0.6651, 12.0084],
			"to": [4.34481, 1.37221, 16.0084],
			"rotation": {"angle": 45, "axis": "z", "origin": [4.00202, 1.00412, 12.53371]},
			"faces": {
				"north": {"uv": [7.99931, 0, 12.31144, 4.49906], "texture": "#0"},
				"south": {"uv": [7.99931, 0, 12.31144, 4.49906], "texture": "#0"},
				"west": {"uv": [7.99931, 0, 12.31144, 4.49906], "texture": "#0"}
			}
		},
		{
			"from": [3.4841, 1.0068, 12.0084],
			"to": [12.4841, 8.0068, 16.0084],
			"rotation": {"angle": 0, "axis": "y", "origin": [0, -2, 0]},
			"faces": {
				"east": {"uv": [0, 3.99969, 4.31219, 8.87325], "texture": "#0"},
				"south": {"uv": [0, 3.99969, 4.31219, 8.87325], "texture": "#0"},
				"west": {"uv": [0, 3.99969, 4.31219, 8.87325], "texture": "#0"},
				"up": {"uv": [14.75, 14.75, 16, 16], "texture": "#0"},
				"down": {"uv": [4.375, 4.375, 5.5, 5.25], "texture": "#0"}
			}
		},
		{
			"from": [11.644, 1.0068, 15.6515],
			"to": [12.3511, 8.0068, 16.3586],
			"rotation": {"angle": -45, "axis": "y", "origin": [11.98682, 4.53214, 15.99049]},
			"faces": {
				"east": {"uv": [0, 3.99969, 4.31219, 8.87325], "texture": "#0"},
				"up": {"uv": [14.75, 14.75, 16, 16], "texture": "#0"},
				"down": {"uv": [6.6875, 1.75, 6.75, 2.625], "texture": "#0"}
			}
		},
		{
			"from": [11.6377, 0.665, 12.0084],
			"to": [12.3448, 1.37211, 16.0084],
			"rotation": {"angle": 45, "axis": "z", "origin": [12.00202, 1.00412, 12.53371]},
			"faces": {
				"north": {"uv": [7.99931, 0, 12.31144, 4.49906], "texture": "#0"},
				"south": {"uv": [7.99931, 0, 12.31144, 4.49906], "texture": "#0"},
				"down": {"uv": [7.99931, 0, 12.31144, 4.49906], "texture": "#0"}
			}
		},
		{
			"from": [9.1377, 0.6651, 0.0084],
			"to": [9.8448, 1.37221, 4.0084],
			"rotation": {"angle": 45, "axis": "z", "origin": [9.50202, 1.00412, 0.53371]},
			"faces": {
				"north": {"uv": [7.99931, 0, 12.31144, 4.49906], "texture": "#0"},
				"south": {"uv": [7.99931, 0, 12.31144, 4.49906], "texture": "#0"},
				"west": {"uv": [7.99931, 0, 12.31144, 4.49906], "texture": "#0"}
			}
		},
		{
			"from": [6.1377, 0.6651, 12.0084],
			"to": [6.84481, 1.37221, 16.0084],
			"rotation": {"angle": 45, "axis": "z", "origin": [6.50202, 1.00412, 12.53371]},
			"faces": {
				"north": {"uv": [7.99931, 0, 12.31144, 4.49906], "texture": "#0"},
				"south": {"uv": [7.99931, 0, 12.31144, 4.49906], "texture": "#0"},
				"down": {"uv": [7.99931, 0, 12.31144, 4.49906], "texture": "#0"}
			}
		},
		{
			"from": [11.6377, 0.665, 0.0084],
			"to": [12.3448, 1.37211, 4.0084],
			"rotation": {"angle": 45, "axis": "z", "origin": [12.00202, 1.00412, 0.53371]},
			"faces": {
				"north": {"uv": [7.99931, 0, 12.31144, 4.49906], "texture": "#0"},
				"south": {"uv": [7.99931, 0, 12.31144, 4.49906], "texture": "#0"},
				"down": {"uv": [7.99931, 0, 12.31144, 4.49906], "texture": "#0"}
			}
		},
		{
			"from": [9.1377, 0.6651, 12.0084],
			"to": [9.8448, 1.37221, 16.0084],
			"rotation": {"angle": 45, "axis": "z", "origin": [9.50202, 1.00412, 12.53371]},
			"faces": {
				"north": {"uv": [7.99931, 0, 12.31144, 4.49906], "texture": "#0"},
				"south": {"uv": [7.99931, 0, 12.31144, 4.49906], "texture": "#0"},
				"west": {"uv": [7.99931, 0, 12.31144, 4.49906], "texture": "#0"}
			}
		},
		{
			"from": [9.144, 1.0068, -0.3485],
			"to": [9.85111, 8.0068, 0.35861],
			"rotation": {"angle": -45, "axis": "y", "origin": [9.48682, 4.53214, -0.0095]},
			"faces": {
				"west": {"uv": [0, 3.99969, 4.31219, 8.87325], "texture": "#0"},
				"up": {"uv": [14.75, 14.75, 16, 16], "texture": "#0"},
				"down": {"uv": [5.9375, 6.375, 6, 7.25], "texture": "#0"}
			}
		},
		{
			"from": [3.9841, 0.6398, 3.6582],
			"to": [6.4841, 1.34691, 4.36531],
			"rotation": {"angle": 45, "axis": "x", "origin": [7.45881, 1.00412, 4.02626]},
			"faces": {
				"east": {"uv": [7.99931, 0, 12.31144, 4.06169], "texture": "#0"},
				"south": {"uv": [7.99931, 0, 12.31144, 4.06169], "texture": "#0"},
				"west": {"uv": [7.99931, 0, 12.31144, 4.06169], "texture": "#0"}
			}
		},
		{
			"from": [3.9841, 0.6397, 15.6582],
			"to": [6.4841, 1.34681, 16.3653],
			"rotation": {"angle": 45, "axis": "x", "origin": [7.45881, 1.00412, 16.02626]},
			"faces": {
				"east": {"uv": [7, 2.0625, 7.3125, 2.125], "texture": "#0"},
				"south": {"uv": [7, 2.0625, 7.3125, 2.125], "texture": "#0"},
				"west": {"uv": [7, 2.0625, 7.3125, 2.125], "texture": "#0"}
			}
		},
		{
			"from": [11.644, 1.0068, -0.3485],
			"to": [12.3511, 8.0068, 0.35861],
			"rotation": {"angle": -45, "axis": "y", "origin": [11.98682, 4.53214, -0.0095]},
			"faces": {
				"north": {"uv": [0, 3.99969, 4.31219, 8.87325], "texture": "#0"},
				"up": {"uv": [14.75, 14.75, 16, 16], "texture": "#0"},
				"down": {"uv": [6.4375, 0.875, 6.5, 1.75], "texture": "#0"}
			}
		},
		{
			"from": [3.9841, 0.6398, -0.3418],
			"to": [6.4841, 1.34691, 0.36531],
			"rotation": {"angle": 45, "axis": "x", "origin": [7.45881, 1.00412, 0.02625]},
			"faces": {
				"east": {"uv": [7.99931, 0, 12.31144, 4.06169], "texture": "#0"},
				"west": {"uv": [7.99931, 0, 12.31144, 4.06169], "texture": "#0"},
				"down": {"uv": [7.99931, 0, 12.31144, 4.06169], "texture": "#0"}
			}
		},
		{
			"from": [9.4841, 0.6397, 11.6582],
			"to": [11.9841, 1.34681, 12.3653],
			"rotation": {"angle": 45, "axis": "x", "origin": [12.95881, 1.00412, 12.02626]},
			"faces": {
				"east": {"uv": [7.99931, 0, 12.31144, 4.49906], "texture": "#0"},
				"west": {"uv": [7.99931, 0, 12.31144, 4.49906], "texture": "#0"},
				"down": {"uv": [7.99931, 0, 12.31144, 4.49906], "texture": "#0"}
			}
		},
		{
			"from": [9.4841, 0.6398, -0.3418],
			"to": [11.9841, 1.34691, 0.36531],
			"rotation": {"angle": 45, "axis": "x", "origin": [12.95881, 1.00412, 0.02625]},
			"faces": {
				"east": {"uv": [7.99931, 0, 12.31144, 4.06169], "texture": "#0"},
				"west": {"uv": [7.99931, 0, 12.31144, 4.06169], "texture": "#0"},
				"down": {"uv": [7.99931, 0, 12.31144, 4.06169], "texture": "#0"}
			}
		},
		{
			"from": [8.4339, 14.3708, 6.5084],
			"to": [9.14101, 15.0779, 9.5084],
			"rotation": {"angle": 22.5, "axis": "z", "origin": [3.48414, 8.0068, 8.00837]},
			"faces": {
				"north": {"uv": [0, 0, 4.37419, 4.05944], "rotation": 90, "texture": "#0"},
				"south": {"uv": [0, 0, 4.37419, 4.05944], "rotation": 270, "texture": "#0"},
				"up": {"uv": [0, 0, 4.37419, 4.05944], "rotation": 270, "texture": "#0"}
			}
		},
		{
			"from": [2.777, 8.714, 12.5084],
			"to": [3.48411, 9.4211, 15.5084],
			"rotation": {"angle": 22.5, "axis": "z", "origin": [3.48414, 8.0068, 8.00837]},
			"faces": {
				"north": {"uv": [0, 0, 4.37419, 4.05944], "rotation": 90, "texture": "#0"},
				"south": {"uv": [0, 0, 4.37419, 4.05944], "rotation": 270, "texture": "#0"},
				"west": {"uv": [0, 0, 4.37419, 4.05944], "rotation": 270, "texture": "#0"}
			}
		},
		{
			"from": [11.644, 1.0068, 3.6515],
			"to": [12.3511, 8.0068, 4.35861],
			"rotation": {"angle": -45, "axis": "y", "origin": [11.98682, 4.53214, 3.9905]},
			"faces": {
				"east": {"uv": [0, 3.99969, 4.31219, 8.87325], "texture": "#0"},
				"up": {"uv": [14.75, 14.75, 16, 16], "texture": "#0"},
				"down": {"uv": [2.4375, 6.75, 2.5, 7.625], "texture": "#0"}
			}
		},
		{
			"from": [3.6377, 0.6651, 0.0084],
			"to": [4.34481, 1.37221, 4.0084],
			"rotation": {"angle": 45, "axis": "z", "origin": [4.00202, 1.00412, 0.53371]},
			"faces": {
				"north": {"uv": [7.99931, 0, 12.31144, 4.49906], "texture": "#0"},
				"south": {"uv": [7.99931, 0, 12.31144, 4.49906], "texture": "#0"},
				"west": {"uv": [7.99931, 0, 12.31144, 4.49906], "texture": "#0"}
			}
		},
		{
			"from": [2.777, 8.714, 0.5084],
			"to": [3.48411, 9.4211, 3.5084],
			"rotation": {"angle": 22.5, "axis": "z", "origin": [3.48414, 8.0068, 8.00837]},
			"faces": {
				"north": {"uv": [0, 0, 4.37419, 4.05944], "rotation": 90, "texture": "#0"},
				"south": {"uv": [0, 0, 4.37419, 4.05944], "rotation": 270, "texture": "#0"},
				"west": {"uv": [0, 0, 4.37419, 4.05944], "rotation": 270, "texture": "#0"}
			}
		},
		{
			"from": [8.4339, 14.3708, 12.5084],
			"to": [9.14101, 15.0779, 15.5084],
			"rotation": {"angle": 22.5, "axis": "z", "origin": [3.48414, 8.0068, 8.00837]},
			"faces": {
				"north": {"uv": [0, 0, 4.37419, 4.05944], "rotation": 90, "texture": "#0"},
				"south": {"uv": [0, 0, 4.37419, 4.05944], "rotation": 270, "texture": "#0"},
				"up": {"uv": [0, 0, 4.37419, 4.05944], "rotation": 270, "texture": "#0"}
			}
		},
		{
			"from": [9.144, 1.0068, 15.6515],
			"to": [9.85111, 8.0068, 16.3586],
			"rotation": {"angle": -45, "axis": "y", "origin": [9.48682, 4.53214, 15.99049]},
			"faces": {
				"south": {"uv": [0, 3.99969, 4.31219, 8.87325], "texture": "#0"},
				"up": {"uv": [14.75, 14.75, 16, 16], "texture": "#0"},
				"down": {"uv": [6.625, 0, 6.6875, 0.875], "texture": "#0"}
			}
		},
		{
			"from": [9.4841, 0.6397, 15.6582],
			"to": [11.9841, 1.34681, 16.3653],
			"rotation": {"angle": 45, "axis": "x", "origin": [12.95881, 1.00412, 16.02626]},
			"faces": {
				"east": {"uv": [6.9375, 4.125, 7.25, 4.1875], "texture": "#0"},
				"south": {"uv": [6.9375, 4.125, 7.25, 4.1875], "texture": "#0"},
				"west": {"uv": [6.9375, 4.125, 7.25, 4.1875], "texture": "#0"}
			}
		},
		{
			"from": [2.777, 8.714, 6.5084],
			"to": [3.48411, 9.4211, 9.5084],
			"rotation": {"angle": 22.5, "axis": "z", "origin": [3.48414, 8.0068, 8.00837]},
			"faces": {
				"north": {"uv": [0, 0, 4.37419, 4.05944], "rotation": 90, "texture": "#0"},
				"south": {"uv": [0, 0, 4.37419, 4.05944], "rotation": 270, "texture": "#0"},
				"west": {"uv": [0, 0, 4.37419, 4.05944], "rotation": 270, "texture": "#0"}
			}
		},
		{
			"from": [8.4339, 14.3708, 0.5084],
			"to": [9.14101, 15.0779, 3.5084],
			"rotation": {"angle": 22.5, "axis": "z", "origin": [3.48414, 8.0068, 8.00837]},
			"faces": {
				"north": {"uv": [0, 0, 4.37419, 4.05944], "rotation": 90, "texture": "#0"},
				"south": {"uv": [0, 0, 4.37419, 4.05944], "rotation": 270, "texture": "#0"},
				"up": {"uv": [0, 0, 4.37419, 4.05944], "rotation": 270, "texture": "#0"}
			}
		},
		{
			"from": [3.644, 1.0068, 15.6515],
			"to": [4.3511, 8.0068, 16.3586],
			"rotation": {"angle": -45, "axis": "y", "origin": [3.98682, 4.53214, 15.99049]},
			"faces": {
				"south": {"uv": [0, 3.99969, 4.31219, 8.87325], "texture": "#0"},
				"up": {"uv": [14.75, 14.75, 16, 16], "texture": "#0"},
				"down": {"uv": [3.25, 4.375, 3.3125, 5.25], "texture": "#0"}
			}
		},
		{
			"from": [6.144, 1.0068, 15.6515],
			"to": [6.85111, 8.0068, 16.3586],
			"rotation": {"angle": -45, "axis": "y", "origin": [6.48682, 4.53214, 15.99049]},
			"faces": {
				"east": {"uv": [0, 3.99969, 4.31219, 8.87325], "texture": "#0"},
				"up": {"uv": [14.75, 14.75, 16, 16], "texture": "#0"},
				"down": {"uv": [6.625, 2.625, 6.6875, 3.5], "texture": "#0"}
			}
		},
		{
			"from": [3.644, 1.0068, 3.6515],
			"to": [4.3511, 8.0068, 4.35861],
			"rotation": {"angle": -45, "axis": "y", "origin": [3.98682, 4.53214, 3.9905]},
			"faces": {
				"south": {"uv": [0, 3.99969, 4.31219, 8.87325], "texture": "#0"},
				"up": {"uv": [14.75, 14.75, 16, 16], "texture": "#0"},
				"down": {"uv": [2.5, 6.75, 2.5625, 7.625], "texture": "#0"}
			}
		},
		{
			"from": [11.644, 1.0068, 11.6515],
			"to": [12.3511, 8.0068, 12.35861],
			"rotation": {"angle": -45, "axis": "y", "origin": [11.98682, 4.53214, 11.9905]},
			"faces": {
				"north": {"uv": [0, 3.99969, 4.31219, 8.87325], "texture": "#0"},
				"up": {"uv": [14.75, 14.75, 16, 16], "texture": "#0"},
				"down": {"uv": [6.6875, 2.625, 6.75, 3.5], "texture": "#0"}
			}
		},
		{
			"from": [6.1377, 0.6651, 0.0084],
			"to": [6.84481, 1.37221, 4.0084],
			"rotation": {"angle": 45, "axis": "z", "origin": [6.50202, 1.00412, 0.53371]},
			"faces": {
				"north": {"uv": [7.99931, 0, 12.31144, 4.49906], "texture": "#0"},
				"south": {"uv": [7.99931, 0, 12.31144, 4.49906], "texture": "#0"},
				"down": {"uv": [7.99931, 0, 12.31144, 4.49906], "texture": "#0"}
			}
		},
		{
			"from": [11.9841, 2.5068, 5.5084],
			"to": [11.9846, 7.5068, 10.5084],
			"rotation": {"angle": 0, "axis": "y", "origin": [0, -2, 0]},
			"faces": {
				"east": {"uv": [0, 0, 15.944, 15.944], "texture": "#1"}
			}
		},
		{
			"from": [3.644, 1.0068, 11.6515],
			"to": [4.3511, 8.0068, 12.35861],
			"rotation": {"angle": -45, "axis": "y", "origin": [3.98682, 4.53214, 11.9905]},
			"faces": {
				"west": {"uv": [0, 3.99969, 4.31219, 8.87325], "texture": "#0"},
				"up": {"uv": [14.75, 14.75, 16, 16], "texture": "#0"},
				"down": {"uv": [2.6875, 6.25, 2.75, 7.125], "texture": "#0"}
			}
		},
		{
			"from": [9.4841, 0.6398, 3.6582],
			"to": [11.9841, 1.34691, 4.36531],
			"rotation": {"angle": 45, "axis": "x", "origin": [12.95881, 1.00412, 4.02626]},
			"faces": {
				"east": {"uv": [7.99931, 0, 12.31144, 4.06169], "texture": "#0"},
				"south": {"uv": [7.99931, 0, 12.31144, 4.06169], "texture": "#0"},
				"west": {"uv": [7.99931, 0, 12.31144, 4.06169], "texture": "#0"}
			}
		},
		{
			"from": [4.5, 7.0312, 1],
			"to": [11.5, 8.0312, 15],
			"rotation": {"angle": 0, "axis": "y", "origin": [0, -2, 0]},
			"faces": {
				"north": {"uv": [0, 0, 0, 0], "texture": "#2"},
				"east": {"uv": [0, 0, 0, 0], "texture": "#2"},
				"south": {"uv": [0, 0, 0, 0], "texture": "#2"},
				"west": {"uv": [0, 0, 0, 0], "texture": "#2"},
				"up": {"uv": [0, 0, 6, 14], "texture": "#2"},
				"down": {"uv": [0, 0, 0, 0], "texture": "#2"}
			}
		},
		{
			"from": [3.9841, 1.0068, -0.4916],
			"to": [6.4841, 8.0068, 16.5084],
			"rotation": {"angle": 0, "axis": "y", "origin": [0, -2, 0]},
			"faces": {
				"north": {"uv": [0, 3.99969, 4.31219, 8.87325], "texture": "#0"},
				"south": {"uv": [0, 3.99969, 4.31219, 8.87325], "texture": "#0"},
				"west": {"uv": [0, 3.99969, 4.31219, 8.87325], "texture": "#0"},
				"up": {"uv": [14.75, 14.75, 16, 16], "texture": "#0"},
				"down": {"uv": [3.1875, 6.125, 3.5, 7], "texture": "#0"}
			}
		},
		{
			"from": [3.9885, 0.6354, 11.6582],
			"to": [6.4885, 1.34251, 12.3653],
			"rotation": {"angle": 45, "axis": "x", "origin": [7.46316, 0.99975, 12.02626]},
			"faces": {
				"east": {"uv": [7.99931, 0, 12.31144, 4.06169], "texture": "#0"},
				"west": {"uv": [7.99931, 0, 12.31144, 4.06169], "texture": "#0"},
				"down": {"uv": [7.99931, 0, 12.31144, 4.06169], "texture": "#0"}
			}
		},
		{
			"from": [0, 0, 0],
			"to": [16, 0.2, 16],
			"faces": {
				"north": {"uv": [0, 0, 16, 0.2], "texture": "#3"},
				"east": {"uv": [0, 0, 16, 0.2], "texture": "#3"},
				"south": {"uv": [0, 0, 16, 0.2], "texture": "#3"},
				"west": {"uv": [0, 0, 16, 0.2], "texture": "#3"},
				"up": {"uv": [0, 0, 16, 16], "texture": "#3"},
				"down": {"uv": [0, 0, 16, 16], "texture": "#3"}
			}
		},
		{
			"from": [2, 0, 2],
			"to": [14, 0.5, 14],
			"faces": {
				"north": {"uv": [0, 0, 12, 0.5], "texture": "#0"},
				"east": {"uv": [0, 0, 12, 0.5], "texture": "#0"},
				"south": {"uv": [0, 0, 12, 0.5], "texture": "#0"},
				"west": {"uv": [0, 0, 12, 0.5], "texture": "#0"},
				"up": {"uv": [0, 0, 12, 12], "texture": "#0"},
				"down": {"uv": [0, 0, 12, 12], "texture": "#0"}
			}
		}
	],
	"display": {
		"thirdperson_righthand": {
			"rotation": [40, 90, 0],
			"translation": [0, 3, 3]
		},
		"thirdperson_lefthand": {
			"rotation": [40, -90, 0],
			"translation": [0, 3, 3]
		},
		"firstperson_righthand": {
			"rotation": [0, -110, 0],
			"translation": [0, 0, -5]
		},
		"firstperson_lefthand": {
			"rotation": [0, 80, 0],
			"translation": [0, 0, -5]
		},
		"ground": {
			"translation": [0, 4, 0],
			"scale": [1.5, 1.5, 1.5]
		},
		"gui": {
			"rotation": [15, -130, 0],
			"scale": [0.8, 0.8, 0.8]
		},
		"head": {
			"rotation": [0, 90, 0],
			"scale": [2, 2, 2]
		},
		"fixed": {
			"rotation": [0, 90, 0],
			"translation": [0, 0, -3]
		}
	},
	"groups": [
		{
			"name": "group",
			"origin": [8, 8, 8],
			"color": 0,
			"children": [
				0,
				1,
				2,
				3,
				4,
				5,
				6,
				7,
				8,
				9,
				10,
				11,
				12,
				13,
				14,
				15,
				16,
				17,
				18,
				19,
				20,
				21,
				22,
				23,
				24,
				25,
				26,
				27,
				28,
				29,
				30,
				31,
				32,
				33,
				34,
				35,
				36,
				37,
				38,
				39,
				40,
				41,
				42,
				43,
				44,
				45,
				46,
				47,
				48,
				49,
				50,
				51,
				52,
				53,
				54,
				55,
				56,
				57,
				58,
				59,
				60,
				61,
				62,
				63
			]
		},
		64,
		65
	]
}