{
	"credit": "Team DDG",
	"texture_size": [128, 128],
	"textures": {
		"2": "block/agg_dragon",
		"particle": "block/agg_dragon"
	},
	"elements": [
		{
			"from": [0, 2, 0],
			"to": [16, 16, 16],
			"faces": {
				"north": {"uv": [2, 0, 4, 1.75], "texture": "#2"},
				"east": {"uv": [2, 1.75, 4, 3.5], "texture": "#2"},
				"south": {"uv": [2, 3.5, 4, 5.25], "texture": "#2"},
				"west": {"uv": [0, 4, 2, 5.75], "texture": "#2"},
				"up": {"uv": [2, 2, 0, 0], "texture": "#2"},
				"down": {"uv": [2, 2, 0, 4], "texture": "#2"}
			}
		},
		{
			"from": [1, 16, 1],
			"to": [15, 17, 15],
			"faces": {
				"north": {"uv": [6.75, 6.25, 8.5, 6.375], "texture": "#2"},
				"east": {"uv": [6.75, 6.375, 8.5, 6.5], "texture": "#2"},
				"south": {"uv": [6.75, 6.5, 8.5, 6.625], "texture": "#2"},
				"west": {"uv": [6.75, 6.625, 8.5, 6.75], "texture": "#2"},
				"up": {"uv": [5.75, 1.75, 4, 0], "texture": "#2"},
				"down": {"uv": [5.75, 1.75, 4, 3.5], "texture": "#2"}
			}
		},
		{
			"from": [1, 1, 1],
			"to": [15, 2, 15],
			"faces": {
				"north": {"uv": [6.75, 6.75, 8.5, 6.875], "texture": "#2"},
				"east": {"uv": [6.75, 6.875, 8.5, 7], "texture": "#2"},
				"south": {"uv": [1.5, 7, 3.25, 7.125], "texture": "#2"},
				"west": {"uv": [7, 1.5, 8.75, 1.625], "texture": "#2"},
				"up": {"uv": [5.75, 5.25, 4, 3.5], "texture": "#2"},
				"down": {"uv": [3.75, 5.25, 2, 7], "texture": "#2"}
			}
		},
		{
			"from": [2, 0, 2],
			"to": [14, 1, 14],
			"faces": {
				"north": {"uv": [7, 1.625, 8.5, 1.75], "texture": "#2"},
				"east": {"uv": [7, 1.75, 8.5, 1.875], "texture": "#2"},
				"south": {"uv": [7, 1.875, 8.5, 2], "texture": "#2"},
				"west": {"uv": [7, 2, 8.5, 2.125], "texture": "#2"},
				"up": {"uv": [5.25, 6.75, 3.75, 5.25], "texture": "#2"},
				"down": {"uv": [6.75, 5.25, 5.25, 6.75], "texture": "#2"}
			}
		},
		{
			"from": [2, 17, 2],
			"to": [14, 19, 14],
			"faces": {
				"north": {"uv": [5.75, 4.75, 7.25, 5], "texture": "#2"},
				"east": {"uv": [5.75, 5, 7.25, 5.25], "texture": "#2"},
				"south": {"uv": [3.75, 6.75, 5.25, 7], "texture": "#2"},
				"west": {"uv": [5.25, 6.75, 6.75, 7], "texture": "#2"},
				"up": {"uv": [1.5, 7.25, 0, 5.75], "texture": "#2"},
				"down": {"uv": [7.25, 0, 5.75, 1.5], "texture": "#2"}
			}
		},
		{
			"from": [3, 19, 3],
			"to": [13, 21, 13],
			"faces": {
				"north": {"uv": [6.75, 5.25, 8, 5.5], "texture": "#2"},
				"east": {"uv": [6.75, 5.5, 8, 5.75], "texture": "#2"},
				"south": {"uv": [6.75, 5.75, 8, 6], "texture": "#2"},
				"west": {"uv": [6.75, 6, 8, 6.25], "texture": "#2"},
				"up": {"uv": [7, 2.75, 5.75, 1.5], "texture": "#2"},
				"down": {"uv": [7, 2.75, 5.75, 4], "texture": "#2"}
			}
		},
		{
			"from": [5, 21, 5],
			"to": [11, 23, 11],
			"faces": {
				"north": {"uv": [7, 2.125, 7.75, 2.375], "texture": "#2"},
				"east": {"uv": [7, 2.375, 7.75, 2.625], "texture": "#2"},
				"south": {"uv": [7, 2.625, 7.75, 2.875], "texture": "#2"},
				"west": {"uv": [7, 2.875, 7.75, 3.125], "texture": "#2"},
				"up": {"uv": [6.5, 4.75, 5.75, 4], "texture": "#2"},
				"down": {"uv": [7.25, 4, 6.5, 4.75], "texture": "#2"}
			}
		},
		{
			"from": [6, 23, 6],
			"to": [10, 24, 10],
			"faces": {
				"north": {"uv": [1.5, 6.75, 2, 6.875], "texture": "#2"},
				"east": {"uv": [1.5, 6.875, 2, 7], "texture": "#2"},
				"south": {"uv": [7, 3.125, 7.5, 3.25], "texture": "#2"},
				"west": {"uv": [3.25, 7, 3.75, 7.125], "texture": "#2"},
				"up": {"uv": [2, 6.25, 1.5, 5.75], "texture": "#2"},
				"down": {"uv": [2, 6.25, 1.5, 6.75], "texture": "#2"}
			}
		}
	],
	"display": {
		"thirdperson_righthand": {
			"rotation": [75, 45, 0],
			"translation": [0.25, 1.25, 0],
			"scale": [0.19, 0.19, 0.19]
		},
		"thirdperson_lefthand": {
			"rotation": [75, 45, 0],
			"translation": [0.25, 1.25, 0],
			"scale": [0.19, 0.19, 0.19]
		},
		"firstperson_righthand": {
			"rotation": [0, 45, 0],
			"scale": [0.4, 0.4, 0.4]
		},
		"firstperson_lefthand": {
			"rotation": [0, 225, 0],
			"scale": [0.4, 0.4, 0.4]
		},
		"ground": {
			"translation": [0, 3, 0],
			"scale": [0.25, 0.25, 0.25]
		},
		"gui": {
			"rotation": [30, 225, 0],
			"translation": [0, -0.75, 0],
			"scale": [0.46, 0.46, 0.46]
		},
		"head": {
			"translation": [0, -18.5, 1.5],
			"scale": [2, 2, 2]
		},
		"fixed": {
			"translation": [0, -1.75, 0],
			"scale": [0.5, 0.5, 0.5]
		}
	}
}