{
	"credit": "Made with Blockbench",
	"textures": {
		"4": "block/coal_block",
		"trashcan_base": "block/brewing_stand_base",
		"particle": "block/cobblestone",
		"trashcan_top": "block/cobblestone",
		"texture_black": "custom/overige/weapon_a",
		"trashcan_base_with_icon": "block/furnace_side"
	},
	"elements": [
		{
			"name": "Box1",
			"from": [0, 0.125, 0],
			"to": [16, 16, 16],
			"faces": {
				"north": {"uv": [0, 1, 16, 16], "texture": "#trashcan_base_with_icon"},
				"east": {"uv": [0, 1, 16, 16], "texture": "#trashcan_base_with_icon"},
				"south": {"uv": [0, 1, 16, 16], "texture": "#trashcan_base_with_icon"},
				"west": {"uv": [0, 1, 16, 16], "texture": "#trashcan_base_with_icon"},
				"up": {"uv": [0, 0, 16, 16], "texture": "#trashcan_top"},
				"down": {"uv": [0, 0, 16, 16], "texture": "#trashcan_top"}
			}
		},
		{
			"name": "Box2",
			"from": [1.5, 15.875, 1.5],
			"to": [3.5, 21.875, 3.5],
			"faces": {
				"north": {"uv": [14, 0, 16, 6], "texture": "#trashcan_base"},
				"east": {"uv": [9, 0, 11, 1], "texture": "#trashcan_base"},
				"south": {"uv": [3.5, 2, 5.5, 3], "texture": "#trashcan_base"},
				"west": {"uv": [0, 0, 2, 6], "texture": "#trashcan_base"},
				"up": {"uv": [0, 0, 16, 16], "texture": "#trashcan_top"},
				"down": {"uv": [0, 0, 16, 16], "texture": "#trashcan_top"}
			}
		},
		{
			"name": "Box2",
			"from": [12.5, 15.875, 1.5],
			"to": [14.5, 21.875, 3.5],
			"faces": {
				"north": {"uv": [0, 0, 2, 6], "texture": "#trashcan_base"},
				"east": {"uv": [14, 0, 16, 6], "texture": "#trashcan_base"},
				"south": {"uv": [9, 0, 11, 1], "texture": "#trashcan_base"},
				"west": {"uv": [3.5, 2, 5.5, 3], "texture": "#trashcan_base"},
				"up": {"uv": [2, 1.5, 4, 3.5], "rotation": 90, "texture": "#trashcan_base"},
				"down": {"uv": [2.5, 13, 4.5, 15], "rotation": 270, "texture": "#trashcan_base"}
			}
		},
		{
			"name": "Box2",
			"from": [1.5, 15.875, 12.5],
			"to": [3.5, 21.875, 14.5],
			"faces": {
				"north": {"uv": [9, 0, 11, 1], "texture": "#trashcan_base"},
				"east": {"uv": [3.5, 2, 5.5, 3], "texture": "#trashcan_base"},
				"south": {"uv": [0, 0, 2, 6], "texture": "#trashcan_base"},
				"west": {"uv": [14, 0, 16, 6], "texture": "#trashcan_base"},
				"up": {"uv": [2, 1.5, 4, 3.5], "rotation": 270, "texture": "#trashcan_base"},
				"down": {"uv": [2.5, 13, 4.5, 15], "rotation": 90, "texture": "#trashcan_base"}
			}
		},
		{
			"name": "Box2",
			"from": [12.5, 15.875, 12.5],
			"to": [14.5, 21.875, 14.5],
			"faces": {
				"north": {"uv": [3.5, 2, 5.5, 3], "texture": "#trashcan_base"},
				"east": {"uv": [0, 0, 2, 6], "texture": "#trashcan_base"},
				"south": {"uv": [14, 0, 16, 6], "texture": "#trashcan_base"},
				"west": {"uv": [9, 0, 11, 1], "texture": "#trashcan_base"},
				"up": {"uv": [2, 1.5, 4, 3.5], "rotation": 180, "texture": "#trashcan_base"},
				"down": {"uv": [2.5, 13, 4.5, 15], "rotation": 180, "texture": "#trashcan_base"}
			}
		},
		{
			"name": "Box11",
			"from": [1.5, 21.875, 1.5],
			"to": [14.5, 22.875, 14.5],
			"faces": {
				"north": {"uv": [0, 1.5, 16, 3], "texture": "#trashcan_top"},
				"east": {"uv": [0, 1.5, 16, 3], "texture": "#trashcan_top"},
				"south": {"uv": [0, 1.5, 16, 3], "texture": "#trashcan_top"},
				"west": {"uv": [0, 1.5, 16, 3], "texture": "#trashcan_top"},
				"up": {"uv": [0, 0, 16, 16], "texture": "#trashcan_top"},
				"down": {"uv": [0, 0, 16, 16], "texture": "#trashcan_top"}
			}
		},
		{
			"name": "PlaneY13",
			"from": [3, 16, 3],
			"to": [13, 16.001, 13],
			"faces": {
				"up": {"uv": [3, 3, 13, 13], "texture": "#4"},
				"down": {"uv": [3, 3, 13, 13], "texture": "#texture_black"}
			}
		},
		{
			"name": "Box8",
			"from": [0, 0, 0],
			"to": [16, 0.125, 16],
			"faces": {
				"north": {"uv": [0, 15.875, 16, 16], "texture": "#trashcan_top"},
				"east": {"uv": [0, 15.875, 16, 16], "texture": "#trashcan_top"},
				"south": {"uv": [0, 15.875, 16, 16], "texture": "#trashcan_top"},
				"west": {"uv": [0, 15.875, 16, 16], "texture": "#trashcan_top"},
				"up": {"uv": [0, 0, 16, 16], "texture": "#trashcan_top"},
				"down": {"uv": [0, 0, 16, 16], "texture": "#trashcan_top"}
			}
		}
	],
	"display": {
		"thirdperson_righthand": {
			"rotation": [75, 45, 0],
			"translation": [0, 2.5, 0],
			"scale": [0.375, 0.375, 0.375]
		},
		"thirdperson_lefthand": {
			"rotation": [75, 45, 0],
			"translation": [0, 2.5, 0],
			"scale": [0.375, 0.375, 0.375]
		},
		"firstperson_righthand": {
			"rotation": [0, 45, 0],
			"scale": [0.4, 0.4, 0.4]
		},
		"firstperson_lefthand": {
			"rotation": [0, 45, 0],
			"scale": [0.4, 0.4, 0.4]
		},
		"ground": {
			"translation": [0, 3, 0],
			"scale": [0.25, 0.25, 0.25]
		},
		"gui": {
			"rotation": [30, 225, 0],
			"scale": [0.625, 0.625, 0.625]
		},
		"fixed": {
			"scale": [0.5, 0.5, 0.5]
		}
	}
}