{
	"credit": "Made with Blockbench",
	"textures": {
		"0": "block/observer_side",
		"1": "block/kluislicht",
		"2": "block/planks_spruce",
		"particle": "block/observer_side"
	},
	"elements": [
		{
			"from": [1, 0, 4],
			"to": [15, 5.3, 12],
			"rotation": {"angle": 0, "axis": "y", "origin": [12, 0, 4]},
			"faces": {
				"north": {"uv": [0.5, 4.5, 14.5, 12.5], "texture": "#0"},
				"east": {"uv": [0.5, 4.5, 14.5, 12.5], "texture": "#0"},
				"south": {"uv": [0.5, 4.5, 14.5, 12.5], "texture": "#0"},
				"west": {"uv": [0.5, 4.5, 14.5, 12.5], "texture": "#0"},
				"up": {"uv": [0.5, 4.5, 14.5, 12.5], "texture": "#0"},
				"down": {"uv": [0.5, 4.5, 14.5, 12.5], "texture": "#0"}
			}
		},
		{
			"from": [0.75, 5, 3.75],
			"to": [15.25, 6.5, 12.5],
			"rotation": {"angle": 0, "axis": "y", "origin": [0, 5, 4]},
			"faces": {
				"north": {"uv": [0, 0, 16, 2], "texture": "#1"},
				"east": {"uv": [0, 0, 16, 2], "texture": "#1"},
				"south": {"uv": [0, 0, 16, 2], "texture": "#1"},
				"west": {"uv": [0, 0, 16, 2], "texture": "#1"},
				"up": {"uv": [0, 0, 16, 16], "texture": "#1"},
				"down": {"uv": [0, 0, 14.5, 8.75], "texture": "#1"}
			}
		},
		{
			"from": [7.25, 2.5, 10.25],
			"to": [9.25, 4.5, 12.15],
			"rotation": {"angle": 0, "axis": "y", "origin": [7.25, 2.5, 10.25]},
			"faces": {
				"north": {"uv": [0, 0, 2, 2], "texture": "#1"},
				"east": {"uv": [0, 0, 1.9, 2], "texture": "#1"},
				"south": {"uv": [5.5, 6.5, 7.5, 8.5], "texture": "#1"},
				"west": {"uv": [0, 0, 1.9, 2], "texture": "#1"},
				"up": {"uv": [0, 0, 2, 1.9], "texture": "#1"},
				"down": {"uv": [0, 0, 2, 1.9], "texture": "#1"}
			}
		},
		{
			"from": [0, 0, 0],
			"to": [16, 0, 16],
			"faces": {
				"north": {"uv": [0, 0, 16, 0], "texture": "#2"},
				"east": {"uv": [0, 0, 16, 0], "texture": "#2"},
				"south": {"uv": [0, 0, 16, 0], "texture": "#2"},
				"west": {"uv": [0, 0, 16, 0], "texture": "#2"},
				"up": {"uv": [0, 0, 16, 16], "texture": "#2"},
				"down": {"uv": [0, 0, 16, 16], "texture": "#2"}
			}
		}
	]
}