{
	"credit": "Made with Blockbench",
	"textures": {
		"0": "block/aa33",
		"1": "block/wool_colored_black",
		"2": "block/stone_slab_top",
		"3": "block/itemframe_background",
		"particle": "block/aa33"
	},
	"elements": [
		{
			"from": [0, 0, 0],
			"to": [16, 0.15, 16],
			"faces": {
				"north": {"uv": [0, 0, 16, 0.15], "texture": "#3"},
				"east": {"uv": [0, 0, 16, 0.15], "texture": "#3"},
				"south": {"uv": [0, 0, 16, 0.15], "texture": "#3"},
				"west": {"uv": [0, 0, 16, 0.15], "texture": "#3"},
				"up": {"uv": [0, 0, 16, 16], "texture": "#3"},
				"down": {"uv": [0, 0, 16, 16], "texture": "#3"}
			}
		},
		{
			"from": [2, 0, 2],
			"to": [14, 0.5, 12],
			"rotation": {"angle": 0, "axis": "y", "origin": [12, 0, 2]},
			"faces": {
				"north": {"uv": [0, 0, 12, 0.5], "texture": "#2"},
				"east": {"uv": [0, 0, 10, 0.5], "texture": "#2"},
				"south": {"uv": [0, 0, 12, 0.5], "texture": "#2"},
				"west": {"uv": [0, 0, 10, 0.5], "texture": "#2"},
				"up": {"uv": [0, 0, 16, 16], "texture": "#2"},
				"down": {"uv": [0, 0, 12, 10], "texture": "#2"}
			}
		},
		{
			"from": [3, 1.075, 12],
			"to": [13, 9, 12.3],
			"rotation": {"angle": 22.5, "axis": "x", "origin": [2, 0, 12]},
			"faces": {
				"north": {"uv": [0, 0, 16, 16], "texture": "#0"},
				"east": {"uv": [0, 0, 0.3, 10], "texture": "#2"},
				"south": {"uv": [0, 0, 12, 10], "texture": "#2"},
				"west": {"uv": [0, 0, 0.3, 10], "texture": "#2"},
				"up": {"uv": [0, 0, 12, 0.3], "texture": "#2"},
				"down": {"uv": [0, 0, 12, 0.3], "texture": "#2"}
			}
		},
		{
			"from": [6, 0.5, 3],
			"to": [10, 0.75, 5],
			"rotation": {"angle": 0, "axis": "y", "origin": [8, 0.5, 3]},
			"faces": {
				"north": {"uv": [0, 0, 4, 0.25], "texture": "#1"},
				"east": {"uv": [0, 0, 2, 0.25], "texture": "#1"},
				"south": {"uv": [0, 0, 4, 0.25], "texture": "#1"},
				"west": {"uv": [0, 0, 2, 0.25], "texture": "#1"},
				"up": {"uv": [0, 0, 4, 2], "texture": "#1"},
				"down": {"uv": [0, 0, 4, 2], "texture": "#1"}
			}
		},
		{
			"from": [9.5, 0.5, 9.5],
			"to": [10.5, 0.6, 10.5],
			"rotation": {"angle": 0, "axis": "y", "origin": [8.5, 0.5, 8.5]},
			"faces": {
				"north": {"uv": [0, 0, 1, 0.1], "texture": "#1"},
				"east": {"uv": [0, 0, 1, 0.1], "texture": "#1"},
				"south": {"uv": [0, 0, 1, 0.1], "texture": "#1"},
				"west": {"uv": [0, 0, 1, 0.1], "texture": "#1"},
				"up": {"uv": [0, 0, 1, 1], "texture": "#1"},
				"down": {"uv": [0, 0, 1, 1], "texture": "#1"}
			}
		},
		{
			"from": [12, 0.5, 9.5],
			"to": [13, 0.6, 10.5],
			"rotation": {"angle": 0, "axis": "y", "origin": [11, 0.5, 8.5]},
			"faces": {
				"north": {"uv": [0, 0, 1, 0.1], "texture": "#1"},
				"east": {"uv": [0, 0, 1, 0.1], "texture": "#1"},
				"south": {"uv": [0, 0, 1, 0.1], "texture": "#1"},
				"west": {"uv": [0, 0, 1, 0.1], "texture": "#1"},
				"up": {"uv": [0, 0, 1, 1], "texture": "#1"},
				"down": {"uv": [0, 0, 1, 1], "texture": "#1"}
			}
		},
		{
			"from": [12, 0.5, 9.5],
			"to": [13, 0.6, 10.5],
			"rotation": {"angle": 0, "axis": "y", "origin": [11, 0.5, 8.5]},
			"faces": {
				"north": {"uv": [0, 0, 1, 0.1], "texture": "#1"},
				"east": {"uv": [0, 0, 1, 0.1], "texture": "#1"},
				"south": {"uv": [0, 0, 1, 0.1], "texture": "#1"},
				"west": {"uv": [0, 0, 1, 0.1], "texture": "#1"},
				"up": {"uv": [0, 0, 1, 1], "texture": "#1"},
				"down": {"uv": [0, 0, 1, 1], "texture": "#1"}
			}
		},
		{
			"from": [12, 0.5, 9.5],
			"to": [13, 0.6, 10.5],
			"rotation": {"angle": 0, "axis": "y", "origin": [11, 0.5, 8.5]},
			"color": 5,
			"faces": {
				"north": {"uv": [0, 0, 1, 0.1], "texture": "#missing"},
				"east": {"uv": [0, 0, 1, 0.1], "texture": "#missing"},
				"south": {"uv": [0, 0, 1, 0.1], "texture": "#missing"},
				"west": {"uv": [0, 0, 1, 0.1], "texture": "#missing"},
				"up": {"uv": [0, 0, 1, 1], "texture": "#missing"},
				"down": {"uv": [0, 0, 1, 1], "texture": "#missing"}
			}
		},
		{
			"from": [10.75, 0.5, 9.5],
			"to": [11.75, 0.6, 10.5],
			"rotation": {"angle": 0, "axis": "y", "origin": [9.75, 0.5, 8.5]},
			"faces": {
				"north": {"uv": [0, 0, 1, 0.1], "texture": "#1"},
				"east": {"uv": [0, 0, 1, 0.1], "texture": "#1"},
				"south": {"uv": [0, 0, 1, 0.1], "texture": "#1"},
				"west": {"uv": [0, 0, 1, 0.1], "texture": "#1"},
				"up": {"uv": [0, 0, 1, 1], "texture": "#1"},
				"down": {"uv": [0, 0, 1, 1], "texture": "#1"}
			}
		},
		{
			"from": [8.25, 0.5, 9.5],
			"to": [9.25, 0.6, 10.5],
			"rotation": {"angle": 0, "axis": "y", "origin": [7.25, 0.5, 8.5]},
			"faces": {
				"north": {"uv": [0, 0, 1, 0.1], "texture": "#1"},
				"east": {"uv": [0, 0, 1, 0.1], "texture": "#1"},
				"south": {"uv": [0, 0, 1, 0.1], "texture": "#1"},
				"west": {"uv": [0, 0, 1, 0.1], "texture": "#1"},
				"up": {"uv": [0, 0, 1, 1], "texture": "#1"},
				"down": {"uv": [0, 0, 1, 1], "texture": "#1"}
			}
		},
		{
			"from": [7, 0.5, 9.5],
			"to": [8, 0.6, 10.5],
			"rotation": {"angle": 0, "axis": "y", "origin": [6, 0.5, 8.5]},
			"faces": {
				"north": {"uv": [0, 0, 1, 0.1], "texture": "#1"},
				"east": {"uv": [0, 0, 1, 0.1], "texture": "#1"},
				"south": {"uv": [0, 0, 1, 0.1], "texture": "#1"},
				"west": {"uv": [0, 0, 1, 0.1], "texture": "#1"},
				"up": {"uv": [0, 0, 1, 1], "texture": "#1"},
				"down": {"uv": [0, 0, 1, 1], "texture": "#1"}
			}
		},
		{
			"from": [4.5, 0.5, 9.5],
			"to": [5.5, 0.6, 10.5],
			"rotation": {"angle": 0, "axis": "y", "origin": [3.5, 0.5, 8.5]},
			"faces": {
				"north": {"uv": [0, 0, 1, 0.1], "texture": "#1"},
				"east": {"uv": [0, 0, 1, 0.1], "texture": "#1"},
				"south": {"uv": [0, 0, 1, 0.1], "texture": "#1"},
				"west": {"uv": [0, 0, 1, 0.1], "texture": "#1"},
				"up": {"uv": [0, 0, 1, 1], "texture": "#1"},
				"down": {"uv": [0, 0, 1, 1], "texture": "#1"}
			}
		},
		{
			"from": [3.25, 0.5, 9.5],
			"to": [4.25, 0.6, 10.5],
			"rotation": {"angle": 0, "axis": "y", "origin": [2.25, 0.5, 8.5]},
			"faces": {
				"north": {"uv": [0, 0, 1, 0.1], "texture": "#1"},
				"east": {"uv": [0, 0, 1, 0.1], "texture": "#1"},
				"south": {"uv": [0, 0, 1, 0.1], "texture": "#1"},
				"west": {"uv": [0, 0, 1, 0.1], "texture": "#1"},
				"up": {"uv": [0, 0, 1, 1], "texture": "#1"},
				"down": {"uv": [0, 0, 1, 1], "texture": "#1"}
			}
		},
		{
			"from": [5.75, 0.5, 9.5],
			"to": [6.75, 0.6, 10.5],
			"rotation": {"angle": 0, "axis": "y", "origin": [4.75, 0.5, 8.5]},
			"faces": {
				"north": {"uv": [0, 0, 1, 0.1], "texture": "#1"},
				"east": {"uv": [0, 0, 1, 0.1], "texture": "#1"},
				"south": {"uv": [0, 0, 1, 0.1], "texture": "#1"},
				"west": {"uv": [0, 0, 1, 0.1], "texture": "#1"},
				"up": {"uv": [0, 0, 1, 1], "texture": "#1"},
				"down": {"uv": [0, 0, 1, 1], "texture": "#1"}
			}
		},
		{
			"from": [9.3, 0.5, 8.35],
			"to": [10.3, 0.6, 9.35],
			"rotation": {"angle": 0, "axis": "y", "origin": [8.3, 0.5, 7.35]},
			"faces": {
				"north": {"uv": [0, 0, 1, 0.1], "texture": "#1"},
				"east": {"uv": [0, 0, 1, 0.1], "texture": "#1"},
				"south": {"uv": [0, 0, 1, 0.1], "texture": "#1"},
				"west": {"uv": [0, 0, 1, 0.1], "texture": "#1"},
				"up": {"uv": [0, 0, 1, 1], "texture": "#1"},
				"down": {"uv": [0, 0, 1, 1], "texture": "#1"}
			}
		},
		{
			"from": [11.8, 0.5, 8.35],
			"to": [12.8, 0.6, 9.35],
			"rotation": {"angle": 0, "axis": "y", "origin": [10.8, 0.5, 7.35]},
			"faces": {
				"north": {"uv": [0, 0, 1, 0.1], "texture": "#1"},
				"east": {"uv": [0, 0, 1, 0.1], "texture": "#1"},
				"south": {"uv": [0, 0, 1, 0.1], "texture": "#1"},
				"west": {"uv": [0, 0, 1, 0.1], "texture": "#1"},
				"up": {"uv": [0, 0, 1, 1], "texture": "#1"},
				"down": {"uv": [0, 0, 1, 1], "texture": "#1"}
			}
		},
		{
			"from": [11.8, 0.5, 8.35],
			"to": [12.8, 0.6, 9.35],
			"rotation": {"angle": 0, "axis": "y", "origin": [10.8, 0.5, 7.35]},
			"faces": {
				"north": {"uv": [0, 0, 1, 0.1], "texture": "#1"},
				"east": {"uv": [0, 0, 1, 0.1], "texture": "#1"},
				"south": {"uv": [0, 0, 1, 0.1], "texture": "#1"},
				"west": {"uv": [0, 0, 1, 0.1], "texture": "#1"},
				"up": {"uv": [0, 0, 1, 1], "texture": "#1"},
				"down": {"uv": [0, 0, 1, 1], "texture": "#1"}
			}
		},
		{
			"from": [11.8, 0.5, 8.35],
			"to": [12.8, 0.6, 9.35],
			"rotation": {"angle": 0, "axis": "y", "origin": [10.8, 0.5, 7.35]},
			"color": 5,
			"faces": {
				"north": {"uv": [0, 0, 1, 0.1], "texture": "#missing"},
				"east": {"uv": [0, 0, 1, 0.1], "texture": "#missing"},
				"south": {"uv": [0, 0, 1, 0.1], "texture": "#missing"},
				"west": {"uv": [0, 0, 1, 0.1], "texture": "#missing"},
				"up": {"uv": [0, 0, 1, 1], "texture": "#missing"},
				"down": {"uv": [0, 0, 1, 1], "texture": "#missing"}
			}
		},
		{
			"from": [10.55, 0.5, 8.35],
			"to": [11.55, 0.6, 9.35],
			"rotation": {"angle": 0, "axis": "y", "origin": [9.55, 0.5, 7.35]},
			"faces": {
				"north": {"uv": [0, 0, 1, 0.1], "texture": "#1"},
				"east": {"uv": [0, 0, 1, 0.1], "texture": "#1"},
				"south": {"uv": [0, 0, 1, 0.1], "texture": "#1"},
				"west": {"uv": [0, 0, 1, 0.1], "texture": "#1"},
				"up": {"uv": [0, 0, 1, 1], "texture": "#1"},
				"down": {"uv": [0, 0, 1, 1], "texture": "#1"}
			}
		},
		{
			"from": [8.05, 0.5, 8.35],
			"to": [9.05, 0.6, 9.35],
			"rotation": {"angle": 0, "axis": "y", "origin": [7.05, 0.5, 7.35]},
			"faces": {
				"north": {"uv": [0, 0, 1, 0.1], "texture": "#1"},
				"east": {"uv": [0, 0, 1, 0.1], "texture": "#1"},
				"south": {"uv": [0, 0, 1, 0.1], "texture": "#1"},
				"west": {"uv": [0, 0, 1, 0.1], "texture": "#1"},
				"up": {"uv": [0, 0, 1, 1], "texture": "#1"},
				"down": {"uv": [0, 0, 1, 1], "texture": "#1"}
			}
		},
		{
			"from": [6.8, 0.5, 8.35],
			"to": [7.8, 0.6, 9.35],
			"rotation": {"angle": 0, "axis": "y", "origin": [5.8, 0.5, 7.35]},
			"faces": {
				"north": {"uv": [0, 0, 1, 0.1], "texture": "#1"},
				"east": {"uv": [0, 0, 1, 0.1], "texture": "#1"},
				"south": {"uv": [0, 0, 1, 0.1], "texture": "#1"},
				"west": {"uv": [0, 0, 1, 0.1], "texture": "#1"},
				"up": {"uv": [0, 0, 1, 1], "texture": "#1"},
				"down": {"uv": [0, 0, 1, 1], "texture": "#1"}
			}
		},
		{
			"from": [4.3, 0.5, 8.35],
			"to": [5.3, 0.6, 9.35],
			"rotation": {"angle": 0, "axis": "y", "origin": [3.3, 0.5, 7.35]},
			"faces": {
				"north": {"uv": [0, 0, 1, 0.1], "texture": "#1"},
				"east": {"uv": [0, 0, 1, 0.1], "texture": "#1"},
				"south": {"uv": [0, 0, 1, 0.1], "texture": "#1"},
				"west": {"uv": [0, 0, 1, 0.1], "texture": "#1"},
				"up": {"uv": [0, 0, 1, 1], "texture": "#1"},
				"down": {"uv": [0, 0, 1, 1], "texture": "#1"}
			}
		},
		{
			"from": [3.05, 0.5, 8.35],
			"to": [4.05, 0.6, 9.35],
			"rotation": {"angle": 0, "axis": "y", "origin": [2.05, 0.5, 7.35]},
			"faces": {
				"north": {"uv": [0, 0, 1, 0.1], "texture": "#1"},
				"east": {"uv": [0, 0, 1, 0.1], "texture": "#1"},
				"south": {"uv": [0, 0, 1, 0.1], "texture": "#1"},
				"west": {"uv": [0, 0, 1, 0.1], "texture": "#1"},
				"up": {"uv": [0, 0, 1, 1], "texture": "#1"},
				"down": {"uv": [0, 0, 1, 1], "texture": "#1"}
			}
		},
		{
			"from": [5.55, 0.5, 8.35],
			"to": [6.55, 0.6, 9.35],
			"rotation": {"angle": 0, "axis": "y", "origin": [4.55, 0.5, 7.35]},
			"faces": {
				"north": {"uv": [0, 0, 1, 0.1], "texture": "#1"},
				"east": {"uv": [0, 0, 1, 0.1], "texture": "#1"},
				"south": {"uv": [0, 0, 1, 0.1], "texture": "#1"},
				"west": {"uv": [0, 0, 1, 0.1], "texture": "#1"},
				"up": {"uv": [0, 0, 1, 1], "texture": "#1"},
				"down": {"uv": [0, 0, 1, 1], "texture": "#1"}
			}
		},
		{
			"from": [9.5, 0.5, 7.2],
			"to": [10.5, 0.6, 8.2],
			"rotation": {"angle": 0, "axis": "y", "origin": [8.5, 0.5, 6.2]},
			"faces": {
				"north": {"uv": [0, 0, 1, 0.1], "texture": "#1"},
				"east": {"uv": [0, 0, 1, 0.1], "texture": "#1"},
				"south": {"uv": [0, 0, 1, 0.1], "texture": "#1"},
				"west": {"uv": [0, 0, 1, 0.1], "texture": "#1"},
				"up": {"uv": [0, 0, 1, 1], "texture": "#1"},
				"down": {"uv": [0, 0, 1, 1], "texture": "#1"}
			}
		},
		{
			"from": [12, 0.5, 7.2],
			"to": [13, 0.6, 8.2],
			"rotation": {"angle": 0, "axis": "y", "origin": [11, 0.5, 6.2]},
			"faces": {
				"north": {"uv": [0, 0, 1, 0.1], "texture": "#1"},
				"east": {"uv": [0, 0, 1, 0.1], "texture": "#1"},
				"south": {"uv": [0, 0, 1, 0.1], "texture": "#1"},
				"west": {"uv": [0, 0, 1, 0.1], "texture": "#1"},
				"up": {"uv": [0, 0, 1, 1], "texture": "#1"},
				"down": {"uv": [0, 0, 1, 1], "texture": "#1"}
			}
		},
		{
			"from": [12, 0.5, 7.2],
			"to": [13, 0.6, 8.2],
			"rotation": {"angle": 0, "axis": "y", "origin": [11, 0.5, 6.2]},
			"faces": {
				"north": {"uv": [0, 0, 1, 0.1], "texture": "#1"},
				"east": {"uv": [0, 0, 1, 0.1], "texture": "#1"},
				"south": {"uv": [0, 0, 1, 0.1], "texture": "#1"},
				"west": {"uv": [0, 0, 1, 0.1], "texture": "#1"},
				"up": {"uv": [0, 0, 1, 1], "texture": "#1"},
				"down": {"uv": [0, 0, 1, 1], "texture": "#1"}
			}
		},
		{
			"from": [12, 0.5, 7.2],
			"to": [13, 0.6, 8.2],
			"rotation": {"angle": 0, "axis": "y", "origin": [11, 0.5, 6.2]},
			"color": 5,
			"faces": {
				"north": {"uv": [0, 0, 1, 0.1], "texture": "#missing"},
				"east": {"uv": [0, 0, 1, 0.1], "texture": "#missing"},
				"south": {"uv": [0, 0, 1, 0.1], "texture": "#missing"},
				"west": {"uv": [0, 0, 1, 0.1], "texture": "#missing"},
				"up": {"uv": [0, 0, 1, 1], "texture": "#missing"},
				"down": {"uv": [0, 0, 1, 1], "texture": "#missing"}
			}
		},
		{
			"from": [10.75, 0.5, 7.2],
			"to": [11.75, 0.6, 8.2],
			"rotation": {"angle": 0, "axis": "y", "origin": [9.75, 0.5, 6.2]},
			"faces": {
				"north": {"uv": [0, 0, 1, 0.1], "texture": "#1"},
				"east": {"uv": [0, 0, 1, 0.1], "texture": "#1"},
				"south": {"uv": [0, 0, 1, 0.1], "texture": "#1"},
				"west": {"uv": [0, 0, 1, 0.1], "texture": "#1"},
				"up": {"uv": [0, 0, 1, 1], "texture": "#1"},
				"down": {"uv": [0, 0, 1, 1], "texture": "#1"}
			}
		},
		{
			"from": [8.25, 0.5, 7.2],
			"to": [9.25, 0.6, 8.2],
			"rotation": {"angle": 0, "axis": "y", "origin": [7.25, 0.5, 6.2]},
			"faces": {
				"north": {"uv": [0, 0, 1, 0.1], "texture": "#1"},
				"east": {"uv": [0, 0, 1, 0.1], "texture": "#1"},
				"south": {"uv": [0, 0, 1, 0.1], "texture": "#1"},
				"west": {"uv": [0, 0, 1, 0.1], "texture": "#1"},
				"up": {"uv": [0, 0, 1, 1], "texture": "#1"},
				"down": {"uv": [0, 0, 1, 1], "texture": "#1"}
			}
		},
		{
			"from": [7, 0.5, 7.2],
			"to": [8, 0.6, 8.2],
			"rotation": {"angle": 0, "axis": "y", "origin": [6, 0.5, 6.2]},
			"faces": {
				"north": {"uv": [0, 0, 1, 0.1], "texture": "#1"},
				"east": {"uv": [0, 0, 1, 0.1], "texture": "#1"},
				"south": {"uv": [0, 0, 1, 0.1], "texture": "#1"},
				"west": {"uv": [0, 0, 1, 0.1], "texture": "#1"},
				"up": {"uv": [0, 0, 1, 1], "texture": "#1"},
				"down": {"uv": [0, 0, 1, 1], "texture": "#1"}
			}
		},
		{
			"from": [4.5, 0.5, 7.2],
			"to": [5.5, 0.6, 8.2],
			"rotation": {"angle": 0, "axis": "y", "origin": [3.5, 0.5, 6.2]},
			"faces": {
				"north": {"uv": [0, 0, 1, 0.1], "texture": "#1"},
				"east": {"uv": [0, 0, 1, 0.1], "texture": "#1"},
				"south": {"uv": [0, 0, 1, 0.1], "texture": "#1"},
				"west": {"uv": [0, 0, 1, 0.1], "texture": "#1"},
				"up": {"uv": [0, 0, 1, 1], "texture": "#1"},
				"down": {"uv": [0, 0, 1, 1], "texture": "#1"}
			}
		},
		{
			"from": [3.25, 0.5, 7.2],
			"to": [4.25, 0.6, 8.2],
			"rotation": {"angle": 0, "axis": "y", "origin": [2.25, 0.5, 6.2]},
			"faces": {
				"north": {"uv": [0, 0, 1, 0.1], "texture": "#1"},
				"east": {"uv": [0, 0, 1, 0.1], "texture": "#1"},
				"south": {"uv": [0, 0, 1, 0.1], "texture": "#1"},
				"west": {"uv": [0, 0, 1, 0.1], "texture": "#1"},
				"up": {"uv": [0, 0, 1, 1], "texture": "#1"},
				"down": {"uv": [0, 0, 1, 1], "texture": "#1"}
			}
		},
		{
			"from": [5.75, 0.5, 7.2],
			"to": [6.75, 0.6, 8.2],
			"rotation": {"angle": 0, "axis": "y", "origin": [4.75, 0.5, 6.2]},
			"faces": {
				"north": {"uv": [0, 0, 1, 0.1], "texture": "#1"},
				"east": {"uv": [0, 0, 1, 0.1], "texture": "#1"},
				"south": {"uv": [0, 0, 1, 0.1], "texture": "#1"},
				"west": {"uv": [0, 0, 1, 0.1], "texture": "#1"},
				"up": {"uv": [0, 0, 1, 1], "texture": "#1"},
				"down": {"uv": [0, 0, 1, 1], "texture": "#1"}
			}
		},
		{
			"from": [9.25, 0.5, 6.1],
			"to": [10.25, 0.6, 7.1],
			"rotation": {"angle": 0, "axis": "y", "origin": [8.25, 0.5, 5.1]},
			"faces": {
				"north": {"uv": [0, 0, 1, 0.1], "texture": "#1"},
				"east": {"uv": [0, 0, 1, 0.1], "texture": "#1"},
				"south": {"uv": [0, 0, 1, 0.1], "texture": "#1"},
				"west": {"uv": [0, 0, 1, 0.1], "texture": "#1"},
				"up": {"uv": [0, 0, 1, 1], "texture": "#1"},
				"down": {"uv": [0, 0, 1, 1], "texture": "#1"}
			}
		},
		{
			"from": [11.75, 0.5, 6.1],
			"to": [12.75, 0.6, 7.1],
			"rotation": {"angle": 0, "axis": "y", "origin": [10.75, 0.5, 5.1]},
			"faces": {
				"north": {"uv": [0, 0, 1, 0.1], "texture": "#1"},
				"east": {"uv": [0, 0, 1, 0.1], "texture": "#1"},
				"south": {"uv": [0, 0, 1, 0.1], "texture": "#1"},
				"west": {"uv": [0, 0, 1, 0.1], "texture": "#1"},
				"up": {"uv": [0, 0, 1, 1], "texture": "#1"},
				"down": {"uv": [0, 0, 1, 1], "texture": "#1"}
			}
		},
		{
			"from": [11.75, 0.5, 6.1],
			"to": [12.75, 0.6, 7.1],
			"rotation": {"angle": 0, "axis": "y", "origin": [10.75, 0.5, 5.1]},
			"faces": {
				"north": {"uv": [0, 0, 1, 0.1], "texture": "#1"},
				"east": {"uv": [0, 0, 1, 0.1], "texture": "#1"},
				"south": {"uv": [0, 0, 1, 0.1], "texture": "#1"},
				"west": {"uv": [0, 0, 1, 0.1], "texture": "#1"},
				"up": {"uv": [0, 0, 1, 1], "texture": "#1"},
				"down": {"uv": [0, 0, 1, 1], "texture": "#1"}
			}
		},
		{
			"from": [11.75, 0.5, 6.1],
			"to": [12.75, 0.6, 7.1],
			"rotation": {"angle": 0, "axis": "y", "origin": [10.75, 0.5, 5.1]},
			"color": 5,
			"faces": {
				"north": {"uv": [0, 0, 1, 0.1], "texture": "#missing"},
				"east": {"uv": [0, 0, 1, 0.1], "texture": "#missing"},
				"south": {"uv": [0, 0, 1, 0.1], "texture": "#missing"},
				"west": {"uv": [0, 0, 1, 0.1], "texture": "#missing"},
				"up": {"uv": [0, 0, 1, 1], "texture": "#missing"},
				"down": {"uv": [0, 0, 1, 1], "texture": "#missing"}
			}
		},
		{
			"from": [10.5, 0.5, 6.1],
			"to": [11.5, 0.6, 7.1],
			"rotation": {"angle": 0, "axis": "y", "origin": [9.5, 0.5, 5.1]},
			"faces": {
				"north": {"uv": [0, 0, 1, 0.1], "texture": "#1"},
				"east": {"uv": [0, 0, 1, 0.1], "texture": "#1"},
				"south": {"uv": [0, 0, 1, 0.1], "texture": "#1"},
				"west": {"uv": [0, 0, 1, 0.1], "texture": "#1"},
				"up": {"uv": [0, 0, 1, 1], "texture": "#1"},
				"down": {"uv": [0, 0, 1, 1], "texture": "#1"}
			}
		},
		{
			"from": [8, 0.5, 6.1],
			"to": [9, 0.6, 7.1],
			"rotation": {"angle": 0, "axis": "y", "origin": [7, 0.5, 5.1]},
			"faces": {
				"north": {"uv": [0, 0, 1, 0.1], "texture": "#1"},
				"east": {"uv": [0, 0, 1, 0.1], "texture": "#1"},
				"south": {"uv": [0, 0, 1, 0.1], "texture": "#1"},
				"west": {"uv": [0, 0, 1, 0.1], "texture": "#1"},
				"up": {"uv": [0, 0, 1, 1], "texture": "#1"},
				"down": {"uv": [0, 0, 1, 1], "texture": "#1"}
			}
		},
		{
			"from": [6.75, 0.5, 6.1],
			"to": [7.75, 0.6, 7.1],
			"rotation": {"angle": 0, "axis": "y", "origin": [5.75, 0.5, 5.1]},
			"faces": {
				"north": {"uv": [0, 0, 1, 0.1], "texture": "#1"},
				"east": {"uv": [0, 0, 1, 0.1], "texture": "#1"},
				"south": {"uv": [0, 0, 1, 0.1], "texture": "#1"},
				"west": {"uv": [0, 0, 1, 0.1], "texture": "#1"},
				"up": {"uv": [0, 0, 1, 1], "texture": "#1"},
				"down": {"uv": [0, 0, 1, 1], "texture": "#1"}
			}
		},
		{
			"from": [4.25, 0.5, 6.1],
			"to": [5.25, 0.6, 7.1],
			"rotation": {"angle": 0, "axis": "y", "origin": [3.25, 0.5, 5.1]},
			"faces": {
				"north": {"uv": [0, 0, 1, 0.1], "texture": "#1"},
				"east": {"uv": [0, 0, 1, 0.1], "texture": "#1"},
				"south": {"uv": [0, 0, 1, 0.1], "texture": "#1"},
				"west": {"uv": [0, 0, 1, 0.1], "texture": "#1"},
				"up": {"uv": [0, 0, 1, 1], "texture": "#1"},
				"down": {"uv": [0, 0, 1, 1], "texture": "#1"}
			}
		},
		{
			"from": [3, 0.5, 6.1],
			"to": [4, 0.6, 7.1],
			"rotation": {"angle": 0, "axis": "y", "origin": [2, 0.5, 5.1]},
			"faces": {
				"north": {"uv": [0, 0, 1, 0.1], "texture": "#1"},
				"east": {"uv": [0, 0, 1, 0.1], "texture": "#1"},
				"south": {"uv": [0, 0, 1, 0.1], "texture": "#1"},
				"west": {"uv": [0, 0, 1, 0.1], "texture": "#1"},
				"up": {"uv": [0, 0, 1, 1], "texture": "#1"},
				"down": {"uv": [0, 0, 1, 1], "texture": "#1"}
			}
		},
		{
			"from": [5.5, 0.5, 6.1],
			"to": [6.5, 0.6, 7.1],
			"rotation": {"angle": 0, "axis": "y", "origin": [4.5, 0.5, 5.1]},
			"faces": {
				"north": {"uv": [0, 0, 1, 0.1], "texture": "#1"},
				"east": {"uv": [0, 0, 1, 0.1], "texture": "#1"},
				"south": {"uv": [0, 0, 1, 0.1], "texture": "#1"},
				"west": {"uv": [0, 0, 1, 0.1], "texture": "#1"},
				"up": {"uv": [0, 0, 1, 1], "texture": "#1"},
				"down": {"uv": [0, 0, 1, 1], "texture": "#1"}
			}
		},
		{
			"from": [1.975, 0.85, 11.725],
			"to": [2.975, 10.8, 11.875],
			"rotation": {"angle": 22.5, "axis": "x", "origin": [0.975, 0.05, 9.875]},
			"faces": {
				"north": {"uv": [0, 0, 1, 9.95], "texture": "#2"},
				"east": {"uv": [0, 0, 0.15, 9.95], "texture": "#2"},
				"south": {"uv": [0, 0, 1, 9.95], "texture": "#2"},
				"west": {"uv": [0, 0, 0.15, 9.95], "texture": "#2"},
				"up": {"uv": [0, 0, 1, 0.15], "texture": "#2"},
				"down": {"uv": [0, 0, 1, 0.15], "texture": "#2"}
			}
		},
		{
			"from": [12.975, 1.025, 11.725],
			"to": [13.975, 10.8, 11.875],
			"rotation": {"angle": 22.5, "axis": "x", "origin": [11.975, 0.05, 9.875]},
			"faces": {
				"north": {"uv": [0, 0, 1, 9.775], "texture": "#2"},
				"east": {"uv": [0, 0, 0.15, 9.775], "texture": "#2"},
				"south": {"uv": [0, 0, 1, 9.775], "texture": "#2"},
				"west": {"uv": [0, 0, 0.15, 9.775], "texture": "#2"},
				"up": {"uv": [0, 0, 1, 0.15], "texture": "#2"},
				"down": {"uv": [0, 0, 1, 0.15], "texture": "#2"}
			}
		},
		{
			"from": [3, 1.125, 11.725],
			"to": [13, 1.825, 12],
			"rotation": {"angle": 22.5, "axis": "x", "origin": [2, 0, 10]},
			"faces": {
				"north": {"uv": [0, 0, 10, 0.7], "texture": "#2"},
				"east": {"uv": [0, 0, 0.275, 0.7], "texture": "#2"},
				"south": {"uv": [0, 0, 10, 0.7], "texture": "#2"},
				"west": {"uv": [0, 0, 0.275, 0.7], "texture": "#2"},
				"up": {"uv": [0, 0, 10, 0.275], "texture": "#2"},
				"down": {"uv": [0, 0, 10, 0.275], "texture": "#2"}
			}
		},
		{
			"from": [2.975, 9.1, 15.1],
			"to": [13, 10.1, 15.375],
			"rotation": {"angle": 22.5, "axis": "x", "origin": [2, 8.1, 13.375]},
			"faces": {
				"north": {"uv": [0, 0, 10.025, 1], "texture": "#2"},
				"east": {"uv": [0, 0, 0.275, 1], "texture": "#2"},
				"south": {"uv": [0, 0, 10.025, 1], "texture": "#2"},
				"west": {"uv": [0, 0, 0.275, 1], "texture": "#2"},
				"up": {"uv": [0, 0, 10.025, 0.275], "texture": "#2"},
				"down": {"uv": [0, 0, 10.025, 0.275], "texture": "#2"}
			}
		}
	],
	"groups": [
		0,
		1,
		2,
		3,
		{
			"name": "group",
			"origin": [8.5, 0.5, 8],
			"color": 0,
			"children": [4, 5, 6, 7, 8, 9, 10, 11, 12, 13]
		},
		{
			"name": "group",
			"origin": [8.5, 0.5, 8],
			"color": 0,
			"children": [14, 15, 16, 17, 18, 19, 20, 21, 22, 23]
		},
		{
			"name": "group",
			"origin": [8.5, 0.5, 8],
			"color": 0,
			"children": [24, 25, 26, 27, 28, 29, 30, 31, 32, 33]
		},
		{
			"name": "group",
			"origin": [8.5, 0.5, 8],
			"color": 0,
			"children": [34, 35, 36, 37, 38, 39, 40, 41, 42, 43]
		},
		44,
		45,
		46,
		47
	]
}