{
	"credit": "Made with Blockbench",
	"textures": {
		"0": "block/brewing_stand_base",
		"1": "block/concrete_powder_white",
		"2": "block/kluislicht",
		"3": "block/concrete_silver",
		"4": "block/anvil_base",
		"particle": "block/brewing_stand_base"
	},
	"elements": [
		{
			"from": [0, 0, 0],
			"to": [16, 16, 1],
			"faces": {
				"north": {"uv": [0, 0, 1, 16], "texture": "#0"},
				"east": {"uv": [0, 0, 1, 16], "texture": "#0"},
				"south": {"uv": [0, 0, 16, 15.90933], "texture": "#0"},
				"west": {"uv": [14, 0, 15, 16], "texture": "#0"},
				"up": {"uv": [0, 0, 1, 1], "texture": "#0"},
				"down": {"uv": [0, 0, 1, 1], "texture": "#0"}
			}
		},
		{
			"from": [15, 0, 1],
			"to": [16, 16, 15],
			"faces": {
				"north": {"uv": [0, 0, 1, 16], "texture": "#0"},
				"east": {"uv": [0, 0, 1, 16], "texture": "#0"},
				"south": {"uv": [0, 0, 1, 16], "texture": "#0"},
				"west": {"uv": [0.31008, 0, 15, 15.87597], "texture": "#2"},
				"up": {"uv": [0, 0, 1, 1], "texture": "#0"},
				"down": {"uv": [0, 0, 1, 1], "texture": "#0"}
			}
		},
		{
			"from": [0.3, 0, 1],
			"to": [1.3, 7, 15],
			"faces": {
				"north": {"uv": [0, 0, 1, 7], "texture": "#2"},
				"east": {"uv": [0, 0, 14, 7], "texture": "#2"},
				"south": {"uv": [0, 0, 1, 7], "texture": "#2"},
				"west": {"uv": [0, 0, 16, 16], "texture": "#2"},
				"up": {"uv": [0, 0, 1, 14], "texture": "#2"},
				"down": {"uv": [0, 0, 1, 14], "texture": "#2"}
			}
		},
		{
			"from": [0.3, 8, 1],
			"to": [1.3, 15, 15],
			"faces": {
				"north": {"uv": [0, 0, 1, 7], "texture": "#2"},
				"east": {"uv": [0, 0, 14, 7], "texture": "#2"},
				"south": {"uv": [0, 0, 1, 7], "texture": "#2"},
				"west": {"uv": [0, 0, 16, 16], "texture": "#2"},
				"up": {"uv": [0, 0, 1, 14], "texture": "#2"},
				"down": {"uv": [0, 0, 1, 14], "texture": "#2"}
			}
		},
		{
			"from": [0, 0, 15],
			"to": [16, 16, 16],
			"faces": {
				"north": {"uv": [0, 0, 16, 16], "texture": "#0"},
				"east": {"uv": [0, 0, 1, 16], "texture": "#0"},
				"south": {"uv": [0, 0, 1, 16], "texture": "#0"},
				"west": {"uv": [7, 0, 8, 16], "texture": "#0"},
				"up": {"uv": [0, 0, 1, 1], "texture": "#0"},
				"down": {"uv": [0, 0, 1, 1], "texture": "#0"}
			}
		},
		{
			"from": [0, 13.7, 5],
			"to": [1, 14.2, 11],
			"faces": {
				"north": {"uv": [0, 0, 1, 0.5], "texture": "#3"},
				"east": {"uv": [0, 0, 6, 0.5], "texture": "#3"},
				"south": {"uv": [0, 0, 1, 0.5], "texture": "#3"},
				"west": {"uv": [0, 0, 6, 0.5], "texture": "#3"},
				"up": {"uv": [0, 0, 1, 6], "texture": "#3"},
				"down": {"uv": [0, 0, 1, 6], "texture": "#3"}
			}
		},
		{
			"from": [0, 12.3, 5],
			"to": [1, 12.8, 11],
			"faces": {
				"north": {"uv": [0, 0, 1, 0.5], "texture": "#3"},
				"east": {"uv": [0, 0, 6, 0.5], "texture": "#3"},
				"south": {"uv": [0, 0, 1, 0.5], "texture": "#3"},
				"west": {"uv": [0, 0, 6, 0.5], "texture": "#3"},
				"up": {"uv": [0, 0, 1, 6], "texture": "#3"},
				"down": {"uv": [0, 0, 1, 6], "texture": "#3"}
			}
		},
		{
			"from": [0, 4.8, 10.5],
			"to": [1, 5.7, 11],
			"faces": {
				"north": {"uv": [0, 0, 1, 0.9], "texture": "#3"},
				"east": {"uv": [0, 0, 0.5, 0.9], "texture": "#3"},
				"south": {"uv": [0, 0, 1, 0.9], "texture": "#3"},
				"west": {"uv": [0, 0, 0.5, 0.9], "texture": "#3"},
				"up": {"uv": [0, 0, 1, 0.5], "texture": "#3"},
				"down": {"uv": [0, 0, 1, 0.5], "texture": "#3"}
			}
		},
		{
			"from": [0, 12.8, 10.5],
			"to": [1, 13.7, 11],
			"faces": {
				"north": {"uv": [0, 0, 1, 0.9], "texture": "#3"},
				"east": {"uv": [0, 0, 0.5, 0.9], "texture": "#3"},
				"south": {"uv": [0, 0, 1, 0.9], "texture": "#3"},
				"west": {"uv": [0, 0, 0.5, 0.9], "texture": "#3"},
				"up": {"uv": [0, 0, 1, 0.5], "texture": "#3"},
				"down": {"uv": [0, 0, 1, 0.5], "texture": "#3"}
			}
		},
		{
			"from": [0, 4.8, 5],
			"to": [1, 5.7, 5.5],
			"faces": {
				"north": {"uv": [0, 0, 1, 0.9], "texture": "#3"},
				"east": {"uv": [0, 0, 0.5, 0.9], "texture": "#3"},
				"south": {"uv": [0, 0, 1, 0.9], "texture": "#3"},
				"west": {"uv": [0, 0, 0.5, 0.9], "texture": "#3"},
				"up": {"uv": [0, 0, 1, 0.5], "texture": "#3"},
				"down": {"uv": [0, 0, 1, 0.5], "texture": "#3"}
			}
		},
		{
			"from": [0, 12.8, 5],
			"to": [1, 13.7, 5.5],
			"faces": {
				"north": {"uv": [0, 0, 1, 0.9], "texture": "#3"},
				"east": {"uv": [0, 0, 0.5, 0.9], "texture": "#3"},
				"south": {"uv": [0, 0, 1, 0.9], "texture": "#3"},
				"west": {"uv": [0, 0, 0.5, 0.9], "texture": "#3"},
				"up": {"uv": [0, 0, 1, 0.5], "texture": "#3"},
				"down": {"uv": [0, 0, 1, 0.5], "texture": "#3"}
			}
		},
		{
			"from": [0.2, 12.8, 5.5],
			"to": [1.2, 13.7, 10.5],
			"faces": {
				"north": {"uv": [0, 0, 1, 0.9], "texture": "#4"},
				"east": {"uv": [0, 0, 5, 0.9], "texture": "#4"},
				"south": {"uv": [0, 0, 1, 0.9], "texture": "#4"},
				"west": {"uv": [0, 0, 5, 0.9], "texture": "#4"},
				"up": {"uv": [0, 0, 1, 5], "texture": "#4"},
				"down": {"uv": [0, 0, 1, 5], "texture": "#4"}
			}
		},
		{
			"from": [0.2, 4.8, 5.5],
			"to": [1.2, 5.7, 10.5],
			"faces": {
				"north": {"uv": [0, 0, 1, 0.9], "texture": "#4"},
				"east": {"uv": [0, 0, 5, 0.9], "texture": "#4"},
				"south": {"uv": [0, 0, 1, 0.9], "texture": "#4"},
				"west": {"uv": [0, 0, 5, 0.9], "texture": "#4"},
				"up": {"uv": [0, 0, 1, 5], "texture": "#4"},
				"down": {"uv": [0, 0, 1, 5], "texture": "#4"}
			}
		},
		{
			"from": [0, 4.3, 5],
			"to": [1, 4.8, 11],
			"faces": {
				"north": {"uv": [0, 0, 1, 0.5], "texture": "#3"},
				"east": {"uv": [0, 0, 6, 0.5], "texture": "#3"},
				"south": {"uv": [0, 0, 1, 0.5], "texture": "#3"},
				"west": {"uv": [0, 0, 6, 0.5], "texture": "#3"},
				"up": {"uv": [0, 0, 1, 6], "texture": "#3"},
				"down": {"uv": [0, 0, 1, 6], "texture": "#3"}
			}
		},
		{
			"from": [0, 5.7, 5],
			"to": [1, 6.2, 11],
			"faces": {
				"north": {"uv": [0, 0, 1, 0.5], "texture": "#3"},
				"east": {"uv": [0, 0, 6, 0.5], "texture": "#3"},
				"south": {"uv": [0, 0, 1, 0.5], "texture": "#3"},
				"west": {"uv": [0, 0, 6, 0.5], "texture": "#3"},
				"up": {"uv": [0, 0, 1, 6], "texture": "#3"},
				"down": {"uv": [0, 0, 1, 6], "texture": "#3"}
			}
		},
		{
			"from": [0.15, 7, 1],
			"to": [1.15, 8, 15],
			"faces": {
				"north": {"uv": [0, 0, 1, 1], "texture": "#1"},
				"east": {"uv": [0, 0, 14, 1], "texture": "#1"},
				"south": {"uv": [0, 0, 1, 1], "texture": "#1"},
				"west": {"uv": [0, 0, 14, 1], "texture": "#1"},
				"up": {"uv": [0, 0, 1, 14], "texture": "#1"},
				"down": {"uv": [0, 0, 1, 14], "texture": "#1"}
			}
		},
		{
			"from": [0.15, 15, 1],
			"to": [1.15, 16, 15],
			"faces": {
				"north": {"uv": [0, 0, 1, 1], "texture": "#1"},
				"east": {"uv": [0, 0, 14, 1], "texture": "#1"},
				"south": {"uv": [0, 0, 1, 1], "texture": "#1"},
				"west": {"uv": [0, 0, 14, 1], "texture": "#1"},
				"up": {"uv": [0, 0, 1, 14], "texture": "#1"},
				"down": {"uv": [0, 0, 1, 14], "texture": "#1"}
			}
		},
		{
			"from": [1, 15, 1],
			"to": [15, 16, 15],
			"faces": {
				"north": {"uv": [0, 0, 14, 1], "texture": "#2"},
				"east": {"uv": [0, 0, 14, 1], "texture": "#2"},
				"south": {"uv": [0, 0, 14, 1], "texture": "#2"},
				"west": {"uv": [0, 0, 14, 1], "texture": "#2"},
				"up": {"uv": [0, 0, 16, 16], "texture": "#2"},
				"down": {"uv": [0, 0, 16, 16], "texture": "#2"}
			}
		},
		{
			"from": [0.025, -3, 12.7],
			"to": [1, -2.3, 12.9],
			"rotation": {"angle": -22.5, "axis": "x", "origin": [0, 0, 0]},
			"faces": {
				"north": {"uv": [0, 0, 0.975, 0.7], "texture": "#0"},
				"east": {"uv": [0, 0, 0.2, 0.7], "texture": "#0"},
				"south": {"uv": [0, 0, 0.975, 0.7], "texture": "#0"},
				"west": {"uv": [0, 0, 0.2, 0.7], "texture": "#0"},
				"up": {"uv": [0, 0, 0.975, 0.2], "texture": "#0"},
				"down": {"uv": [0, 0, 0.975, 0.2], "texture": "#0"}
			}
		},
		{
			"from": [0.125, -3, 12.9],
			"to": [1, -2.3, 13.5],
			"rotation": {"angle": -22.5, "axis": "x", "origin": [0, 0, 0]},
			"faces": {
				"north": {"uv": [0, 0, 0.875, 0.7], "texture": "#4"},
				"east": {"uv": [0, 0, 0.6, 0.7], "texture": "#4"},
				"south": {"uv": [0, 0, 0.875, 0.7], "texture": "#4"},
				"west": {"uv": [0, 0, 0.6, 0.7], "texture": "#4"},
				"up": {"uv": [0, 0, 0.875, 0.6], "texture": "#4"},
				"down": {"uv": [0, 0, 0.875, 0.6], "texture": "#4"}
			}
		},
		{
			"from": [0.025, -3.2, 12.7],
			"to": [0.95, -3, 13.7],
			"rotation": {"angle": -22.5, "axis": "x", "origin": [0, 0, 0]},
			"faces": {
				"north": {"uv": [0, 0, 0.925, 0.2], "texture": "#0"},
				"east": {"uv": [0, 0, 1, 0.2], "texture": "#0"},
				"south": {"uv": [0, 0, 0.925, 0.2], "texture": "#0"},
				"west": {"uv": [0, 0, 1, 0.2], "texture": "#0"},
				"up": {"uv": [0, 0, 0.925, 1], "texture": "#0"},
				"down": {"uv": [0, 0, 0.925, 1], "texture": "#0"}
			}
		},
		{
			"from": [0.025, -2.3, 12.7],
			"to": [0.95, -2.1, 13.7],
			"rotation": {"angle": -22.5, "axis": "x", "origin": [0, 0, 0]},
			"faces": {
				"north": {"uv": [0, 0, 0.925, 0.2], "texture": "#0"},
				"east": {"uv": [0, 0, 1, 0.2], "texture": "#0"},
				"south": {"uv": [0, 0, 0.925, 0.2], "texture": "#0"},
				"west": {"uv": [0, 0, 1, 0.2], "texture": "#0"},
				"up": {"uv": [0, 0, 0.925, 1], "texture": "#0"},
				"down": {"uv": [0, 0, 0.925, 1], "texture": "#0"}
			}
		},
		{
			"from": [0.025, -3, 13.5],
			"to": [1.025, -2.3, 13.7],
			"rotation": {"angle": -22.5, "axis": "x", "origin": [0, 0, 0]},
			"faces": {
				"north": {"uv": [0, 0, 1, 0.7], "rotation": 180, "texture": "#0"},
				"east": {"uv": [0, 0, 0.7, 0.2], "rotation": 270, "texture": "#0"},
				"south": {"uv": [0, 0, 1, 0.7], "texture": "#0"},
				"west": {"uv": [0, 0, 0.7, 0.2], "rotation": 90, "texture": "#0"},
				"up": {"uv": [0, 0, 1, 0.2], "rotation": 180, "texture": "#0"},
				"down": {"uv": [0, 0, 1, 0.2], "texture": "#0"}
			}
		}
	],
	"groups": [
		0,
		1,
		2,
		3,
		4,
		5,
		6,
		7,
		8,
		9,
		10,
		11,
		12,
		13,
		14,
		15,
		16,
		17,
		{
			"name": "group",
			"origin": [0, 0, 0],
			"color": 0,
			"children": [18, 19, 20, 21, 22]
		}
	]
}