{
	"credit": "Designed by Ddgsdevelopment with BDcraft Cubik PRO 0.95 Beta - http://bdcraft.net",
	"textures": {
		"texture": "block/hardened_clay_stained_blue",
		"iron_block": "block/iron_block",
		"snow": "block/cauldron_inner"
	},
	"elements": [
		{
			"from": [0.5, 0.5, 0.5],
			"to": [15.5, 15.5, 15.5],
			"faces": {
				"north": {"uv": [0, 0, 16, 16], "texture": "#texture"},
				"east": {"uv": [0, 0, 16, 16], "texture": "#texture"},
				"south": {"uv": [0, 0, 16, 16], "texture": "#texture"},
				"west": {"uv": [0, 0, 16, 16], "texture": "#texture"},
				"up": {"uv": [0, 0, 16, 16], "texture": "#texture"},
				"down": {"uv": [16, 16, 0, 0], "texture": "#texture"}
			}
		},
		{
			"from": [9.5, 14.6875, 1.5],
			"to": [12, 15.6875, 14],
			"faces": {
				"north": {"uv": [4.5, 0.3125, 7, 1.3125], "texture": "#iron_block"},
				"east": {"uv": [2, 0.3125, 14, 1.3125], "texture": "#iron_block"},
				"south": {"uv": [9, 0.3125, 11.5, 1.3125], "texture": "#iron_block"},
				"west": {"uv": [2, 0.3125, 14, 1.3125], "texture": "#iron_block"},
				"up": {"uv": [4.5, 2, 7, 14], "rotation": 180, "texture": "#iron_block"},
				"down": {"uv": [11.5, 14, 9, 2], "rotation": 180, "texture": "#iron_block"}
			}
		},
		{
			"from": [5, 14.6875, 12],
			"to": [9.5, 15.6875, 14],
			"faces": {
				"north": {"uv": [7, 0.3125, 11.5, 1.3125], "texture": "#iron_block"},
				"east": {"uv": [2, 0.3125, 4, 1.3125], "texture": "#iron_block"},
				"south": {"uv": [4.5, 0.3125, 9, 1.3125], "texture": "#iron_block"},
				"west": {"uv": [12, 0.3125, 14, 1.3125], "texture": "#iron_block"},
				"up": {"uv": [7, 2, 11.5, 4], "rotation": 180, "texture": "#iron_block"},
				"down": {"uv": [9, 4, 4.5, 2], "rotation": 180, "texture": "#iron_block"}
			}
		},
		{
			"from": [5, 14.6875, 6.5],
			"to": [9.5, 15.6875, 8.5],
			"faces": {
				"north": {"uv": [7, 0.3125, 11.5, 1.3125], "texture": "#iron_block"},
				"east": {"uv": [7, 0.3125, 9, 1.3125], "texture": "#iron_block"},
				"south": {"uv": [4.5, 0.3125, 9, 1.3125], "texture": "#iron_block"},
				"west": {"uv": [7, 0.3125, 9, 1.3125], "texture": "#iron_block"},
				"up": {"uv": [7, 7, 11.5, 9], "rotation": 180, "texture": "#iron_block"},
				"down": {"uv": [9, 9, 4.5, 7], "rotation": 180, "texture": "#iron_block"}
			}
		},
		{
			"from": [3.5, 14.6875, 7.5],
			"to": [5.5, 15.6875, 13.5],
			"faces": {
				"north": {"uv": [10.5, 0.3125, 12.5, 1.3125], "texture": "#iron_block"},
				"east": {"uv": [2.5, 0.3125, 8.5, 1.3125], "texture": "#iron_block"},
				"south": {"uv": [3.5, 0.3125, 5.5, 1.3125], "texture": "#iron_block"},
				"west": {"uv": [7.5, 0.3125, 13.5, 1.3125], "texture": "#iron_block"},
				"up": {"uv": [10.5, 2.5, 12.5, 8.5], "rotation": 180, "texture": "#iron_block"},
				"down": {"uv": [5.5, 8.5, 3.5, 2.5], "rotation": 180, "texture": "#iron_block"}
			}
		},
		{
			"from": [0, 0, 15.5],
			"to": [16, 16, 16],
			"faces": {
				"north": {"uv": [0, 0, 16, 16], "texture": "#snow"},
				"east": {"uv": [0, 0, 0.5, 16], "texture": "#snow"},
				"south": {"uv": [0, 0, 16, 16], "texture": "#snow"},
				"west": {"uv": [15.5, 0, 16, 16], "texture": "#snow"},
				"up": {"uv": [0, 0, 16, 0.5], "rotation": 180, "texture": "#snow"},
				"down": {"uv": [16, 0.5, 0, 0], "rotation": 180, "texture": "#snow"}
			}
		},
		{
			"from": [0, 0, 0],
			"to": [16, 16, 0.5],
			"faces": {
				"north": {"uv": [0, 0, 16, 16], "texture": "#snow"},
				"east": {"uv": [15.5, 0, 16, 16], "texture": "#snow"},
				"south": {"uv": [0, 0, 16, 16], "texture": "#snow"},
				"west": {"uv": [0, 0, 0.5, 16], "texture": "#snow"},
				"up": {"uv": [0, 15.5, 16, 16], "rotation": 180, "texture": "#snow"},
				"down": {"uv": [16, 16, 0, 15.5], "rotation": 180, "texture": "#snow"}
			}
		},
		{
			"from": [0, 0, 0.5],
			"to": [16, 0.5, 15.5],
			"faces": {
				"north": {"uv": [0, 15.5, 16, 16], "texture": "#snow"},
				"east": {"uv": [0.5, 15.5, 15.5, 16], "texture": "#snow"},
				"south": {"uv": [0, 15.5, 16, 16], "texture": "#snow"},
				"west": {"uv": [0.5, 15.5, 15.5, 16], "texture": "#snow"},
				"up": {"uv": [0, 0.5, 16, 15.5], "rotation": 180, "texture": "#snow"},
				"down": {"uv": [16, 15.5, 0, 0.5], "rotation": 180, "texture": "#snow"}
			}
		},
		{
			"from": [15.5, 0.5, 0.5],
			"to": [16, 16, 15.5],
			"faces": {
				"north": {"uv": [0, 0, 0.5, 15.5], "texture": "#snow"},
				"east": {"uv": [0.5, 0, 15.5, 15.5], "texture": "#snow"},
				"south": {"uv": [15.5, 0, 16, 15.5], "texture": "#snow"},
				"west": {"uv": [0.5, 0, 15.5, 15.5], "texture": "#snow"},
				"up": {"uv": [0, 0.5, 0.5, 15.5], "rotation": 180, "texture": "#snow"},
				"down": {"uv": [16, 15.5, 15.5, 0.5], "rotation": 180, "texture": "#snow"}
			}
		},
		{
			"from": [0, 0, 0.5],
			"to": [0.5, 16, 15.5],
			"faces": {
				"north": {"uv": [15.5, 0, 16, 16], "texture": "#snow"},
				"east": {"uv": [0.5, 0, 15.5, 16], "texture": "#snow"},
				"south": {"uv": [0, 0, 0.5, 16], "texture": "#snow"},
				"west": {"uv": [0.5, 0, 15.5, 16], "texture": "#snow"},
				"up": {"uv": [15.5, 0.5, 16, 15.5], "rotation": 180, "texture": "#snow"},
				"down": {"uv": [0.5, 15.5, 0, 0.5], "rotation": 180, "texture": "#snow"}
			}
		},
		{
			"from": [0, 0, 15.5],
			"to": [16, 16, 16],
			"faces": {
				"north": {"uv": [0, 0, 16, 16], "texture": "#snow"},
				"east": {"uv": [0, 0, 0.5, 16], "texture": "#snow"},
				"south": {"uv": [0, 0, 16, 16], "texture": "#snow"},
				"west": {"uv": [15.5, 0, 16, 16], "texture": "#snow"},
				"up": {"uv": [0, 0, 16, 0.5], "rotation": 180, "texture": "#snow"},
				"down": {"uv": [16, 0.5, 0, 0], "rotation": 180, "texture": "#snow"}
			}
		}
	]
}