{
	"credit": "Made with Blockbench",
	"textures": {
		"4": "block/bone_block_side",
		"particle": "block/anvil_base"
	},
	"elements": [
		{
			"from": [-3, -1, -13],
			"to": [19, 0, 29],
			"faces": {
				"north": {"uv": [0, 0, 16, 1], "texture": "#particle"},
				"east": {"uv": [0, 0, 16, 1], "texture": "#particle"},
				"south": {"uv": [0, 0, 16, 1], "texture": "#particle"},
				"west": {"uv": [0, 0, 16, 1], "texture": "#particle"},
				"up": {"uv": [0, 0, 16, 16], "texture": "#4"},
				"down": {"uv": [0, 0, 16, 16], "texture": "#particle"}
			}
		},
		{
			"from": [17, -15, -12],
			"to": [18, -1, -11],
			"faces": {
				"north": {"uv": [0, 0, 1, 14], "texture": "#particle"},
				"east": {"uv": [0, 0, 1, 14], "texture": "#particle"},
				"south": {"uv": [0, 0, 1, 14], "texture": "#particle"},
				"west": {"uv": [0, 0, 1, 14], "texture": "#particle"},
				"up": {"uv": [0, 0, 1, 1], "texture": "#missing"},
				"down": {"uv": [0, 0, 1, 1], "texture": "#missing"}
			}
		},
		{
			"from": [-2, -15, -12],
			"to": [-1, -1, -11],
			"faces": {
				"north": {"uv": [0, 0, 1, 14], "texture": "#particle"},
				"east": {"uv": [0, 0, 1, 14], "texture": "#particle"},
				"south": {"uv": [0, 0, 1, 14], "texture": "#particle"},
				"west": {"uv": [0, 0, 1, 14], "texture": "#particle"},
				"up": {"uv": [0, 0, 1, 1], "texture": "#missing"},
				"down": {"uv": [0, 0, 1, 1], "texture": "#missing"}
			}
		},
		{
			"from": [-2, -15, 27],
			"to": [-1, -1, 28],
			"faces": {
				"north": {"uv": [0, 0, 1, 14], "texture": "#particle"},
				"east": {"uv": [0, 0, 1, 14], "texture": "#particle"},
				"south": {"uv": [0, 0, 1, 14], "texture": "#particle"},
				"west": {"uv": [0, 0, 1, 14], "texture": "#particle"},
				"up": {"uv": [0, 0, 1, 1], "texture": "#missing"},
				"down": {"uv": [0, 0, 1, 1], "texture": "#missing"}
			}
		},
		{
			"from": [17, -15, 27],
			"to": [18, -1, 28],
			"faces": {
				"north": {"uv": [0, 0, 1, 14], "texture": "#particle"},
				"east": {"uv": [0, 0, 1, 14], "texture": "#particle"},
				"south": {"uv": [0, 0, 1, 14], "texture": "#particle"},
				"west": {"uv": [0, 0, 1, 14], "texture": "#particle"},
				"up": {"uv": [0, 0, 1, 1], "texture": "#missing"},
				"down": {"uv": [0, 0, 1, 1], "texture": "#missing"}
			}
		},
		{
			"from": [-2, -16, 27],
			"to": [18, -15, 28],
			"faces": {
				"north": {"uv": [0, 0, 16, 1], "texture": "#particle"},
				"east": {"uv": [0, 0, 1, 1], "texture": "#particle"},
				"south": {"uv": [0, 0, 16, 1], "texture": "#particle"},
				"west": {"uv": [0, 0, 1, 1], "texture": "#particle"},
				"up": {"uv": [0, 0, 16, 1], "texture": "#particle"},
				"down": {"uv": [0, 0, 16, 1], "texture": "#particle"}
			}
		},
		{
			"from": [-2, -16, -12],
			"to": [18, -15, -11],
			"faces": {
				"north": {"uv": [0, 0, 16, 1], "texture": "#particle"},
				"east": {"uv": [0, 0, 1, 1], "texture": "#particle"},
				"south": {"uv": [0, 0, 16, 1], "texture": "#particle"},
				"west": {"uv": [0, 0, 1, 1], "texture": "#particle"},
				"up": {"uv": [0, 0, 16, 1], "texture": "#particle"},
				"down": {"uv": [0, 0, 16, 1], "texture": "#particle"}
			}
		}
	],
	"groups": [
		{
			"name": "Tafel",
			"origin": [0, 0, 0],
			"color": 0,
			"children": [0, 1, 2, 3, 4, 5, 6]
		}
	]
}