{
	"credit": "DesignedbyCorporalBLOBERwithCubikStudio",
	"textures": {
		"1": "block/anvil_base",
		"2": "block/itemframe_background",
		"particle": "block/aa3",
		"mesh_palette": "block/aa3"
	},
	"elements": [
		{
			"name": "Voxels-E3E3E3",
			"from": [2, 0, 3],
			"to": [2.25, 0.25, 3.25],
			"faces": {
				"north": {"uv": [4.96, 0.96, 7.04, 3.04], "texture": "#mesh_palette"},
				"east": {"uv": [4.96, 0.96, 7.04, 3.04], "texture": "#mesh_palette"},
				"south": {"uv": [4.96, 0.96, 7.04, 3.04], "texture": "#mesh_palette"},
				"west": {"uv": [4.96, 0.96, 7.04, 3.04], "texture": "#mesh_palette"},
				"up": {"uv": [4.96, 0.96, 7.04, 3.04], "texture": "#mesh_palette"},
				"down": {"uv": [4.96, 0.96, 7.04, 3.04], "texture": "#mesh_palette"}
			}
		},
		{
			"name": "Voxels-C3C3C3",
			"from": [2.75, 0, 7.25],
			"to": [3, 0.25, 7.5],
			"faces": {
				"north": {"uv": [8.96, 0.96, 11.04, 3.04], "texture": "#mesh_palette"},
				"east": {"uv": [8.96, 0.96, 11.04, 3.04], "texture": "#mesh_palette"},
				"south": {"uv": [8.96, 0.96, 11.04, 3.04], "texture": "#mesh_palette"},
				"west": {"uv": [8.96, 0.96, 11.04, 3.04], "texture": "#mesh_palette"},
				"up": {"uv": [8.96, 0.96, 11.04, 3.04], "texture": "#mesh_palette"},
				"down": {"uv": [8.96, 0.96, 11.04, 3.04], "texture": "#mesh_palette"}
			}
		},
		{
			"name": "Voxels-D4D4D4",
			"from": [3.25, 0, 10],
			"to": [3.5, 0.25, 10.25],
			"faces": {
				"north": {"uv": [12.96, 0.96, 15.04, 3.04], "texture": "#mesh_palette"},
				"east": {"uv": [12.96, 0.96, 15.04, 3.04], "texture": "#mesh_palette"},
				"south": {"uv": [12.96, 0.96, 15.04, 3.04], "texture": "#mesh_palette"},
				"west": {"uv": [12.96, 0.96, 15.04, 3.04], "texture": "#mesh_palette"},
				"up": {"uv": [12.96, 0.96, 15.04, 3.04], "texture": "#mesh_palette"},
				"down": {"uv": [12.96, 0.96, 15.04, 3.04], "texture": "#mesh_palette"}
			}
		},
		{
			"name": "Voxels-F0F0F0",
			"from": [4.25, 0, 5.75],
			"to": [4.5, 0.25, 6],
			"faces": {
				"north": {"uv": [0.96, 4.96, 3.04, 7.04], "texture": "#mesh_palette"},
				"east": {"uv": [0.96, 4.96, 3.04, 7.04], "texture": "#mesh_palette"},
				"south": {"uv": [0.96, 4.96, 3.04, 7.04], "texture": "#mesh_palette"},
				"west": {"uv": [0.96, 4.96, 3.04, 7.04], "texture": "#mesh_palette"},
				"up": {"uv": [0.96, 4.96, 3.04, 7.04], "texture": "#mesh_palette"},
				"down": {"uv": [0.96, 4.96, 3.04, 7.04], "texture": "#mesh_palette"}
			}
		},
		{
			"name": "Voxels-E3E3E3",
			"from": [5.25, 0, 12.25],
			"to": [5.5, 0.25, 12.5],
			"faces": {
				"north": {"uv": [4.96, 0.96, 7.04, 3.04], "texture": "#mesh_palette"},
				"east": {"uv": [4.96, 0.96, 7.04, 3.04], "texture": "#mesh_palette"},
				"south": {"uv": [4.96, 0.96, 7.04, 3.04], "texture": "#mesh_palette"},
				"west": {"uv": [4.96, 0.96, 7.04, 3.04], "texture": "#mesh_palette"},
				"up": {"uv": [4.96, 0.96, 7.04, 3.04], "texture": "#mesh_palette"},
				"down": {"uv": [4.96, 0.96, 7.04, 3.04], "texture": "#mesh_palette"}
			}
		},
		{
			"name": "Voxels-D4D4D4",
			"from": [5.5, 0, 10.75],
			"to": [5.75, 0.25, 11],
			"faces": {
				"north": {"uv": [12.96, 0.96, 15.04, 3.04], "texture": "#mesh_palette"},
				"east": {"uv": [12.96, 0.96, 15.04, 3.04], "texture": "#mesh_palette"},
				"south": {"uv": [12.96, 0.96, 15.04, 3.04], "texture": "#mesh_palette"},
				"west": {"uv": [12.96, 0.96, 15.04, 3.04], "texture": "#mesh_palette"},
				"up": {"uv": [12.96, 0.96, 15.04, 3.04], "texture": "#mesh_palette"},
				"down": {"uv": [12.96, 0.96, 15.04, 3.04], "texture": "#mesh_palette"}
			}
		},
		{
			"name": "Voxels-D4D4D4",
			"from": [5.75, 0, 3.25],
			"to": [6, 0.25, 3.5],
			"faces": {
				"north": {"uv": [12.96, 0.96, 15.04, 3.04], "texture": "#mesh_palette"},
				"east": {"uv": [12.96, 0.96, 15.04, 3.04], "texture": "#mesh_palette"},
				"south": {"uv": [12.96, 0.96, 15.04, 3.04], "texture": "#mesh_palette"},
				"west": {"uv": [12.96, 0.96, 15.04, 3.04], "texture": "#mesh_palette"},
				"up": {"uv": [12.96, 0.96, 15.04, 3.04], "texture": "#mesh_palette"},
				"down": {"uv": [12.96, 0.96, 15.04, 3.04], "texture": "#mesh_palette"}
			}
		},
		{
			"name": "Voxels-D4D4D4",
			"from": [6, 0, 6.25],
			"to": [6.25, 0.25, 6.5],
			"faces": {
				"north": {"uv": [12.96, 0.96, 15.04, 3.04], "texture": "#mesh_palette"},
				"east": {"uv": [12.96, 0.96, 15.04, 3.04], "texture": "#mesh_palette"},
				"south": {"uv": [12.96, 0.96, 15.04, 3.04], "texture": "#mesh_palette"},
				"west": {"uv": [12.96, 0.96, 15.04, 3.04], "texture": "#mesh_palette"},
				"up": {"uv": [12.96, 0.96, 15.04, 3.04], "texture": "#mesh_palette"},
				"down": {"uv": [12.96, 0.96, 15.04, 3.04], "texture": "#mesh_palette"}
			}
		},
		{
			"name": "Voxels-E3E3E3",
			"from": [6, 0, 6.75],
			"to": [6.75, 0.25, 7],
			"faces": {
				"north": {"uv": [4.96, 0.96, 7.04, 3.04], "texture": "#mesh_palette"},
				"east": {"uv": [4.96, 0.96, 7.04, 3.04], "texture": "#mesh_palette"},
				"south": {"uv": [4.96, 0.96, 7.04, 3.04], "texture": "#mesh_palette"},
				"west": {"uv": [4.96, 0.96, 7.04, 3.04], "texture": "#mesh_palette"},
				"up": {"uv": [4.96, 0.96, 7.04, 3.04], "texture": "#mesh_palette"},
				"down": {"uv": [4.96, 0.96, 7.04, 3.04], "texture": "#mesh_palette"}
			}
		},
		{
			"name": "Voxels-E3E3E3",
			"from": [6, 0, 7],
			"to": [6.5, 0.25, 7.25],
			"faces": {
				"north": {"uv": [4.96, 0.96, 7.04, 3.04], "texture": "#mesh_palette"},
				"east": {"uv": [4.96, 0.96, 7.04, 3.04], "texture": "#mesh_palette"},
				"south": {"uv": [4.96, 0.96, 7.04, 3.04], "texture": "#mesh_palette"},
				"west": {"uv": [4.96, 0.96, 7.04, 3.04], "texture": "#mesh_palette"},
				"up": {"uv": [4.96, 0.96, 7.04, 3.04], "texture": "#mesh_palette"},
				"down": {"uv": [4.96, 0.96, 7.04, 3.04], "texture": "#mesh_palette"}
			}
		},
		{
			"name": "Voxels-E3E3E3",
			"from": [6, 0, 7.5],
			"to": [6.75, 0.25, 7.75],
			"faces": {
				"north": {"uv": [4.96, 0.96, 7.04, 3.04], "texture": "#mesh_palette"},
				"east": {"uv": [4.96, 0.96, 7.04, 3.04], "texture": "#mesh_palette"},
				"south": {"uv": [4.96, 0.96, 7.04, 3.04], "texture": "#mesh_palette"},
				"west": {"uv": [4.96, 0.96, 7.04, 3.04], "texture": "#mesh_palette"},
				"up": {"uv": [4.96, 0.96, 7.04, 3.04], "texture": "#mesh_palette"},
				"down": {"uv": [4.96, 0.96, 7.04, 3.04], "texture": "#mesh_palette"}
			}
		},
		{
			"name": "Voxels-E3E3E3",
			"from": [6, 0, 8],
			"to": [6.5, 0.25, 8.25],
			"faces": {
				"north": {"uv": [4.96, 0.96, 7.04, 3.04], "texture": "#mesh_palette"},
				"east": {"uv": [4.96, 0.96, 7.04, 3.04], "texture": "#mesh_palette"},
				"south": {"uv": [4.96, 0.96, 7.04, 3.04], "texture": "#mesh_palette"},
				"west": {"uv": [4.96, 0.96, 7.04, 3.04], "texture": "#mesh_palette"},
				"up": {"uv": [4.96, 0.96, 7.04, 3.04], "texture": "#mesh_palette"},
				"down": {"uv": [4.96, 0.96, 7.04, 3.04], "texture": "#mesh_palette"}
			}
		},
		{
			"name": "Voxels-D4D4D4",
			"from": [6, 0, 8.25],
			"to": [6.25, 0.25, 8.5],
			"faces": {
				"north": {"uv": [12.96, 0.96, 15.04, 3.04], "texture": "#mesh_palette"},
				"east": {"uv": [12.96, 0.96, 15.04, 3.04], "texture": "#mesh_palette"},
				"south": {"uv": [12.96, 0.96, 15.04, 3.04], "texture": "#mesh_palette"},
				"west": {"uv": [12.96, 0.96, 15.04, 3.04], "texture": "#mesh_palette"},
				"up": {"uv": [12.96, 0.96, 15.04, 3.04], "texture": "#mesh_palette"},
				"down": {"uv": [12.96, 0.96, 15.04, 3.04], "texture": "#mesh_palette"}
			}
		},
		{
			"name": "Voxels-E3E3E3",
			"from": [6, 0, 8.5],
			"to": [6.5, 0.25, 9],
			"faces": {
				"north": {"uv": [4.96, 0.96, 7.04, 3.04], "texture": "#mesh_palette"},
				"east": {"uv": [4.96, 0.96, 7.04, 3.04], "texture": "#mesh_palette"},
				"south": {"uv": [4.96, 0.96, 7.04, 3.04], "texture": "#mesh_palette"},
				"west": {"uv": [4.96, 0.96, 7.04, 3.04], "texture": "#mesh_palette"},
				"up": {"uv": [4.96, 0.96, 7.04, 3.04], "texture": "#mesh_palette"},
				"down": {"uv": [4.96, 0.96, 7.04, 3.04], "texture": "#mesh_palette"}
			}
		},
		{
			"name": "Voxels-E3E3E3",
			"from": [6.25, 0, 6],
			"to": [6.5, 0.25, 6.75],
			"faces": {
				"north": {"uv": [4.96, 0.96, 7.04, 3.04], "texture": "#mesh_palette"},
				"east": {"uv": [4.96, 0.96, 7.04, 3.04], "texture": "#mesh_palette"},
				"south": {"uv": [4.96, 0.96, 7.04, 3.04], "texture": "#mesh_palette"},
				"west": {"uv": [4.96, 0.96, 7.04, 3.04], "texture": "#mesh_palette"},
				"up": {"uv": [4.96, 0.96, 7.04, 3.04], "texture": "#mesh_palette"},
				"down": {"uv": [4.96, 0.96, 7.04, 3.04], "texture": "#mesh_palette"}
			}
		},
		{
			"name": "Voxels-D4D4D4",
			"from": [6.25, 0, 7.25],
			"to": [6.5, 0.25, 7.5],
			"faces": {
				"north": {"uv": [12.96, 0.96, 15.04, 3.04], "texture": "#mesh_palette"},
				"east": {"uv": [12.96, 0.96, 15.04, 3.04], "texture": "#mesh_palette"},
				"south": {"uv": [12.96, 0.96, 15.04, 3.04], "texture": "#mesh_palette"},
				"west": {"uv": [12.96, 0.96, 15.04, 3.04], "texture": "#mesh_palette"},
				"up": {"uv": [12.96, 0.96, 15.04, 3.04], "texture": "#mesh_palette"},
				"down": {"uv": [12.96, 0.96, 15.04, 3.04], "texture": "#mesh_palette"}
			}
		},
		{
			"name": "Voxels-E3E3E3",
			"from": [6.25, 0, 7.75],
			"to": [6.5, 0.25, 8],
			"faces": {
				"north": {"uv": [4.96, 0.96, 7.04, 3.04], "texture": "#mesh_palette"},
				"east": {"uv": [4.96, 0.96, 7.04, 3.04], "texture": "#mesh_palette"},
				"south": {"uv": [4.96, 0.96, 7.04, 3.04], "texture": "#mesh_palette"},
				"west": {"uv": [4.96, 0.96, 7.04, 3.04], "texture": "#mesh_palette"},
				"up": {"uv": [4.96, 0.96, 7.04, 3.04], "texture": "#mesh_palette"},
				"down": {"uv": [4.96, 0.96, 7.04, 3.04], "texture": "#mesh_palette"}
			}
		},
		{
			"name": "Voxels-E3E3E3",
			"from": [6.25, 0, 8.25],
			"to": [6.75, 0.25, 8.5],
			"faces": {
				"north": {"uv": [4.96, 0.96, 7.04, 3.04], "texture": "#mesh_palette"},
				"east": {"uv": [4.96, 0.96, 7.04, 3.04], "texture": "#mesh_palette"},
				"south": {"uv": [4.96, 0.96, 7.04, 3.04], "texture": "#mesh_palette"},
				"west": {"uv": [4.96, 0.96, 7.04, 3.04], "texture": "#mesh_palette"},
				"up": {"uv": [4.96, 0.96, 7.04, 3.04], "texture": "#mesh_palette"},
				"down": {"uv": [4.96, 0.96, 7.04, 3.04], "texture": "#mesh_palette"}
			}
		},
		{
			"name": "Voxels-E3E3E3",
			"from": [6.25, 0, 9],
			"to": [6.5, 0.25, 9.25],
			"faces": {
				"north": {"uv": [4.96, 0.96, 7.04, 3.04], "texture": "#mesh_palette"},
				"east": {"uv": [4.96, 0.96, 7.04, 3.04], "texture": "#mesh_palette"},
				"south": {"uv": [4.96, 0.96, 7.04, 3.04], "texture": "#mesh_palette"},
				"west": {"uv": [4.96, 0.96, 7.04, 3.04], "texture": "#mesh_palette"},
				"up": {"uv": [4.96, 0.96, 7.04, 3.04], "texture": "#mesh_palette"},
				"down": {"uv": [4.96, 0.96, 7.04, 3.04], "texture": "#mesh_palette"}
			}
		},
		{
			"name": "Voxels-F0F0F0",
			"from": [6.25, 0.25, 6.25],
			"to": [6.5, 0.5, 6.5],
			"faces": {
				"north": {"uv": [0.96, 4.96, 3.04, 7.04], "texture": "#mesh_palette"},
				"east": {"uv": [0.96, 4.96, 3.04, 7.04], "texture": "#mesh_palette"},
				"south": {"uv": [0.96, 4.96, 3.04, 7.04], "texture": "#mesh_palette"},
				"west": {"uv": [0.96, 4.96, 3.04, 7.04], "texture": "#mesh_palette"},
				"up": {"uv": [0.96, 4.96, 3.04, 7.04], "texture": "#mesh_palette"},
				"down": {"uv": [0.96, 4.96, 3.04, 7.04], "texture": "#mesh_palette"}
			}
		},
		{
			"name": "Voxels-D4D4D4",
			"from": [6.25, 0.25, 6.75],
			"to": [6.5, 0.5, 7.25],
			"faces": {
				"north": {"uv": [12.96, 0.96, 15.04, 3.04], "texture": "#mesh_palette"},
				"east": {"uv": [12.96, 0.96, 15.04, 3.04], "texture": "#mesh_palette"},
				"south": {"uv": [12.96, 0.96, 15.04, 3.04], "texture": "#mesh_palette"},
				"west": {"uv": [12.96, 0.96, 15.04, 3.04], "texture": "#mesh_palette"},
				"up": {"uv": [12.96, 0.96, 15.04, 3.04], "texture": "#mesh_palette"},
				"down": {"uv": [12.96, 0.96, 15.04, 3.04], "texture": "#mesh_palette"}
			}
		},
		{
			"name": "Voxels-E3E3E3",
			"from": [6.25, 0.25, 7.5],
			"to": [6.5, 0.5, 7.75],
			"faces": {
				"north": {"uv": [4.96, 0.96, 7.04, 3.04], "texture": "#mesh_palette"},
				"east": {"uv": [4.96, 0.96, 7.04, 3.04], "texture": "#mesh_palette"},
				"south": {"uv": [4.96, 0.96, 7.04, 3.04], "texture": "#mesh_palette"},
				"west": {"uv": [4.96, 0.96, 7.04, 3.04], "texture": "#mesh_palette"},
				"up": {"uv": [4.96, 0.96, 7.04, 3.04], "texture": "#mesh_palette"},
				"down": {"uv": [4.96, 0.96, 7.04, 3.04], "texture": "#mesh_palette"}
			}
		},
		{
			"name": "Voxels-E3E3E3",
			"from": [6.25, 0.25, 8],
			"to": [6.5, 0.5, 9],
			"faces": {
				"north": {"uv": [4.96, 0.96, 7.04, 3.04], "texture": "#mesh_palette"},
				"east": {"uv": [4.96, 0.96, 7.04, 3.04], "texture": "#mesh_palette"},
				"south": {"uv": [4.96, 0.96, 7.04, 3.04], "texture": "#mesh_palette"},
				"west": {"uv": [4.96, 0.96, 7.04, 3.04], "texture": "#mesh_palette"},
				"up": {"uv": [4.96, 0.96, 7.04, 3.04], "texture": "#mesh_palette"},
				"down": {"uv": [4.96, 0.96, 7.04, 3.04], "texture": "#mesh_palette"}
			}
		},
		{
			"name": "Voxels-E3E3E3",
			"from": [6.5, 0, 6.25],
			"to": [6.75, 0.25, 6.5],
			"faces": {
				"north": {"uv": [4.96, 0.96, 7.04, 3.04], "texture": "#mesh_palette"},
				"east": {"uv": [4.96, 0.96, 7.04, 3.04], "texture": "#mesh_palette"},
				"south": {"uv": [4.96, 0.96, 7.04, 3.04], "texture": "#mesh_palette"},
				"west": {"uv": [4.96, 0.96, 7.04, 3.04], "texture": "#mesh_palette"},
				"up": {"uv": [4.96, 0.96, 7.04, 3.04], "texture": "#mesh_palette"},
				"down": {"uv": [4.96, 0.96, 7.04, 3.04], "texture": "#mesh_palette"}
			}
		},
		{
			"name": "Voxels-C3C3C3",
			"from": [6.5, 0, 7],
			"to": [6.75, 0.25, 7.25],
			"faces": {
				"north": {"uv": [8.96, 0.96, 11.04, 3.04], "texture": "#mesh_palette"},
				"east": {"uv": [8.96, 0.96, 11.04, 3.04], "texture": "#mesh_palette"},
				"south": {"uv": [8.96, 0.96, 11.04, 3.04], "texture": "#mesh_palette"},
				"west": {"uv": [8.96, 0.96, 11.04, 3.04], "texture": "#mesh_palette"},
				"up": {"uv": [8.96, 0.96, 11.04, 3.04], "texture": "#mesh_palette"},
				"down": {"uv": [8.96, 0.96, 11.04, 3.04], "texture": "#mesh_palette"}
			}
		},
		{
			"name": "Voxels-F0F0F0",
			"from": [6.5, 0, 8],
			"to": [6.75, 0.25, 8.25],
			"faces": {
				"north": {"uv": [0.96, 4.96, 3.04, 7.04], "texture": "#mesh_palette"},
				"east": {"uv": [0.96, 4.96, 3.04, 7.04], "texture": "#mesh_palette"},
				"south": {"uv": [0.96, 4.96, 3.04, 7.04], "texture": "#mesh_palette"},
				"west": {"uv": [0.96, 4.96, 3.04, 7.04], "texture": "#mesh_palette"},
				"up": {"uv": [0.96, 4.96, 3.04, 7.04], "texture": "#mesh_palette"},
				"down": {"uv": [0.96, 4.96, 3.04, 7.04], "texture": "#mesh_palette"}
			}
		},
		{
			"name": "Voxels-F0F0F0",
			"from": [6.5, 0, 8.5],
			"to": [6.75, 0.25, 8.75],
			"faces": {
				"north": {"uv": [0.96, 4.96, 3.04, 7.04], "texture": "#mesh_palette"},
				"east": {"uv": [0.96, 4.96, 3.04, 7.04], "texture": "#mesh_palette"},
				"south": {"uv": [0.96, 4.96, 3.04, 7.04], "texture": "#mesh_palette"},
				"west": {"uv": [0.96, 4.96, 3.04, 7.04], "texture": "#mesh_palette"},
				"up": {"uv": [0.96, 4.96, 3.04, 7.04], "texture": "#mesh_palette"},
				"down": {"uv": [0.96, 4.96, 3.04, 7.04], "texture": "#mesh_palette"}
			}
		},
		{
			"name": "Voxels-C3C3C3",
			"from": [6.5, 0, 8.75],
			"to": [6.75, 0.25, 9],
			"faces": {
				"north": {"uv": [8.96, 0.96, 11.04, 3.04], "texture": "#mesh_palette"},
				"east": {"uv": [8.96, 0.96, 11.04, 3.04], "texture": "#mesh_palette"},
				"south": {"uv": [8.96, 0.96, 11.04, 3.04], "texture": "#mesh_palette"},
				"west": {"uv": [8.96, 0.96, 11.04, 3.04], "texture": "#mesh_palette"},
				"up": {"uv": [8.96, 0.96, 11.04, 3.04], "texture": "#mesh_palette"},
				"down": {"uv": [8.96, 0.96, 11.04, 3.04], "texture": "#mesh_palette"}
			}
		},
		{
			"name": "Voxels-E3E3E3",
			"from": [7, 0, 6.25],
			"to": [7.75, 0.25, 6.5],
			"faces": {
				"north": {"uv": [4.96, 0.96, 7.04, 3.04], "texture": "#mesh_palette"},
				"east": {"uv": [4.96, 0.96, 7.04, 3.04], "texture": "#mesh_palette"},
				"south": {"uv": [4.96, 0.96, 7.04, 3.04], "texture": "#mesh_palette"},
				"west": {"uv": [4.96, 0.96, 7.04, 3.04], "texture": "#mesh_palette"},
				"up": {"uv": [4.96, 0.96, 7.04, 3.04], "texture": "#mesh_palette"},
				"down": {"uv": [4.96, 0.96, 7.04, 3.04], "texture": "#mesh_palette"}
			}
		},
		{
			"name": "Voxels-D4D4D4",
			"from": [7, 0, 6.5],
			"to": [7.25, 0.25, 6.75],
			"faces": {
				"north": {"uv": [12.96, 0.96, 15.04, 3.04], "texture": "#mesh_palette"},
				"east": {"uv": [12.96, 0.96, 15.04, 3.04], "texture": "#mesh_palette"},
				"south": {"uv": [12.96, 0.96, 15.04, 3.04], "texture": "#mesh_palette"},
				"west": {"uv": [12.96, 0.96, 15.04, 3.04], "texture": "#mesh_palette"},
				"up": {"uv": [12.96, 0.96, 15.04, 3.04], "texture": "#mesh_palette"},
				"down": {"uv": [12.96, 0.96, 15.04, 3.04], "texture": "#mesh_palette"}
			}
		},
		{
			"name": "Voxels-E3E3E3",
			"from": [7, 0, 7],
			"to": [7.75, 0.25, 7.25],
			"faces": {
				"north": {"uv": [4.96, 0.96, 7.04, 3.04], "texture": "#mesh_palette"},
				"east": {"uv": [4.96, 0.96, 7.04, 3.04], "texture": "#mesh_palette"},
				"south": {"uv": [4.96, 0.96, 7.04, 3.04], "texture": "#mesh_palette"},
				"west": {"uv": [4.96, 0.96, 7.04, 3.04], "texture": "#mesh_palette"},
				"up": {"uv": [4.96, 0.96, 7.04, 3.04], "texture": "#mesh_palette"},
				"down": {"uv": [4.96, 0.96, 7.04, 3.04], "texture": "#mesh_palette"}
			}
		},
		{
			"name": "Voxels-E3E3E3",
			"from": [7, 0, 8.5],
			"to": [7.75, 0.25, 8.75],
			"faces": {
				"north": {"uv": [4.96, 0.96, 7.04, 3.04], "texture": "#mesh_palette"},
				"east": {"uv": [4.96, 0.96, 7.04, 3.04], "texture": "#mesh_palette"},
				"south": {"uv": [4.96, 0.96, 7.04, 3.04], "texture": "#mesh_palette"},
				"west": {"uv": [4.96, 0.96, 7.04, 3.04], "texture": "#mesh_palette"},
				"up": {"uv": [4.96, 0.96, 7.04, 3.04], "texture": "#mesh_palette"},
				"down": {"uv": [4.96, 0.96, 7.04, 3.04], "texture": "#mesh_palette"}
			}
		},
		{
			"name": "Voxels-D4D4D4",
			"from": [7, 0, 8.75],
			"to": [7.25, 0.25, 9],
			"faces": {
				"north": {"uv": [12.96, 0.96, 15.04, 3.04], "texture": "#mesh_palette"},
				"east": {"uv": [12.96, 0.96, 15.04, 3.04], "texture": "#mesh_palette"},
				"south": {"uv": [12.96, 0.96, 15.04, 3.04], "texture": "#mesh_palette"},
				"west": {"uv": [12.96, 0.96, 15.04, 3.04], "texture": "#mesh_palette"},
				"up": {"uv": [12.96, 0.96, 15.04, 3.04], "texture": "#mesh_palette"},
				"down": {"uv": [12.96, 0.96, 15.04, 3.04], "texture": "#mesh_palette"}
			}
		},
		{
			"name": "Voxels-E3E3E3",
			"from": [7.25, 0, 6],
			"to": [7.5, 0.25, 6.25],
			"faces": {
				"north": {"uv": [4.96, 0.96, 7.04, 3.04], "texture": "#mesh_palette"},
				"east": {"uv": [4.96, 0.96, 7.04, 3.04], "texture": "#mesh_palette"},
				"south": {"uv": [4.96, 0.96, 7.04, 3.04], "texture": "#mesh_palette"},
				"west": {"uv": [4.96, 0.96, 7.04, 3.04], "texture": "#mesh_palette"},
				"up": {"uv": [4.96, 0.96, 7.04, 3.04], "texture": "#mesh_palette"},
				"down": {"uv": [4.96, 0.96, 7.04, 3.04], "texture": "#mesh_palette"}
			}
		},
		{
			"name": "Voxels-E3E3E3",
			"from": [7.25, 0, 6.5],
			"to": [7.5, 0.25, 7],
			"faces": {
				"north": {"uv": [4.96, 0.96, 7.04, 3.04], "texture": "#mesh_palette"},
				"east": {"uv": [4.96, 0.96, 7.04, 3.04], "texture": "#mesh_palette"},
				"south": {"uv": [4.96, 0.96, 7.04, 3.04], "texture": "#mesh_palette"},
				"west": {"uv": [4.96, 0.96, 7.04, 3.04], "texture": "#mesh_palette"},
				"up": {"uv": [4.96, 0.96, 7.04, 3.04], "texture": "#mesh_palette"},
				"down": {"uv": [4.96, 0.96, 7.04, 3.04], "texture": "#mesh_palette"}
			}
		},
		{
			"name": "Voxels-E3E3E3",
			"from": [7.25, 0, 7.25],
			"to": [7.5, 0.25, 7.5],
			"faces": {
				"north": {"uv": [4.96, 0.96, 7.04, 3.04], "texture": "#mesh_palette"},
				"east": {"uv": [4.96, 0.96, 7.04, 3.04], "texture": "#mesh_palette"},
				"south": {"uv": [4.96, 0.96, 7.04, 3.04], "texture": "#mesh_palette"},
				"west": {"uv": [4.96, 0.96, 7.04, 3.04], "texture": "#mesh_palette"},
				"up": {"uv": [4.96, 0.96, 7.04, 3.04], "texture": "#mesh_palette"},
				"down": {"uv": [4.96, 0.96, 7.04, 3.04], "texture": "#mesh_palette"}
			}
		},
		{
			"name": "Voxels-C3C3C3",
			"from": [7.25, 0, 7.5],
			"to": [7.5, 0.25, 7.75],
			"faces": {
				"north": {"uv": [8.96, 0.96, 11.04, 3.04], "texture": "#mesh_palette"},
				"east": {"uv": [8.96, 0.96, 11.04, 3.04], "texture": "#mesh_palette"},
				"south": {"uv": [8.96, 0.96, 11.04, 3.04], "texture": "#mesh_palette"},
				"west": {"uv": [8.96, 0.96, 11.04, 3.04], "texture": "#mesh_palette"},
				"up": {"uv": [8.96, 0.96, 11.04, 3.04], "texture": "#mesh_palette"},
				"down": {"uv": [8.96, 0.96, 11.04, 3.04], "texture": "#mesh_palette"}
			}
		},
		{
			"name": "Voxels-E3E3E3",
			"from": [7.25, 0, 8],
			"to": [7.5, 0.25, 8.5],
			"faces": {
				"north": {"uv": [4.96, 0.96, 7.04, 3.04], "texture": "#mesh_palette"},
				"east": {"uv": [4.96, 0.96, 7.04, 3.04], "texture": "#mesh_palette"},
				"south": {"uv": [4.96, 0.96, 7.04, 3.04], "texture": "#mesh_palette"},
				"west": {"uv": [4.96, 0.96, 7.04, 3.04], "texture": "#mesh_palette"},
				"up": {"uv": [4.96, 0.96, 7.04, 3.04], "texture": "#mesh_palette"},
				"down": {"uv": [4.96, 0.96, 7.04, 3.04], "texture": "#mesh_palette"}
			}
		},
		{
			"name": "Voxels-E3E3E3",
			"from": [7.25, 0, 8.75],
			"to": [7.75, 0.25, 9],
			"faces": {
				"north": {"uv": [4.96, 0.96, 7.04, 3.04], "texture": "#mesh_palette"},
				"east": {"uv": [4.96, 0.96, 7.04, 3.04], "texture": "#mesh_palette"},
				"south": {"uv": [4.96, 0.96, 7.04, 3.04], "texture": "#mesh_palette"},
				"west": {"uv": [4.96, 0.96, 7.04, 3.04], "texture": "#mesh_palette"},
				"up": {"uv": [4.96, 0.96, 7.04, 3.04], "texture": "#mesh_palette"},
				"down": {"uv": [4.96, 0.96, 7.04, 3.04], "texture": "#mesh_palette"}
			}
		},
		{
			"name": "Voxels-E3E3E3",
			"from": [7.25, 0, 9],
			"to": [7.5, 0.25, 9.25],
			"faces": {
				"north": {"uv": [4.96, 0.96, 7.04, 3.04], "texture": "#mesh_palette"},
				"east": {"uv": [4.96, 0.96, 7.04, 3.04], "texture": "#mesh_palette"},
				"south": {"uv": [4.96, 0.96, 7.04, 3.04], "texture": "#mesh_palette"},
				"west": {"uv": [4.96, 0.96, 7.04, 3.04], "texture": "#mesh_palette"},
				"up": {"uv": [4.96, 0.96, 7.04, 3.04], "texture": "#mesh_palette"},
				"down": {"uv": [4.96, 0.96, 7.04, 3.04], "texture": "#mesh_palette"}
			}
		},
		{
			"name": "Voxels-C3C3C3",
			"from": [7.25, 0, 12],
			"to": [7.5, 0.25, 12.25],
			"faces": {
				"north": {"uv": [8.96, 0.96, 11.04, 3.04], "texture": "#mesh_palette"},
				"east": {"uv": [8.96, 0.96, 11.04, 3.04], "texture": "#mesh_palette"},
				"south": {"uv": [8.96, 0.96, 11.04, 3.04], "texture": "#mesh_palette"},
				"west": {"uv": [8.96, 0.96, 11.04, 3.04], "texture": "#mesh_palette"},
				"up": {"uv": [8.96, 0.96, 11.04, 3.04], "texture": "#mesh_palette"},
				"down": {"uv": [8.96, 0.96, 11.04, 3.04], "texture": "#mesh_palette"}
			}
		},
		{
			"name": "Voxels-E3E3E3",
			"from": [7.25, 0.25, 6.25],
			"to": [7.5, 0.5, 6.5],
			"faces": {
				"north": {"uv": [4.96, 0.96, 7.04, 3.04], "texture": "#mesh_palette"},
				"east": {"uv": [4.96, 0.96, 7.04, 3.04], "texture": "#mesh_palette"},
				"south": {"uv": [4.96, 0.96, 7.04, 3.04], "texture": "#mesh_palette"},
				"west": {"uv": [4.96, 0.96, 7.04, 3.04], "texture": "#mesh_palette"},
				"up": {"uv": [4.96, 0.96, 7.04, 3.04], "texture": "#mesh_palette"},
				"down": {"uv": [4.96, 0.96, 7.04, 3.04], "texture": "#mesh_palette"}
			}
		},
		{
			"name": "Voxels-D4D4D4",
			"from": [7.25, 0.25, 6.5],
			"to": [7.5, 0.5, 6.75],
			"faces": {
				"north": {"uv": [12.96, 0.96, 15.04, 3.04], "texture": "#mesh_palette"},
				"east": {"uv": [12.96, 0.96, 15.04, 3.04], "texture": "#mesh_palette"},
				"south": {"uv": [12.96, 0.96, 15.04, 3.04], "texture": "#mesh_palette"},
				"west": {"uv": [12.96, 0.96, 15.04, 3.04], "texture": "#mesh_palette"},
				"up": {"uv": [12.96, 0.96, 15.04, 3.04], "texture": "#mesh_palette"},
				"down": {"uv": [12.96, 0.96, 15.04, 3.04], "texture": "#mesh_palette"}
			}
		},
		{
			"name": "Voxels-E3E3E3",
			"from": [7.25, 0.25, 7],
			"to": [7.5, 0.5, 7.25],
			"faces": {
				"north": {"uv": [4.96, 0.96, 7.04, 3.04], "texture": "#mesh_palette"},
				"east": {"uv": [4.96, 0.96, 7.04, 3.04], "texture": "#mesh_palette"},
				"south": {"uv": [4.96, 0.96, 7.04, 3.04], "texture": "#mesh_palette"},
				"west": {"uv": [4.96, 0.96, 7.04, 3.04], "texture": "#mesh_palette"},
				"up": {"uv": [4.96, 0.96, 7.04, 3.04], "texture": "#mesh_palette"},
				"down": {"uv": [4.96, 0.96, 7.04, 3.04], "texture": "#mesh_palette"}
			}
		},
		{
			"name": "Voxels-E3E3E3",
			"from": [7.25, 0.25, 8.5],
			"to": [7.5, 0.5, 9],
			"faces": {
				"north": {"uv": [4.96, 0.96, 7.04, 3.04], "texture": "#mesh_palette"},
				"east": {"uv": [4.96, 0.96, 7.04, 3.04], "texture": "#mesh_palette"},
				"south": {"uv": [4.96, 0.96, 7.04, 3.04], "texture": "#mesh_palette"},
				"west": {"uv": [4.96, 0.96, 7.04, 3.04], "texture": "#mesh_palette"},
				"up": {"uv": [4.96, 0.96, 7.04, 3.04], "texture": "#mesh_palette"},
				"down": {"uv": [4.96, 0.96, 7.04, 3.04], "texture": "#mesh_palette"}
			}
		},
		{
			"name": "Voxels-F9F8DA",
			"from": [7.5, 0, 4.5],
			"to": [8, 0.5, 4.75],
			"faces": {
				"north": {"uv": [4.96, 4.96, 7.04, 7.04], "texture": "#mesh_palette"},
				"east": {"uv": [4.96, 4.96, 7.04, 7.04], "texture": "#mesh_palette"},
				"south": {"uv": [4.96, 4.96, 7.04, 7.04], "texture": "#mesh_palette"},
				"west": {"uv": [4.96, 4.96, 7.04, 7.04], "texture": "#mesh_palette"},
				"up": {"uv": [4.96, 4.96, 7.04, 7.04], "texture": "#mesh_palette"},
				"down": {"uv": [4.96, 4.96, 7.04, 7.04], "texture": "#mesh_palette"}
			}
		},
		{
			"name": "Voxels-F9F8DA",
			"from": [7.5, 0, 5],
			"to": [8, 0.25, 5.5],
			"faces": {
				"north": {"uv": [4.96, 4.96, 7.04, 7.04], "texture": "#mesh_palette"},
				"east": {"uv": [4.96, 4.96, 7.04, 7.04], "texture": "#mesh_palette"},
				"south": {"uv": [4.96, 4.96, 7.04, 7.04], "texture": "#mesh_palette"},
				"west": {"uv": [4.96, 4.96, 7.04, 7.04], "texture": "#mesh_palette"},
				"up": {"uv": [4.96, 4.96, 7.04, 7.04], "texture": "#mesh_palette"},
				"down": {"uv": [4.96, 4.96, 7.04, 7.04], "texture": "#mesh_palette"}
			}
		},
		{
			"name": "Voxels-F0F0F0",
			"from": [7.5, 0, 6.5],
			"to": [7.75, 0.25, 6.75],
			"faces": {
				"north": {"uv": [0.96, 4.96, 3.04, 7.04], "texture": "#mesh_palette"},
				"east": {"uv": [0.96, 4.96, 3.04, 7.04], "texture": "#mesh_palette"},
				"south": {"uv": [0.96, 4.96, 3.04, 7.04], "texture": "#mesh_palette"},
				"west": {"uv": [0.96, 4.96, 3.04, 7.04], "texture": "#mesh_palette"},
				"up": {"uv": [0.96, 4.96, 3.04, 7.04], "texture": "#mesh_palette"},
				"down": {"uv": [0.96, 4.96, 3.04, 7.04], "texture": "#mesh_palette"}
			}
		},
		{
			"name": "Voxels-E3E3E3",
			"from": [7.5, 0, 13.5],
			"to": [7.75, 0.25, 13.75],
			"faces": {
				"north": {"uv": [4.96, 0.96, 7.04, 3.04], "texture": "#mesh_palette"},
				"east": {"uv": [4.96, 0.96, 7.04, 3.04], "texture": "#mesh_palette"},
				"south": {"uv": [4.96, 0.96, 7.04, 3.04], "texture": "#mesh_palette"},
				"west": {"uv": [4.96, 0.96, 7.04, 3.04], "texture": "#mesh_palette"},
				"up": {"uv": [4.96, 0.96, 7.04, 3.04], "texture": "#mesh_palette"},
				"down": {"uv": [4.96, 0.96, 7.04, 3.04], "texture": "#mesh_palette"}
			}
		},
		{
			"name": "Voxels-F9F8DA",
			"from": [7.5, 0.25, 5.5],
			"to": [8, 0.75, 5.75],
			"faces": {
				"north": {"uv": [4.96, 4.96, 7.04, 7.04], "texture": "#mesh_palette"},
				"east": {"uv": [4.96, 4.96, 7.04, 7.04], "texture": "#mesh_palette"},
				"south": {"uv": [4.96, 4.96, 7.04, 7.04], "texture": "#mesh_palette"},
				"west": {"uv": [4.96, 4.96, 7.04, 7.04], "texture": "#mesh_palette"},
				"up": {"uv": [4.96, 4.96, 7.04, 7.04], "texture": "#mesh_palette"},
				"down": {"uv": [4.96, 4.96, 7.04, 7.04], "texture": "#mesh_palette"}
			}
		},
		{
			"name": "Voxels-F9F8DA",
			"from": [7.5, 0.5, 4.75],
			"to": [8, 0.75, 5],
			"faces": {
				"north": {"uv": [4.96, 4.96, 7.04, 7.04], "texture": "#mesh_palette"},
				"east": {"uv": [4.96, 4.96, 7.04, 7.04], "texture": "#mesh_palette"},
				"south": {"uv": [4.96, 4.96, 7.04, 7.04], "texture": "#mesh_palette"},
				"west": {"uv": [4.96, 4.96, 7.04, 7.04], "texture": "#mesh_palette"},
				"up": {"uv": [4.96, 4.96, 7.04, 7.04], "texture": "#mesh_palette"},
				"down": {"uv": [4.96, 4.96, 7.04, 7.04], "texture": "#mesh_palette"}
			}
		},
		{
			"name": "Voxels-F9F8DA",
			"from": [7.5, 0.75, 5],
			"to": [8, 1, 5.5],
			"faces": {
				"north": {"uv": [4.96, 4.96, 7.04, 7.04], "texture": "#mesh_palette"},
				"east": {"uv": [4.96, 4.96, 7.04, 7.04], "texture": "#mesh_palette"},
				"south": {"uv": [4.96, 4.96, 7.04, 7.04], "texture": "#mesh_palette"},
				"west": {"uv": [4.96, 4.96, 7.04, 7.04], "texture": "#mesh_palette"},
				"up": {"uv": [4.96, 4.96, 7.04, 7.04], "texture": "#mesh_palette"},
				"down": {"uv": [4.96, 4.96, 7.04, 7.04], "texture": "#mesh_palette"}
			}
		},
		{
			"name": "Voxels-E3E3E3",
			"from": [7.75, 0, 10.5],
			"to": [8, 0.25, 10.75],
			"faces": {
				"north": {"uv": [4.96, 0.96, 7.04, 3.04], "texture": "#mesh_palette"},
				"east": {"uv": [4.96, 0.96, 7.04, 3.04], "texture": "#mesh_palette"},
				"south": {"uv": [4.96, 0.96, 7.04, 3.04], "texture": "#mesh_palette"},
				"west": {"uv": [4.96, 0.96, 7.04, 3.04], "texture": "#mesh_palette"},
				"up": {"uv": [4.96, 0.96, 7.04, 3.04], "texture": "#mesh_palette"},
				"down": {"uv": [4.96, 0.96, 7.04, 3.04], "texture": "#mesh_palette"}
			}
		},
		{
			"name": "Voxels-4C6A10",
			"from": [8, 0, 4.5],
			"to": [9, 0.25, 4.75],
			"faces": {
				"north": {"uv": [8.96, 4.96, 11.04, 7.04], "texture": "#mesh_palette"},
				"east": {"uv": [8.96, 4.96, 11.04, 7.04], "texture": "#mesh_palette"},
				"south": {"uv": [8.96, 4.96, 11.04, 7.04], "texture": "#mesh_palette"},
				"west": {"uv": [8.96, 4.96, 11.04, 7.04], "texture": "#mesh_palette"},
				"up": {"uv": [8.96, 4.96, 11.04, 7.04], "texture": "#mesh_palette"},
				"down": {"uv": [8.96, 4.96, 11.04, 7.04], "texture": "#mesh_palette"}
			}
		},
		{
			"name": "Voxels-4C6A10",
			"from": [8, 0, 5],
			"to": [8.25, 0.25, 5.5],
			"faces": {
				"north": {"uv": [8.96, 4.96, 11.04, 7.04], "texture": "#mesh_palette"},
				"east": {"uv": [8.96, 4.96, 11.04, 7.04], "texture": "#mesh_palette"},
				"south": {"uv": [8.96, 4.96, 11.04, 7.04], "texture": "#mesh_palette"},
				"west": {"uv": [8.96, 4.96, 11.04, 7.04], "texture": "#mesh_palette"},
				"up": {"uv": [8.96, 4.96, 11.04, 7.04], "texture": "#mesh_palette"},
				"down": {"uv": [8.96, 4.96, 11.04, 7.04], "texture": "#mesh_palette"}
			}
		},
		{
			"name": "Voxels-C3C3C3",
			"from": [8, 0, 10.75],
			"to": [8.25, 0.25, 11],
			"faces": {
				"north": {"uv": [8.96, 0.96, 11.04, 3.04], "texture": "#mesh_palette"},
				"east": {"uv": [8.96, 0.96, 11.04, 3.04], "texture": "#mesh_palette"},
				"south": {"uv": [8.96, 0.96, 11.04, 3.04], "texture": "#mesh_palette"},
				"west": {"uv": [8.96, 0.96, 11.04, 3.04], "texture": "#mesh_palette"},
				"up": {"uv": [8.96, 0.96, 11.04, 3.04], "texture": "#mesh_palette"},
				"down": {"uv": [8.96, 0.96, 11.04, 3.04], "texture": "#mesh_palette"}
			}
		},
		{
			"name": "Voxels-4C6A10",
			"from": [8, 0.25, 4.5],
			"to": [8.75, 0.5, 4.75],
			"faces": {
				"north": {"uv": [8.96, 4.96, 11.04, 7.04], "texture": "#mesh_palette"},
				"east": {"uv": [8.96, 4.96, 11.04, 7.04], "texture": "#mesh_palette"},
				"south": {"uv": [8.96, 4.96, 11.04, 7.04], "texture": "#mesh_palette"},
				"west": {"uv": [8.96, 4.96, 11.04, 7.04], "texture": "#mesh_palette"},
				"up": {"uv": [8.96, 4.96, 11.04, 7.04], "texture": "#mesh_palette"},
				"down": {"uv": [8.96, 4.96, 11.04, 7.04], "texture": "#mesh_palette"}
			}
		},
		{
			"name": "Voxels-4C6A10",
			"from": [8, 0.25, 5.5],
			"to": [8.75, 0.75, 5.75],
			"faces": {
				"north": {"uv": [8.96, 4.96, 11.04, 7.04], "texture": "#mesh_palette"},
				"east": {"uv": [8.96, 4.96, 11.04, 7.04], "texture": "#mesh_palette"},
				"south": {"uv": [8.96, 4.96, 11.04, 7.04], "texture": "#mesh_palette"},
				"west": {"uv": [8.96, 4.96, 11.04, 7.04], "texture": "#mesh_palette"},
				"up": {"uv": [8.96, 4.96, 11.04, 7.04], "texture": "#mesh_palette"},
				"down": {"uv": [8.96, 4.96, 11.04, 7.04], "texture": "#mesh_palette"}
			}
		},
		{
			"name": "Voxels-4C6A10",
			"from": [8, 0.5, 4.75],
			"to": [8.75, 0.75, 5],
			"faces": {
				"north": {"uv": [8.96, 4.96, 11.04, 7.04], "texture": "#mesh_palette"},
				"east": {"uv": [8.96, 4.96, 11.04, 7.04], "texture": "#mesh_palette"},
				"south": {"uv": [8.96, 4.96, 11.04, 7.04], "texture": "#mesh_palette"},
				"west": {"uv": [8.96, 4.96, 11.04, 7.04], "texture": "#mesh_palette"},
				"up": {"uv": [8.96, 4.96, 11.04, 7.04], "texture": "#mesh_palette"},
				"down": {"uv": [8.96, 4.96, 11.04, 7.04], "texture": "#mesh_palette"}
			}
		},
		{
			"name": "Voxels-4C6A10",
			"from": [8, 0.75, 5],
			"to": [8.25, 1, 5.5],
			"faces": {
				"north": {"uv": [8.96, 4.96, 11.04, 7.04], "texture": "#mesh_palette"},
				"east": {"uv": [8.96, 4.96, 11.04, 7.04], "texture": "#mesh_palette"},
				"south": {"uv": [8.96, 4.96, 11.04, 7.04], "texture": "#mesh_palette"},
				"west": {"uv": [8.96, 4.96, 11.04, 7.04], "texture": "#mesh_palette"},
				"up": {"uv": [8.96, 4.96, 11.04, 7.04], "texture": "#mesh_palette"},
				"down": {"uv": [8.96, 4.96, 11.04, 7.04], "texture": "#mesh_palette"}
			}
		},
		{
			"name": "Voxels-F9F8DA",
			"from": [8.25, 0, 5],
			"to": [8.5, 0.25, 5.25],
			"faces": {
				"north": {"uv": [4.96, 4.96, 7.04, 7.04], "texture": "#mesh_palette"},
				"east": {"uv": [4.96, 4.96, 7.04, 7.04], "texture": "#mesh_palette"},
				"south": {"uv": [4.96, 4.96, 7.04, 7.04], "texture": "#mesh_palette"},
				"west": {"uv": [4.96, 4.96, 7.04, 7.04], "texture": "#mesh_palette"},
				"up": {"uv": [4.96, 4.96, 7.04, 7.04], "texture": "#mesh_palette"},
				"down": {"uv": [4.96, 4.96, 7.04, 7.04], "texture": "#mesh_palette"}
			}
		},
		{
			"name": "Voxels-4C6A10",
			"from": [8.25, 0, 5.25],
			"to": [9, 0.25, 5.5],
			"faces": {
				"north": {"uv": [8.96, 4.96, 11.04, 7.04], "texture": "#mesh_palette"},
				"east": {"uv": [8.96, 4.96, 11.04, 7.04], "texture": "#mesh_palette"},
				"south": {"uv": [8.96, 4.96, 11.04, 7.04], "texture": "#mesh_palette"},
				"west": {"uv": [8.96, 4.96, 11.04, 7.04], "texture": "#mesh_palette"},
				"up": {"uv": [8.96, 4.96, 11.04, 7.04], "texture": "#mesh_palette"},
				"down": {"uv": [8.96, 4.96, 11.04, 7.04], "texture": "#mesh_palette"}
			}
		},
		{
			"name": "Voxels-F9F8DA",
			"from": [8.25, 0.75, 5],
			"to": [8.5, 1, 5.25],
			"faces": {
				"north": {"uv": [4.96, 4.96, 7.04, 7.04], "texture": "#mesh_palette"},
				"east": {"uv": [4.96, 4.96, 7.04, 7.04], "texture": "#mesh_palette"},
				"south": {"uv": [4.96, 4.96, 7.04, 7.04], "texture": "#mesh_palette"},
				"west": {"uv": [4.96, 4.96, 7.04, 7.04], "texture": "#mesh_palette"},
				"up": {"uv": [4.96, 4.96, 7.04, 7.04], "texture": "#mesh_palette"},
				"down": {"uv": [4.96, 4.96, 7.04, 7.04], "texture": "#mesh_palette"}
			}
		},
		{
			"name": "Voxels-4C6A10",
			"from": [8.25, 0.75, 5.25],
			"to": [9, 1, 5.5],
			"faces": {
				"north": {"uv": [8.96, 4.96, 11.04, 7.04], "texture": "#mesh_palette"},
				"east": {"uv": [8.96, 4.96, 11.04, 7.04], "texture": "#mesh_palette"},
				"south": {"uv": [8.96, 4.96, 11.04, 7.04], "texture": "#mesh_palette"},
				"west": {"uv": [8.96, 4.96, 11.04, 7.04], "texture": "#mesh_palette"},
				"up": {"uv": [8.96, 4.96, 11.04, 7.04], "texture": "#mesh_palette"},
				"down": {"uv": [8.96, 4.96, 11.04, 7.04], "texture": "#mesh_palette"}
			}
		},
		{
			"name": "Voxels-4C6A10",
			"from": [8.5, 0, 5],
			"to": [9, 0.25, 5.25],
			"faces": {
				"north": {"uv": [8.96, 4.96, 11.04, 7.04], "texture": "#mesh_palette"},
				"east": {"uv": [8.96, 4.96, 11.04, 7.04], "texture": "#mesh_palette"},
				"south": {"uv": [8.96, 4.96, 11.04, 7.04], "texture": "#mesh_palette"},
				"west": {"uv": [8.96, 4.96, 11.04, 7.04], "texture": "#mesh_palette"},
				"up": {"uv": [8.96, 4.96, 11.04, 7.04], "texture": "#mesh_palette"},
				"down": {"uv": [8.96, 4.96, 11.04, 7.04], "texture": "#mesh_palette"}
			}
		},
		{
			"name": "Voxels-D4D4D4",
			"from": [8.5, 0, 10],
			"to": [8.75, 0.25, 10.25],
			"faces": {
				"north": {"uv": [12.96, 0.96, 15.04, 3.04], "texture": "#mesh_palette"},
				"east": {"uv": [12.96, 0.96, 15.04, 3.04], "texture": "#mesh_palette"},
				"south": {"uv": [12.96, 0.96, 15.04, 3.04], "texture": "#mesh_palette"},
				"west": {"uv": [12.96, 0.96, 15.04, 3.04], "texture": "#mesh_palette"},
				"up": {"uv": [12.96, 0.96, 15.04, 3.04], "texture": "#mesh_palette"},
				"down": {"uv": [12.96, 0.96, 15.04, 3.04], "texture": "#mesh_palette"}
			}
		},
		{
			"name": "Voxels-E3E3E3",
			"from": [8.5, 0, 11.25],
			"to": [8.75, 0.25, 11.5],
			"faces": {
				"north": {"uv": [4.96, 0.96, 7.04, 3.04], "texture": "#mesh_palette"},
				"east": {"uv": [4.96, 0.96, 7.04, 3.04], "texture": "#mesh_palette"},
				"south": {"uv": [4.96, 0.96, 7.04, 3.04], "texture": "#mesh_palette"},
				"west": {"uv": [4.96, 0.96, 7.04, 3.04], "texture": "#mesh_palette"},
				"up": {"uv": [4.96, 0.96, 7.04, 3.04], "texture": "#mesh_palette"},
				"down": {"uv": [4.96, 0.96, 7.04, 3.04], "texture": "#mesh_palette"}
			}
		},
		{
			"name": "Voxels-4C6A10",
			"from": [8.5, 0.75, 5],
			"to": [9, 1, 5.25],
			"faces": {
				"north": {"uv": [8.96, 4.96, 11.04, 7.04], "texture": "#mesh_palette"},
				"east": {"uv": [8.96, 4.96, 11.04, 7.04], "texture": "#mesh_palette"},
				"south": {"uv": [8.96, 4.96, 11.04, 7.04], "texture": "#mesh_palette"},
				"west": {"uv": [8.96, 4.96, 11.04, 7.04], "texture": "#mesh_palette"},
				"up": {"uv": [8.96, 4.96, 11.04, 7.04], "texture": "#mesh_palette"},
				"down": {"uv": [8.96, 4.96, 11.04, 7.04], "texture": "#mesh_palette"}
			}
		},
		{
			"name": "Voxels-E3E3E3",
			"from": [8.75, 0, 9.75],
			"to": [11.5, 0.25, 10.5],
			"faces": {
				"north": {"uv": [4.96, 0.96, 7.04, 3.04], "texture": "#mesh_palette"},
				"east": {"uv": [4.96, 0.96, 7.04, 3.04], "texture": "#mesh_palette"},
				"south": {"uv": [4.96, 0.96, 7.04, 3.04], "texture": "#mesh_palette"},
				"west": {"uv": [4.96, 0.96, 7.04, 3.04], "texture": "#mesh_palette"},
				"up": {"uv": [4.96, 0.96, 7.04, 3.04], "texture": "#mesh_palette"},
				"down": {"uv": [4.96, 0.96, 7.04, 3.04], "texture": "#mesh_palette"}
			}
		},
		{
			"name": "Voxels-E3E3E3",
			"from": [8.75, 0, 12],
			"to": [9, 0.25, 12.25],
			"faces": {
				"north": {"uv": [4.96, 0.96, 7.04, 3.04], "texture": "#mesh_palette"},
				"east": {"uv": [4.96, 0.96, 7.04, 3.04], "texture": "#mesh_palette"},
				"south": {"uv": [4.96, 0.96, 7.04, 3.04], "texture": "#mesh_palette"},
				"west": {"uv": [4.96, 0.96, 7.04, 3.04], "texture": "#mesh_palette"},
				"up": {"uv": [4.96, 0.96, 7.04, 3.04], "texture": "#mesh_palette"},
				"down": {"uv": [4.96, 0.96, 7.04, 3.04], "texture": "#mesh_palette"}
			}
		},
		{
			"name": "Voxels-F9F8DA",
			"from": [8.75, 0.25, 4.5],
			"to": [9, 0.5, 4.75],
			"faces": {
				"north": {"uv": [4.96, 4.96, 7.04, 7.04], "texture": "#mesh_palette"},
				"east": {"uv": [4.96, 4.96, 7.04, 7.04], "texture": "#mesh_palette"},
				"south": {"uv": [4.96, 4.96, 7.04, 7.04], "texture": "#mesh_palette"},
				"west": {"uv": [4.96, 4.96, 7.04, 7.04], "texture": "#mesh_palette"},
				"up": {"uv": [4.96, 4.96, 7.04, 7.04], "texture": "#mesh_palette"},
				"down": {"uv": [4.96, 4.96, 7.04, 7.04], "texture": "#mesh_palette"}
			}
		},
		{
			"name": "Voxels-F9F8DA",
			"from": [8.75, 0.25, 5.5],
			"to": [9, 0.75, 5.75],
			"faces": {
				"north": {"uv": [4.96, 4.96, 7.04, 7.04], "texture": "#mesh_palette"},
				"east": {"uv": [4.96, 4.96, 7.04, 7.04], "texture": "#mesh_palette"},
				"south": {"uv": [4.96, 4.96, 7.04, 7.04], "texture": "#mesh_palette"},
				"west": {"uv": [4.96, 4.96, 7.04, 7.04], "texture": "#mesh_palette"},
				"up": {"uv": [4.96, 4.96, 7.04, 7.04], "texture": "#mesh_palette"},
				"down": {"uv": [4.96, 4.96, 7.04, 7.04], "texture": "#mesh_palette"}
			}
		},
		{
			"name": "Voxels-F9F8DA",
			"from": [8.75, 0.5, 4.75],
			"to": [9, 0.75, 5],
			"faces": {
				"north": {"uv": [4.96, 4.96, 7.04, 7.04], "texture": "#mesh_palette"},
				"east": {"uv": [4.96, 4.96, 7.04, 7.04], "texture": "#mesh_palette"},
				"south": {"uv": [4.96, 4.96, 7.04, 7.04], "texture": "#mesh_palette"},
				"west": {"uv": [4.96, 4.96, 7.04, 7.04], "texture": "#mesh_palette"},
				"up": {"uv": [4.96, 4.96, 7.04, 7.04], "texture": "#mesh_palette"},
				"down": {"uv": [4.96, 4.96, 7.04, 7.04], "texture": "#mesh_palette"}
			}
		},
		{
			"name": "Voxels-F9F8DA",
			"from": [9, 0, 4.5],
			"to": [9.75, 0.25, 4.75],
			"faces": {
				"north": {"uv": [4.96, 4.96, 7.04, 7.04], "texture": "#mesh_palette"},
				"east": {"uv": [4.96, 4.96, 7.04, 7.04], "texture": "#mesh_palette"},
				"south": {"uv": [4.96, 4.96, 7.04, 7.04], "texture": "#mesh_palette"},
				"west": {"uv": [4.96, 4.96, 7.04, 7.04], "texture": "#mesh_palette"},
				"up": {"uv": [4.96, 4.96, 7.04, 7.04], "texture": "#mesh_palette"},
				"down": {"uv": [4.96, 4.96, 7.04, 7.04], "texture": "#mesh_palette"}
			}
		},
		{
			"name": "Voxels-F9F8DA",
			"from": [9, 0, 5],
			"to": [9.75, 0.25, 5.5],
			"faces": {
				"north": {"uv": [4.96, 4.96, 7.04, 7.04], "texture": "#mesh_palette"},
				"east": {"uv": [4.96, 4.96, 7.04, 7.04], "texture": "#mesh_palette"},
				"south": {"uv": [4.96, 4.96, 7.04, 7.04], "texture": "#mesh_palette"},
				"west": {"uv": [4.96, 4.96, 7.04, 7.04], "texture": "#mesh_palette"},
				"up": {"uv": [4.96, 4.96, 7.04, 7.04], "texture": "#mesh_palette"},
				"down": {"uv": [4.96, 4.96, 7.04, 7.04], "texture": "#mesh_palette"}
			}
		},
		{
			"name": "Voxels-E3E3E3",
			"from": [9, 0, 8.75],
			"to": [9.25, 0.25, 9],
			"faces": {
				"north": {"uv": [4.96, 0.96, 7.04, 3.04], "texture": "#mesh_palette"},
				"east": {"uv": [4.96, 0.96, 7.04, 3.04], "texture": "#mesh_palette"},
				"south": {"uv": [4.96, 0.96, 7.04, 3.04], "texture": "#mesh_palette"},
				"west": {"uv": [4.96, 0.96, 7.04, 3.04], "texture": "#mesh_palette"},
				"up": {"uv": [4.96, 0.96, 7.04, 3.04], "texture": "#mesh_palette"},
				"down": {"uv": [4.96, 0.96, 7.04, 3.04], "texture": "#mesh_palette"}
			}
		},
		{
			"name": "Voxels-F0F0F0",
			"from": [9, 0, 9.5],
			"to": [9.25, 0.25, 9.75],
			"faces": {
				"north": {"uv": [0.96, 4.96, 3.04, 7.04], "texture": "#mesh_palette"},
				"east": {"uv": [0.96, 4.96, 3.04, 7.04], "texture": "#mesh_palette"},
				"south": {"uv": [0.96, 4.96, 3.04, 7.04], "texture": "#mesh_palette"},
				"west": {"uv": [0.96, 4.96, 3.04, 7.04], "texture": "#mesh_palette"},
				"up": {"uv": [0.96, 4.96, 3.04, 7.04], "texture": "#mesh_palette"},
				"down": {"uv": [0.96, 4.96, 3.04, 7.04], "texture": "#mesh_palette"}
			}
		},
		{
			"name": "Voxels-E3E3E3",
			"from": [9, 0, 10.5],
			"to": [11.75, 0.25, 11],
			"faces": {
				"north": {"uv": [4.96, 0.96, 7.04, 3.04], "texture": "#mesh_palette"},
				"east": {"uv": [4.96, 0.96, 7.04, 3.04], "texture": "#mesh_palette"},
				"south": {"uv": [4.96, 0.96, 7.04, 3.04], "texture": "#mesh_palette"},
				"west": {"uv": [4.96, 0.96, 7.04, 3.04], "texture": "#mesh_palette"},
				"up": {"uv": [4.96, 0.96, 7.04, 3.04], "texture": "#mesh_palette"},
				"down": {"uv": [4.96, 0.96, 7.04, 3.04], "texture": "#mesh_palette"}
			}
		},
		{
			"name": "Voxels-E3E3E3",
			"from": [9, 0, 11],
			"to": [11, 0.25, 11.25],
			"faces": {
				"north": {"uv": [4.96, 0.96, 7.04, 3.04], "texture": "#mesh_palette"},
				"east": {"uv": [4.96, 0.96, 7.04, 3.04], "texture": "#mesh_palette"},
				"south": {"uv": [4.96, 0.96, 7.04, 3.04], "texture": "#mesh_palette"},
				"west": {"uv": [4.96, 0.96, 7.04, 3.04], "texture": "#mesh_palette"},
				"up": {"uv": [4.96, 0.96, 7.04, 3.04], "texture": "#mesh_palette"},
				"down": {"uv": [4.96, 0.96, 7.04, 3.04], "texture": "#mesh_palette"}
			}
		},
		{
			"name": "Voxels-4C6A10",
			"from": [9, 0.25, 4.5],
			"to": [9.75, 0.5, 4.75],
			"faces": {
				"north": {"uv": [8.96, 4.96, 11.04, 7.04], "texture": "#mesh_palette"},
				"east": {"uv": [8.96, 4.96, 11.04, 7.04], "texture": "#mesh_palette"},
				"south": {"uv": [8.96, 4.96, 11.04, 7.04], "texture": "#mesh_palette"},
				"west": {"uv": [8.96, 4.96, 11.04, 7.04], "texture": "#mesh_palette"},
				"up": {"uv": [8.96, 4.96, 11.04, 7.04], "texture": "#mesh_palette"},
				"down": {"uv": [8.96, 4.96, 11.04, 7.04], "texture": "#mesh_palette"}
			}
		},
		{
			"name": "Voxels-4C6A10",
			"from": [9, 0.25, 5.5],
			"to": [9.75, 0.75, 5.75],
			"faces": {
				"north": {"uv": [8.96, 4.96, 11.04, 7.04], "texture": "#mesh_palette"},
				"east": {"uv": [8.96, 4.96, 11.04, 7.04], "texture": "#mesh_palette"},
				"south": {"uv": [8.96, 4.96, 11.04, 7.04], "texture": "#mesh_palette"},
				"west": {"uv": [8.96, 4.96, 11.04, 7.04], "texture": "#mesh_palette"},
				"up": {"uv": [8.96, 4.96, 11.04, 7.04], "texture": "#mesh_palette"},
				"down": {"uv": [8.96, 4.96, 11.04, 7.04], "texture": "#mesh_palette"}
			}
		},
		{
			"name": "Voxels-F0F0F0",
			"from": [9, 0.25, 10],
			"to": [9.25, 0.5, 10.25],
			"faces": {
				"north": {"uv": [0.96, 4.96, 3.04, 7.04], "texture": "#mesh_palette"},
				"east": {"uv": [0.96, 4.96, 3.04, 7.04], "texture": "#mesh_palette"},
				"south": {"uv": [0.96, 4.96, 3.04, 7.04], "texture": "#mesh_palette"},
				"west": {"uv": [0.96, 4.96, 3.04, 7.04], "texture": "#mesh_palette"},
				"up": {"uv": [0.96, 4.96, 3.04, 7.04], "texture": "#mesh_palette"},
				"down": {"uv": [0.96, 4.96, 3.04, 7.04], "texture": "#mesh_palette"}
			}
		},
		{
			"name": "Voxels-C3C3C3",
			"from": [9, 0.25, 10.25],
			"to": [9.25, 0.5, 10.5],
			"faces": {
				"north": {"uv": [8.96, 0.96, 11.04, 3.04], "texture": "#mesh_palette"},
				"east": {"uv": [8.96, 0.96, 11.04, 3.04], "texture": "#mesh_palette"},
				"south": {"uv": [8.96, 0.96, 11.04, 3.04], "texture": "#mesh_palette"},
				"west": {"uv": [8.96, 0.96, 11.04, 3.04], "texture": "#mesh_palette"},
				"up": {"uv": [8.96, 0.96, 11.04, 3.04], "texture": "#mesh_palette"},
				"down": {"uv": [8.96, 0.96, 11.04, 3.04], "texture": "#mesh_palette"}
			}
		},
		{
			"name": "Voxels-4C6A10",
			"from": [9, 0.5, 4.75],
			"to": [9.75, 0.75, 5],
			"faces": {
				"north": {"uv": [8.96, 4.96, 11.04, 7.04], "texture": "#mesh_palette"},
				"east": {"uv": [8.96, 4.96, 11.04, 7.04], "texture": "#mesh_palette"},
				"south": {"uv": [8.96, 4.96, 11.04, 7.04], "texture": "#mesh_palette"},
				"west": {"uv": [8.96, 4.96, 11.04, 7.04], "texture": "#mesh_palette"},
				"up": {"uv": [8.96, 4.96, 11.04, 7.04], "texture": "#mesh_palette"},
				"down": {"uv": [8.96, 4.96, 11.04, 7.04], "texture": "#mesh_palette"}
			}
		},
		{
			"name": "Voxels-F9F8DA",
			"from": [9, 0.75, 5],
			"to": [9.75, 1, 5.5],
			"faces": {
				"north": {"uv": [4.96, 4.96, 7.04, 7.04], "texture": "#mesh_palette"},
				"east": {"uv": [4.96, 4.96, 7.04, 7.04], "texture": "#mesh_palette"},
				"south": {"uv": [4.96, 4.96, 7.04, 7.04], "texture": "#mesh_palette"},
				"west": {"uv": [4.96, 4.96, 7.04, 7.04], "texture": "#mesh_palette"},
				"up": {"uv": [4.96, 4.96, 7.04, 7.04], "texture": "#mesh_palette"},
				"down": {"uv": [4.96, 4.96, 7.04, 7.04], "texture": "#mesh_palette"}
			}
		},
		{
			"name": "Voxels-E3E3E3",
			"from": [9.25, 0, 7],
			"to": [9.5, 0.25, 7.25],
			"faces": {
				"north": {"uv": [4.96, 0.96, 7.04, 3.04], "texture": "#mesh_palette"},
				"east": {"uv": [4.96, 0.96, 7.04, 3.04], "texture": "#mesh_palette"},
				"south": {"uv": [4.96, 0.96, 7.04, 3.04], "texture": "#mesh_palette"},
				"west": {"uv": [4.96, 0.96, 7.04, 3.04], "texture": "#mesh_palette"},
				"up": {"uv": [4.96, 0.96, 7.04, 3.04], "texture": "#mesh_palette"},
				"down": {"uv": [4.96, 0.96, 7.04, 3.04], "texture": "#mesh_palette"}
			}
		},
		{
			"name": "Voxels-E3E3E3",
			"from": [9.25, 0, 9.25],
			"to": [11.5, 0.25, 9.75],
			"faces": {
				"north": {"uv": [4.96, 0.96, 7.04, 3.04], "texture": "#mesh_palette"},
				"east": {"uv": [4.96, 0.96, 7.04, 3.04], "texture": "#mesh_palette"},
				"south": {"uv": [4.96, 0.96, 7.04, 3.04], "texture": "#mesh_palette"},
				"west": {"uv": [4.96, 0.96, 7.04, 3.04], "texture": "#mesh_palette"},
				"up": {"uv": [4.96, 0.96, 7.04, 3.04], "texture": "#mesh_palette"},
				"down": {"uv": [4.96, 0.96, 7.04, 3.04], "texture": "#mesh_palette"}
			}
		},
		{
			"name": "Voxels-E3E3E3",
			"from": [9.25, 0, 11.25],
			"to": [10.5, 0.25, 11.5],
			"faces": {
				"north": {"uv": [4.96, 0.96, 7.04, 3.04], "texture": "#mesh_palette"},
				"east": {"uv": [4.96, 0.96, 7.04, 3.04], "texture": "#mesh_palette"},
				"south": {"uv": [4.96, 0.96, 7.04, 3.04], "texture": "#mesh_palette"},
				"west": {"uv": [4.96, 0.96, 7.04, 3.04], "texture": "#mesh_palette"},
				"up": {"uv": [4.96, 0.96, 7.04, 3.04], "texture": "#mesh_palette"},
				"down": {"uv": [4.96, 0.96, 7.04, 3.04], "texture": "#mesh_palette"}
			}
		},
		{
			"name": "Voxels-E3E3E3",
			"from": [9.25, 0, 13],
			"to": [9.5, 0.25, 13.25],
			"faces": {
				"north": {"uv": [4.96, 0.96, 7.04, 3.04], "texture": "#mesh_palette"},
				"east": {"uv": [4.96, 0.96, 7.04, 3.04], "texture": "#mesh_palette"},
				"south": {"uv": [4.96, 0.96, 7.04, 3.04], "texture": "#mesh_palette"},
				"west": {"uv": [4.96, 0.96, 7.04, 3.04], "texture": "#mesh_palette"},
				"up": {"uv": [4.96, 0.96, 7.04, 3.04], "texture": "#mesh_palette"},
				"down": {"uv": [4.96, 0.96, 7.04, 3.04], "texture": "#mesh_palette"}
			}
		},
		{
			"name": "Voxels-E3E3E3",
			"from": [9.25, 0.25, 9.75],
			"to": [11, 0.5, 11.25],
			"faces": {
				"north": {"uv": [4.96, 0.96, 7.04, 3.04], "texture": "#mesh_palette"},
				"east": {"uv": [4.96, 0.96, 7.04, 3.04], "texture": "#mesh_palette"},
				"south": {"uv": [4.96, 0.96, 7.04, 3.04], "texture": "#mesh_palette"},
				"west": {"uv": [4.96, 0.96, 7.04, 3.04], "texture": "#mesh_palette"},
				"up": {"uv": [4.96, 0.96, 7.04, 3.04], "texture": "#mesh_palette"},
				"down": {"uv": [4.96, 0.96, 7.04, 3.04], "texture": "#mesh_palette"}
			}
		},
		{
			"name": "Voxels-D4D4D4",
			"from": [9.5, 0, 11.5],
			"to": [9.75, 0.25, 11.75],
			"faces": {
				"north": {"uv": [12.96, 0.96, 15.04, 3.04], "texture": "#mesh_palette"},
				"east": {"uv": [12.96, 0.96, 15.04, 3.04], "texture": "#mesh_palette"},
				"south": {"uv": [12.96, 0.96, 15.04, 3.04], "texture": "#mesh_palette"},
				"west": {"uv": [12.96, 0.96, 15.04, 3.04], "texture": "#mesh_palette"},
				"up": {"uv": [12.96, 0.96, 15.04, 3.04], "texture": "#mesh_palette"},
				"down": {"uv": [12.96, 0.96, 15.04, 3.04], "texture": "#mesh_palette"}
			}
		},
		{
			"name": "Voxels-F0F0F0",
			"from": [9.5, 0.25, 9.5],
			"to": [9.75, 0.5, 9.75],
			"faces": {
				"north": {"uv": [0.96, 4.96, 3.04, 7.04], "texture": "#mesh_palette"},
				"east": {"uv": [0.96, 4.96, 3.04, 7.04], "texture": "#mesh_palette"},
				"south": {"uv": [0.96, 4.96, 3.04, 7.04], "texture": "#mesh_palette"},
				"west": {"uv": [0.96, 4.96, 3.04, 7.04], "texture": "#mesh_palette"},
				"up": {"uv": [0.96, 4.96, 3.04, 7.04], "texture": "#mesh_palette"},
				"down": {"uv": [0.96, 4.96, 3.04, 7.04], "texture": "#mesh_palette"}
			}
		},
		{
			"name": "Voxels-E3E3E3",
			"from": [9.5, 0.25, 11.25],
			"to": [10.25, 0.5, 11.5],
			"faces": {
				"north": {"uv": [4.96, 0.96, 7.04, 3.04], "texture": "#mesh_palette"},
				"east": {"uv": [4.96, 0.96, 7.04, 3.04], "texture": "#mesh_palette"},
				"south": {"uv": [4.96, 0.96, 7.04, 3.04], "texture": "#mesh_palette"},
				"west": {"uv": [4.96, 0.96, 7.04, 3.04], "texture": "#mesh_palette"},
				"up": {"uv": [4.96, 0.96, 7.04, 3.04], "texture": "#mesh_palette"},
				"down": {"uv": [4.96, 0.96, 7.04, 3.04], "texture": "#mesh_palette"}
			}
		},
		{
			"name": "Voxels-E3E3E3",
			"from": [9.5, 0.5, 10],
			"to": [11, 0.75, 10.25],
			"faces": {
				"north": {"uv": [4.96, 0.96, 7.04, 3.04], "texture": "#mesh_palette"},
				"east": {"uv": [4.96, 0.96, 7.04, 3.04], "texture": "#mesh_palette"},
				"south": {"uv": [4.96, 0.96, 7.04, 3.04], "texture": "#mesh_palette"},
				"west": {"uv": [4.96, 0.96, 7.04, 3.04], "texture": "#mesh_palette"},
				"up": {"uv": [4.96, 0.96, 7.04, 3.04], "texture": "#mesh_palette"},
				"down": {"uv": [4.96, 0.96, 7.04, 3.04], "texture": "#mesh_palette"}
			}
		},
		{
			"name": "Voxels-E3E3E3",
			"from": [9.5, 0.5, 10.25],
			"to": [10.75, 0.75, 10.5],
			"faces": {
				"north": {"uv": [4.96, 0.96, 7.04, 3.04], "texture": "#mesh_palette"},
				"east": {"uv": [4.96, 0.96, 7.04, 3.04], "texture": "#mesh_palette"},
				"south": {"uv": [4.96, 0.96, 7.04, 3.04], "texture": "#mesh_palette"},
				"west": {"uv": [4.96, 0.96, 7.04, 3.04], "texture": "#mesh_palette"},
				"up": {"uv": [4.96, 0.96, 7.04, 3.04], "texture": "#mesh_palette"},
				"down": {"uv": [4.96, 0.96, 7.04, 3.04], "texture": "#mesh_palette"}
			}
		},
		{
			"name": "Voxels-F0F0F0",
			"from": [9.5, 0.5, 10.5],
			"to": [9.75, 0.75, 10.75],
			"faces": {
				"north": {"uv": [0.96, 4.96, 3.04, 7.04], "texture": "#mesh_palette"},
				"east": {"uv": [0.96, 4.96, 3.04, 7.04], "texture": "#mesh_palette"},
				"south": {"uv": [0.96, 4.96, 3.04, 7.04], "texture": "#mesh_palette"},
				"west": {"uv": [0.96, 4.96, 3.04, 7.04], "texture": "#mesh_palette"},
				"up": {"uv": [0.96, 4.96, 3.04, 7.04], "texture": "#mesh_palette"},
				"down": {"uv": [0.96, 4.96, 3.04, 7.04], "texture": "#mesh_palette"}
			}
		},
		{
			"name": "Voxels-E3E3E3",
			"from": [9.5, 0.5, 10.75],
			"to": [10.5, 0.75, 11],
			"faces": {
				"north": {"uv": [4.96, 0.96, 7.04, 3.04], "texture": "#mesh_palette"},
				"east": {"uv": [4.96, 0.96, 7.04, 3.04], "texture": "#mesh_palette"},
				"south": {"uv": [4.96, 0.96, 7.04, 3.04], "texture": "#mesh_palette"},
				"west": {"uv": [4.96, 0.96, 7.04, 3.04], "texture": "#mesh_palette"},
				"up": {"uv": [4.96, 0.96, 7.04, 3.04], "texture": "#mesh_palette"},
				"down": {"uv": [4.96, 0.96, 7.04, 3.04], "texture": "#mesh_palette"}
			}
		},
		{
			"name": "Voxels-E3E3E3",
			"from": [9.5, 0.5, 11],
			"to": [9.75, 0.75, 11.25],
			"faces": {
				"north": {"uv": [4.96, 0.96, 7.04, 3.04], "texture": "#mesh_palette"},
				"east": {"uv": [4.96, 0.96, 7.04, 3.04], "texture": "#mesh_palette"},
				"south": {"uv": [4.96, 0.96, 7.04, 3.04], "texture": "#mesh_palette"},
				"west": {"uv": [4.96, 0.96, 7.04, 3.04], "texture": "#mesh_palette"},
				"up": {"uv": [4.96, 0.96, 7.04, 3.04], "texture": "#mesh_palette"},
				"down": {"uv": [4.96, 0.96, 7.04, 3.04], "texture": "#mesh_palette"}
			}
		},
		{
			"name": "Voxels-4C6A10",
			"from": [9.75, 0, 4.5],
			"to": [11, 0.25, 4.75],
			"faces": {
				"north": {"uv": [8.96, 4.96, 11.04, 7.04], "texture": "#mesh_palette"},
				"east": {"uv": [8.96, 4.96, 11.04, 7.04], "texture": "#mesh_palette"},
				"south": {"uv": [8.96, 4.96, 11.04, 7.04], "texture": "#mesh_palette"},
				"west": {"uv": [8.96, 4.96, 11.04, 7.04], "texture": "#mesh_palette"},
				"up": {"uv": [8.96, 4.96, 11.04, 7.04], "texture": "#mesh_palette"},
				"down": {"uv": [8.96, 4.96, 11.04, 7.04], "texture": "#mesh_palette"}
			}
		},
		{
			"name": "Voxels-4C6A10",
			"from": [9.75, 0, 5],
			"to": [10.25, 0.25, 5.5],
			"faces": {
				"north": {"uv": [8.96, 4.96, 11.04, 7.04], "texture": "#mesh_palette"},
				"east": {"uv": [8.96, 4.96, 11.04, 7.04], "texture": "#mesh_palette"},
				"south": {"uv": [8.96, 4.96, 11.04, 7.04], "texture": "#mesh_palette"},
				"west": {"uv": [8.96, 4.96, 11.04, 7.04], "texture": "#mesh_palette"},
				"up": {"uv": [8.96, 4.96, 11.04, 7.04], "texture": "#mesh_palette"},
				"down": {"uv": [8.96, 4.96, 11.04, 7.04], "texture": "#mesh_palette"}
			}
		},
		{
			"name": "Voxels-F0F0F0",
			"from": [9.75, 0, 11.5],
			"to": [10, 0.25, 11.75],
			"faces": {
				"north": {"uv": [0.96, 4.96, 3.04, 7.04], "texture": "#mesh_palette"},
				"east": {"uv": [0.96, 4.96, 3.04, 7.04], "texture": "#mesh_palette"},
				"south": {"uv": [0.96, 4.96, 3.04, 7.04], "texture": "#mesh_palette"},
				"west": {"uv": [0.96, 4.96, 3.04, 7.04], "texture": "#mesh_palette"},
				"up": {"uv": [0.96, 4.96, 3.04, 7.04], "texture": "#mesh_palette"},
				"down": {"uv": [0.96, 4.96, 3.04, 7.04], "texture": "#mesh_palette"}
			}
		},
		{
			"name": "Voxels-F9F8DA",
			"from": [9.75, 0.25, 4.5],
			"to": [10, 0.5, 4.75],
			"faces": {
				"north": {"uv": [4.96, 4.96, 7.04, 7.04], "texture": "#mesh_palette"},
				"east": {"uv": [4.96, 4.96, 7.04, 7.04], "texture": "#mesh_palette"},
				"south": {"uv": [4.96, 4.96, 7.04, 7.04], "texture": "#mesh_palette"},
				"west": {"uv": [4.96, 4.96, 7.04, 7.04], "texture": "#mesh_palette"},
				"up": {"uv": [4.96, 4.96, 7.04, 7.04], "texture": "#mesh_palette"},
				"down": {"uv": [4.96, 4.96, 7.04, 7.04], "texture": "#mesh_palette"}
			}
		},
		{
			"name": "Voxels-F9F8DA",
			"from": [9.75, 0.25, 5.5],
			"to": [10, 0.75, 5.75],
			"faces": {
				"north": {"uv": [4.96, 4.96, 7.04, 7.04], "texture": "#mesh_palette"},
				"east": {"uv": [4.96, 4.96, 7.04, 7.04], "texture": "#mesh_palette"},
				"south": {"uv": [4.96, 4.96, 7.04, 7.04], "texture": "#mesh_palette"},
				"west": {"uv": [4.96, 4.96, 7.04, 7.04], "texture": "#mesh_palette"},
				"up": {"uv": [4.96, 4.96, 7.04, 7.04], "texture": "#mesh_palette"},
				"down": {"uv": [4.96, 4.96, 7.04, 7.04], "texture": "#mesh_palette"}
			}
		},
		{
			"name": "Voxels-E3E3E3",
			"from": [9.75, 0.25, 9.5],
			"to": [10.75, 0.5, 9.75],
			"faces": {
				"north": {"uv": [4.96, 0.96, 7.04, 3.04], "texture": "#mesh_palette"},
				"east": {"uv": [4.96, 0.96, 7.04, 3.04], "texture": "#mesh_palette"},
				"south": {"uv": [4.96, 0.96, 7.04, 3.04], "texture": "#mesh_palette"},
				"west": {"uv": [4.96, 0.96, 7.04, 3.04], "texture": "#mesh_palette"},
				"up": {"uv": [4.96, 0.96, 7.04, 3.04], "texture": "#mesh_palette"},
				"down": {"uv": [4.96, 0.96, 7.04, 3.04], "texture": "#mesh_palette"}
			}
		},
		{
			"name": "Voxels-F9F8DA",
			"from": [9.75, 0.5, 4.75],
			"to": [10, 0.75, 5],
			"faces": {
				"north": {"uv": [4.96, 4.96, 7.04, 7.04], "texture": "#mesh_palette"},
				"east": {"uv": [4.96, 4.96, 7.04, 7.04], "texture": "#mesh_palette"},
				"south": {"uv": [4.96, 4.96, 7.04, 7.04], "texture": "#mesh_palette"},
				"west": {"uv": [4.96, 4.96, 7.04, 7.04], "texture": "#mesh_palette"},
				"up": {"uv": [4.96, 4.96, 7.04, 7.04], "texture": "#mesh_palette"},
				"down": {"uv": [4.96, 4.96, 7.04, 7.04], "texture": "#mesh_palette"}
			}
		},
		{
			"name": "Voxels-E3E3E3",
			"from": [9.75, 0.5, 9.75],
			"to": [10.75, 0.75, 10],
			"faces": {
				"north": {"uv": [4.96, 0.96, 7.04, 3.04], "texture": "#mesh_palette"},
				"east": {"uv": [4.96, 0.96, 7.04, 3.04], "texture": "#mesh_palette"},
				"south": {"uv": [4.96, 0.96, 7.04, 3.04], "texture": "#mesh_palette"},
				"west": {"uv": [4.96, 0.96, 7.04, 3.04], "texture": "#mesh_palette"},
				"up": {"uv": [4.96, 0.96, 7.04, 3.04], "texture": "#mesh_palette"},
				"down": {"uv": [4.96, 0.96, 7.04, 3.04], "texture": "#mesh_palette"}
			}
		},
		{
			"name": "Voxels-E3E3E3",
			"from": [9.75, 0.5, 10.5],
			"to": [11, 0.75, 10.75],
			"faces": {
				"north": {"uv": [4.96, 0.96, 7.04, 3.04], "texture": "#mesh_palette"},
				"east": {"uv": [4.96, 0.96, 7.04, 3.04], "texture": "#mesh_palette"},
				"south": {"uv": [4.96, 0.96, 7.04, 3.04], "texture": "#mesh_palette"},
				"west": {"uv": [4.96, 0.96, 7.04, 3.04], "texture": "#mesh_palette"},
				"up": {"uv": [4.96, 0.96, 7.04, 3.04], "texture": "#mesh_palette"},
				"down": {"uv": [4.96, 0.96, 7.04, 3.04], "texture": "#mesh_palette"}
			}
		},
		{
			"name": "Voxels-D4D4D4",
			"from": [9.75, 0.5, 11],
			"to": [10, 0.75, 11.25],
			"faces": {
				"north": {"uv": [12.96, 0.96, 15.04, 3.04], "texture": "#mesh_palette"},
				"east": {"uv": [12.96, 0.96, 15.04, 3.04], "texture": "#mesh_palette"},
				"south": {"uv": [12.96, 0.96, 15.04, 3.04], "texture": "#mesh_palette"},
				"west": {"uv": [12.96, 0.96, 15.04, 3.04], "texture": "#mesh_palette"},
				"up": {"uv": [12.96, 0.96, 15.04, 3.04], "texture": "#mesh_palette"},
				"down": {"uv": [12.96, 0.96, 15.04, 3.04], "texture": "#mesh_palette"}
			}
		},
		{
			"name": "Voxels-4C6A10",
			"from": [9.75, 0.75, 5],
			"to": [10.25, 1, 5.5],
			"faces": {
				"north": {"uv": [8.96, 4.96, 11.04, 7.04], "texture": "#mesh_palette"},
				"east": {"uv": [8.96, 4.96, 11.04, 7.04], "texture": "#mesh_palette"},
				"south": {"uv": [8.96, 4.96, 11.04, 7.04], "texture": "#mesh_palette"},
				"west": {"uv": [8.96, 4.96, 11.04, 7.04], "texture": "#mesh_palette"},
				"up": {"uv": [8.96, 4.96, 11.04, 7.04], "texture": "#mesh_palette"},
				"down": {"uv": [8.96, 4.96, 11.04, 7.04], "texture": "#mesh_palette"}
			}
		},
		{
			"name": "Voxels-E3E3E3",
			"from": [9.75, 0.75, 10.25],
			"to": [10.5, 1, 10.75],
			"faces": {
				"north": {"uv": [4.96, 0.96, 7.04, 3.04], "texture": "#mesh_palette"},
				"east": {"uv": [4.96, 0.96, 7.04, 3.04], "texture": "#mesh_palette"},
				"south": {"uv": [4.96, 0.96, 7.04, 3.04], "texture": "#mesh_palette"},
				"west": {"uv": [4.96, 0.96, 7.04, 3.04], "texture": "#mesh_palette"},
				"up": {"uv": [4.96, 0.96, 7.04, 3.04], "texture": "#mesh_palette"},
				"down": {"uv": [4.96, 0.96, 7.04, 3.04], "texture": "#mesh_palette"}
			}
		},
		{
			"name": "Voxels-C3C3C3",
			"from": [9.75, 0.75, 10.75],
			"to": [10, 1, 11],
			"faces": {
				"north": {"uv": [8.96, 0.96, 11.04, 3.04], "texture": "#mesh_palette"},
				"east": {"uv": [8.96, 0.96, 11.04, 3.04], "texture": "#mesh_palette"},
				"south": {"uv": [8.96, 0.96, 11.04, 3.04], "texture": "#mesh_palette"},
				"west": {"uv": [8.96, 0.96, 11.04, 3.04], "texture": "#mesh_palette"},
				"up": {"uv": [8.96, 0.96, 11.04, 3.04], "texture": "#mesh_palette"},
				"down": {"uv": [8.96, 0.96, 11.04, 3.04], "texture": "#mesh_palette"}
			}
		},
		{
			"name": "Voxels-E3E3E3",
			"from": [10, 0, 11.5],
			"to": [10.75, 0.25, 11.75],
			"faces": {
				"north": {"uv": [4.96, 0.96, 7.04, 3.04], "texture": "#mesh_palette"},
				"east": {"uv": [4.96, 0.96, 7.04, 3.04], "texture": "#mesh_palette"},
				"south": {"uv": [4.96, 0.96, 7.04, 3.04], "texture": "#mesh_palette"},
				"west": {"uv": [4.96, 0.96, 7.04, 3.04], "texture": "#mesh_palette"},
				"up": {"uv": [4.96, 0.96, 7.04, 3.04], "texture": "#mesh_palette"},
				"down": {"uv": [4.96, 0.96, 7.04, 3.04], "texture": "#mesh_palette"}
			}
		},
		{
			"name": "Voxels-4C6A10",
			"from": [10, 0.25, 4.5],
			"to": [11, 0.5, 4.75],
			"faces": {
				"north": {"uv": [8.96, 4.96, 11.04, 7.04], "texture": "#mesh_palette"},
				"east": {"uv": [8.96, 4.96, 11.04, 7.04], "texture": "#mesh_palette"},
				"south": {"uv": [8.96, 4.96, 11.04, 7.04], "texture": "#mesh_palette"},
				"west": {"uv": [8.96, 4.96, 11.04, 7.04], "texture": "#mesh_palette"},
				"up": {"uv": [8.96, 4.96, 11.04, 7.04], "texture": "#mesh_palette"},
				"down": {"uv": [8.96, 4.96, 11.04, 7.04], "texture": "#mesh_palette"}
			}
		},
		{
			"name": "Voxels-4C6A10",
			"from": [10, 0.25, 5.5],
			"to": [11, 0.5, 5.75],
			"faces": {
				"north": {"uv": [8.96, 4.96, 11.04, 7.04], "texture": "#mesh_palette"},
				"east": {"uv": [8.96, 4.96, 11.04, 7.04], "texture": "#mesh_palette"},
				"south": {"uv": [8.96, 4.96, 11.04, 7.04], "texture": "#mesh_palette"},
				"west": {"uv": [8.96, 4.96, 11.04, 7.04], "texture": "#mesh_palette"},
				"up": {"uv": [8.96, 4.96, 11.04, 7.04], "texture": "#mesh_palette"},
				"down": {"uv": [8.96, 4.96, 11.04, 7.04], "texture": "#mesh_palette"}
			}
		},
		{
			"name": "Voxels-E3E3E3",
			"from": [10, 0.25, 9.25],
			"to": [10.25, 0.5, 9.5],
			"faces": {
				"north": {"uv": [4.96, 0.96, 7.04, 3.04], "texture": "#mesh_palette"},
				"east": {"uv": [4.96, 0.96, 7.04, 3.04], "texture": "#mesh_palette"},
				"south": {"uv": [4.96, 0.96, 7.04, 3.04], "texture": "#mesh_palette"},
				"west": {"uv": [4.96, 0.96, 7.04, 3.04], "texture": "#mesh_palette"},
				"up": {"uv": [4.96, 0.96, 7.04, 3.04], "texture": "#mesh_palette"},
				"down": {"uv": [4.96, 0.96, 7.04, 3.04], "texture": "#mesh_palette"}
			}
		},
		{
			"name": "Voxels-4C6A10",
			"from": [10, 0.5, 4.75],
			"to": [10.25, 0.75, 5],
			"faces": {
				"north": {"uv": [8.96, 4.96, 11.04, 7.04], "texture": "#mesh_palette"},
				"east": {"uv": [8.96, 4.96, 11.04, 7.04], "texture": "#mesh_palette"},
				"south": {"uv": [8.96, 4.96, 11.04, 7.04], "texture": "#mesh_palette"},
				"west": {"uv": [8.96, 4.96, 11.04, 7.04], "texture": "#mesh_palette"},
				"up": {"uv": [8.96, 4.96, 11.04, 7.04], "texture": "#mesh_palette"},
				"down": {"uv": [8.96, 4.96, 11.04, 7.04], "texture": "#mesh_palette"}
			}
		},
		{
			"name": "Voxels-4C6A10",
			"from": [10, 0.5, 5.5],
			"to": [10.25, 0.75, 5.75],
			"faces": {
				"north": {"uv": [8.96, 4.96, 11.04, 7.04], "texture": "#mesh_palette"},
				"east": {"uv": [8.96, 4.96, 11.04, 7.04], "texture": "#mesh_palette"},
				"south": {"uv": [8.96, 4.96, 11.04, 7.04], "texture": "#mesh_palette"},
				"west": {"uv": [8.96, 4.96, 11.04, 7.04], "texture": "#mesh_palette"},
				"up": {"uv": [8.96, 4.96, 11.04, 7.04], "texture": "#mesh_palette"},
				"down": {"uv": [8.96, 4.96, 11.04, 7.04], "texture": "#mesh_palette"}
			}
		},
		{
			"name": "Voxels-E3E3E3",
			"from": [10, 0.5, 9.5],
			"to": [10.25, 0.75, 9.75],
			"faces": {
				"north": {"uv": [4.96, 0.96, 7.04, 3.04], "texture": "#mesh_palette"},
				"east": {"uv": [4.96, 0.96, 7.04, 3.04], "texture": "#mesh_palette"},
				"south": {"uv": [4.96, 0.96, 7.04, 3.04], "texture": "#mesh_palette"},
				"west": {"uv": [4.96, 0.96, 7.04, 3.04], "texture": "#mesh_palette"},
				"up": {"uv": [4.96, 0.96, 7.04, 3.04], "texture": "#mesh_palette"},
				"down": {"uv": [4.96, 0.96, 7.04, 3.04], "texture": "#mesh_palette"}
			}
		},
		{
			"name": "Voxels-E3E3E3",
			"from": [10, 0.5, 11],
			"to": [10.5, 0.75, 11.25],
			"faces": {
				"north": {"uv": [4.96, 0.96, 7.04, 3.04], "texture": "#mesh_palette"},
				"east": {"uv": [4.96, 0.96, 7.04, 3.04], "texture": "#mesh_palette"},
				"south": {"uv": [4.96, 0.96, 7.04, 3.04], "texture": "#mesh_palette"},
				"west": {"uv": [4.96, 0.96, 7.04, 3.04], "texture": "#mesh_palette"},
				"up": {"uv": [4.96, 0.96, 7.04, 3.04], "texture": "#mesh_palette"},
				"down": {"uv": [4.96, 0.96, 7.04, 3.04], "texture": "#mesh_palette"}
			}
		},
		{
			"name": "Voxels-F0F0F0",
			"from": [10, 0.75, 10.75],
			"to": [10.25, 1, 11],
			"faces": {
				"north": {"uv": [0.96, 4.96, 3.04, 7.04], "texture": "#mesh_palette"},
				"east": {"uv": [0.96, 4.96, 3.04, 7.04], "texture": "#mesh_palette"},
				"south": {"uv": [0.96, 4.96, 3.04, 7.04], "texture": "#mesh_palette"},
				"west": {"uv": [0.96, 4.96, 3.04, 7.04], "texture": "#mesh_palette"},
				"up": {"uv": [0.96, 4.96, 3.04, 7.04], "texture": "#mesh_palette"},
				"down": {"uv": [0.96, 4.96, 3.04, 7.04], "texture": "#mesh_palette"}
			}
		},
		{
			"name": "Voxels-E3E3E3",
			"from": [10, 1, 10.5],
			"to": [10.25, 1.25, 10.75],
			"faces": {
				"north": {"uv": [4.96, 0.96, 7.04, 3.04], "texture": "#mesh_palette"},
				"east": {"uv": [4.96, 0.96, 7.04, 3.04], "texture": "#mesh_palette"},
				"south": {"uv": [4.96, 0.96, 7.04, 3.04], "texture": "#mesh_palette"},
				"west": {"uv": [4.96, 0.96, 7.04, 3.04], "texture": "#mesh_palette"},
				"up": {"uv": [4.96, 0.96, 7.04, 3.04], "texture": "#mesh_palette"},
				"down": {"uv": [4.96, 0.96, 7.04, 3.04], "texture": "#mesh_palette"}
			}
		},
		{
			"name": "Voxels-F9F8DA",
			"from": [10.25, 0, 5],
			"to": [10.5, 0.25, 5.25],
			"faces": {
				"north": {"uv": [4.96, 4.96, 7.04, 7.04], "texture": "#mesh_palette"},
				"east": {"uv": [4.96, 4.96, 7.04, 7.04], "texture": "#mesh_palette"},
				"south": {"uv": [4.96, 4.96, 7.04, 7.04], "texture": "#mesh_palette"},
				"west": {"uv": [4.96, 4.96, 7.04, 7.04], "texture": "#mesh_palette"},
				"up": {"uv": [4.96, 4.96, 7.04, 7.04], "texture": "#mesh_palette"},
				"down": {"uv": [4.96, 4.96, 7.04, 7.04], "texture": "#mesh_palette"}
			}
		},
		{
			"name": "Voxels-4C6A10",
			"from": [10.25, 0, 5.25],
			"to": [11, 0.25, 5.5],
			"faces": {
				"north": {"uv": [8.96, 4.96, 11.04, 7.04], "texture": "#mesh_palette"},
				"east": {"uv": [8.96, 4.96, 11.04, 7.04], "texture": "#mesh_palette"},
				"south": {"uv": [8.96, 4.96, 11.04, 7.04], "texture": "#mesh_palette"},
				"west": {"uv": [8.96, 4.96, 11.04, 7.04], "texture": "#mesh_palette"},
				"up": {"uv": [8.96, 4.96, 11.04, 7.04], "texture": "#mesh_palette"},
				"down": {"uv": [8.96, 4.96, 11.04, 7.04], "texture": "#mesh_palette"}
			}
		},
		{
			"name": "Voxels-E3E3E3",
			"from": [10.25, 0, 8.75],
			"to": [10.5, 0.25, 9],
			"faces": {
				"north": {"uv": [4.96, 0.96, 7.04, 3.04], "texture": "#mesh_palette"},
				"east": {"uv": [4.96, 0.96, 7.04, 3.04], "texture": "#mesh_palette"},
				"south": {"uv": [4.96, 0.96, 7.04, 3.04], "texture": "#mesh_palette"},
				"west": {"uv": [4.96, 0.96, 7.04, 3.04], "texture": "#mesh_palette"},
				"up": {"uv": [4.96, 0.96, 7.04, 3.04], "texture": "#mesh_palette"},
				"down": {"uv": [4.96, 0.96, 7.04, 3.04], "texture": "#mesh_palette"}
			}
		},
		{
			"name": "Voxels-E3E3E3",
			"from": [10.25, 0, 12],
			"to": [10.5, 0.25, 12.25],
			"faces": {
				"north": {"uv": [4.96, 0.96, 7.04, 3.04], "texture": "#mesh_palette"},
				"east": {"uv": [4.96, 0.96, 7.04, 3.04], "texture": "#mesh_palette"},
				"south": {"uv": [4.96, 0.96, 7.04, 3.04], "texture": "#mesh_palette"},
				"west": {"uv": [4.96, 0.96, 7.04, 3.04], "texture": "#mesh_palette"},
				"up": {"uv": [4.96, 0.96, 7.04, 3.04], "texture": "#mesh_palette"},
				"down": {"uv": [4.96, 0.96, 7.04, 3.04], "texture": "#mesh_palette"}
			}
		},
		{
			"name": "Voxels-D4D4D4",
			"from": [10.25, 0.25, 11.25],
			"to": [10.5, 0.5, 11.5],
			"faces": {
				"north": {"uv": [12.96, 0.96, 15.04, 3.04], "texture": "#mesh_palette"},
				"east": {"uv": [12.96, 0.96, 15.04, 3.04], "texture": "#mesh_palette"},
				"south": {"uv": [12.96, 0.96, 15.04, 3.04], "texture": "#mesh_palette"},
				"west": {"uv": [12.96, 0.96, 15.04, 3.04], "texture": "#mesh_palette"},
				"up": {"uv": [12.96, 0.96, 15.04, 3.04], "texture": "#mesh_palette"},
				"down": {"uv": [12.96, 0.96, 15.04, 3.04], "texture": "#mesh_palette"}
			}
		},
		{
			"name": "Voxels-F9F8DA",
			"from": [10.25, 0.5, 4.75],
			"to": [10.75, 0.75, 5],
			"faces": {
				"north": {"uv": [4.96, 4.96, 7.04, 7.04], "texture": "#mesh_palette"},
				"east": {"uv": [4.96, 4.96, 7.04, 7.04], "texture": "#mesh_palette"},
				"south": {"uv": [4.96, 4.96, 7.04, 7.04], "texture": "#mesh_palette"},
				"west": {"uv": [4.96, 4.96, 7.04, 7.04], "texture": "#mesh_palette"},
				"up": {"uv": [4.96, 4.96, 7.04, 7.04], "texture": "#mesh_palette"},
				"down": {"uv": [4.96, 4.96, 7.04, 7.04], "texture": "#mesh_palette"}
			}
		},
		{
			"name": "Voxels-F9F8DA",
			"from": [10.25, 0.5, 5.5],
			"to": [10.75, 0.75, 5.75],
			"faces": {
				"north": {"uv": [4.96, 4.96, 7.04, 7.04], "texture": "#mesh_palette"},
				"east": {"uv": [4.96, 4.96, 7.04, 7.04], "texture": "#mesh_palette"},
				"south": {"uv": [4.96, 4.96, 7.04, 7.04], "texture": "#mesh_palette"},
				"west": {"uv": [4.96, 4.96, 7.04, 7.04], "texture": "#mesh_palette"},
				"up": {"uv": [4.96, 4.96, 7.04, 7.04], "texture": "#mesh_palette"},
				"down": {"uv": [4.96, 4.96, 7.04, 7.04], "texture": "#mesh_palette"}
			}
		},
		{
			"name": "Voxels-F9F8DA",
			"from": [10.25, 0.75, 5],
			"to": [10.5, 1, 5.25],
			"faces": {
				"north": {"uv": [4.96, 4.96, 7.04, 7.04], "texture": "#mesh_palette"},
				"east": {"uv": [4.96, 4.96, 7.04, 7.04], "texture": "#mesh_palette"},
				"south": {"uv": [4.96, 4.96, 7.04, 7.04], "texture": "#mesh_palette"},
				"west": {"uv": [4.96, 4.96, 7.04, 7.04], "texture": "#mesh_palette"},
				"up": {"uv": [4.96, 4.96, 7.04, 7.04], "texture": "#mesh_palette"},
				"down": {"uv": [4.96, 4.96, 7.04, 7.04], "texture": "#mesh_palette"}
			}
		},
		{
			"name": "Voxels-4C6A10",
			"from": [10.25, 0.75, 5.25],
			"to": [11, 1, 5.5],
			"faces": {
				"north": {"uv": [8.96, 4.96, 11.04, 7.04], "texture": "#mesh_palette"},
				"east": {"uv": [8.96, 4.96, 11.04, 7.04], "texture": "#mesh_palette"},
				"south": {"uv": [8.96, 4.96, 11.04, 7.04], "texture": "#mesh_palette"},
				"west": {"uv": [8.96, 4.96, 11.04, 7.04], "texture": "#mesh_palette"},
				"up": {"uv": [8.96, 4.96, 11.04, 7.04], "texture": "#mesh_palette"},
				"down": {"uv": [8.96, 4.96, 11.04, 7.04], "texture": "#mesh_palette"}
			}
		},
		{
			"name": "Voxels-E3E3E3",
			"from": [10.25, 0.75, 10.75],
			"to": [10.5, 1, 11],
			"faces": {
				"north": {"uv": [4.96, 0.96, 7.04, 3.04], "texture": "#mesh_palette"},
				"east": {"uv": [4.96, 0.96, 7.04, 3.04], "texture": "#mesh_palette"},
				"south": {"uv": [4.96, 0.96, 7.04, 3.04], "texture": "#mesh_palette"},
				"west": {"uv": [4.96, 0.96, 7.04, 3.04], "texture": "#mesh_palette"},
				"up": {"uv": [4.96, 0.96, 7.04, 3.04], "texture": "#mesh_palette"},
				"down": {"uv": [4.96, 0.96, 7.04, 3.04], "texture": "#mesh_palette"}
			}
		},
		{
			"name": "Voxels-D4D4D4",
			"from": [10.25, 1, 10.5],
			"to": [10.5, 1.25, 10.75],
			"faces": {
				"north": {"uv": [12.96, 0.96, 15.04, 3.04], "texture": "#mesh_palette"},
				"east": {"uv": [12.96, 0.96, 15.04, 3.04], "texture": "#mesh_palette"},
				"south": {"uv": [12.96, 0.96, 15.04, 3.04], "texture": "#mesh_palette"},
				"west": {"uv": [12.96, 0.96, 15.04, 3.04], "texture": "#mesh_palette"},
				"up": {"uv": [12.96, 0.96, 15.04, 3.04], "texture": "#mesh_palette"},
				"down": {"uv": [12.96, 0.96, 15.04, 3.04], "texture": "#mesh_palette"}
			}
		},
		{
			"name": "Voxels-4C6A10",
			"from": [10.5, 0, 5],
			"to": [11, 0.25, 5.25],
			"faces": {
				"north": {"uv": [8.96, 4.96, 11.04, 7.04], "texture": "#mesh_palette"},
				"east": {"uv": [8.96, 4.96, 11.04, 7.04], "texture": "#mesh_palette"},
				"south": {"uv": [8.96, 4.96, 11.04, 7.04], "texture": "#mesh_palette"},
				"west": {"uv": [8.96, 4.96, 11.04, 7.04], "texture": "#mesh_palette"},
				"up": {"uv": [8.96, 4.96, 11.04, 7.04], "texture": "#mesh_palette"},
				"down": {"uv": [8.96, 4.96, 11.04, 7.04], "texture": "#mesh_palette"}
			}
		},
		{
			"name": "Voxels-E3E3E3",
			"from": [10.5, 0, 7.25],
			"to": [10.75, 0.25, 7.5],
			"faces": {
				"north": {"uv": [4.96, 0.96, 7.04, 3.04], "texture": "#mesh_palette"},
				"east": {"uv": [4.96, 0.96, 7.04, 3.04], "texture": "#mesh_palette"},
				"south": {"uv": [4.96, 0.96, 7.04, 3.04], "texture": "#mesh_palette"},
				"west": {"uv": [4.96, 0.96, 7.04, 3.04], "texture": "#mesh_palette"},
				"up": {"uv": [4.96, 0.96, 7.04, 3.04], "texture": "#mesh_palette"},
				"down": {"uv": [4.96, 0.96, 7.04, 3.04], "texture": "#mesh_palette"}
			}
		},
		{
			"name": "Voxels-D4D4D4",
			"from": [10.5, 0, 11.25],
			"to": [10.75, 0.25, 11.5],
			"faces": {
				"north": {"uv": [12.96, 0.96, 15.04, 3.04], "texture": "#mesh_palette"},
				"east": {"uv": [12.96, 0.96, 15.04, 3.04], "texture": "#mesh_palette"},
				"south": {"uv": [12.96, 0.96, 15.04, 3.04], "texture": "#mesh_palette"},
				"west": {"uv": [12.96, 0.96, 15.04, 3.04], "texture": "#mesh_palette"},
				"up": {"uv": [12.96, 0.96, 15.04, 3.04], "texture": "#mesh_palette"},
				"down": {"uv": [12.96, 0.96, 15.04, 3.04], "texture": "#mesh_palette"}
			}
		},
		{
			"name": "Voxels-D4D4D4",
			"from": [10.5, 0.5, 10.75],
			"to": [10.75, 0.75, 11],
			"faces": {
				"north": {"uv": [12.96, 0.96, 15.04, 3.04], "texture": "#mesh_palette"},
				"east": {"uv": [12.96, 0.96, 15.04, 3.04], "texture": "#mesh_palette"},
				"south": {"uv": [12.96, 0.96, 15.04, 3.04], "texture": "#mesh_palette"},
				"west": {"uv": [12.96, 0.96, 15.04, 3.04], "texture": "#mesh_palette"},
				"up": {"uv": [12.96, 0.96, 15.04, 3.04], "texture": "#mesh_palette"},
				"down": {"uv": [12.96, 0.96, 15.04, 3.04], "texture": "#mesh_palette"}
			}
		},
		{
			"name": "Voxels-4C6A10",
			"from": [10.5, 0.75, 5],
			"to": [11, 1, 5.25],
			"faces": {
				"north": {"uv": [8.96, 4.96, 11.04, 7.04], "texture": "#mesh_palette"},
				"east": {"uv": [8.96, 4.96, 11.04, 7.04], "texture": "#mesh_palette"},
				"south": {"uv": [8.96, 4.96, 11.04, 7.04], "texture": "#mesh_palette"},
				"west": {"uv": [8.96, 4.96, 11.04, 7.04], "texture": "#mesh_palette"},
				"up": {"uv": [8.96, 4.96, 11.04, 7.04], "texture": "#mesh_palette"},
				"down": {"uv": [8.96, 4.96, 11.04, 7.04], "texture": "#mesh_palette"}
			}
		},
		{
			"name": "Voxels-E3E3E3",
			"from": [10.5, 0.75, 10.5],
			"to": [10.75, 1, 10.75],
			"faces": {
				"north": {"uv": [4.96, 0.96, 7.04, 3.04], "texture": "#mesh_palette"},
				"east": {"uv": [4.96, 0.96, 7.04, 3.04], "texture": "#mesh_palette"},
				"south": {"uv": [4.96, 0.96, 7.04, 3.04], "texture": "#mesh_palette"},
				"west": {"uv": [4.96, 0.96, 7.04, 3.04], "texture": "#mesh_palette"},
				"up": {"uv": [4.96, 0.96, 7.04, 3.04], "texture": "#mesh_palette"},
				"down": {"uv": [4.96, 0.96, 7.04, 3.04], "texture": "#mesh_palette"}
			}
		},
		{
			"name": "Voxels-F0F0F0",
			"from": [10.75, 0, 2],
			"to": [11, 0.25, 2.25],
			"faces": {
				"north": {"uv": [0.96, 4.96, 3.04, 7.04], "texture": "#mesh_palette"},
				"east": {"uv": [0.96, 4.96, 3.04, 7.04], "texture": "#mesh_palette"},
				"south": {"uv": [0.96, 4.96, 3.04, 7.04], "texture": "#mesh_palette"},
				"west": {"uv": [0.96, 4.96, 3.04, 7.04], "texture": "#mesh_palette"},
				"up": {"uv": [0.96, 4.96, 3.04, 7.04], "texture": "#mesh_palette"},
				"down": {"uv": [0.96, 4.96, 3.04, 7.04], "texture": "#mesh_palette"}
			}
		},
		{
			"name": "Voxels-C3C3C3",
			"from": [10.75, 0, 11.25],
			"to": [11, 0.25, 11.5],
			"faces": {
				"north": {"uv": [8.96, 0.96, 11.04, 3.04], "texture": "#mesh_palette"},
				"east": {"uv": [8.96, 0.96, 11.04, 3.04], "texture": "#mesh_palette"},
				"south": {"uv": [8.96, 0.96, 11.04, 3.04], "texture": "#mesh_palette"},
				"west": {"uv": [8.96, 0.96, 11.04, 3.04], "texture": "#mesh_palette"},
				"up": {"uv": [8.96, 0.96, 11.04, 3.04], "texture": "#mesh_palette"},
				"down": {"uv": [8.96, 0.96, 11.04, 3.04], "texture": "#mesh_palette"}
			}
		},
		{
			"name": "Voxels-D4D4D4",
			"from": [10.75, 0, 12.25],
			"to": [11, 0.25, 12.5],
			"faces": {
				"north": {"uv": [12.96, 0.96, 15.04, 3.04], "texture": "#mesh_palette"},
				"east": {"uv": [12.96, 0.96, 15.04, 3.04], "texture": "#mesh_palette"},
				"south": {"uv": [12.96, 0.96, 15.04, 3.04], "texture": "#mesh_palette"},
				"west": {"uv": [12.96, 0.96, 15.04, 3.04], "texture": "#mesh_palette"},
				"up": {"uv": [12.96, 0.96, 15.04, 3.04], "texture": "#mesh_palette"},
				"down": {"uv": [12.96, 0.96, 15.04, 3.04], "texture": "#mesh_palette"}
			}
		},
		{
			"name": "Voxels-4C6A10",
			"from": [10.75, 0.5, 4.75],
			"to": [11, 0.75, 5],
			"faces": {
				"north": {"uv": [8.96, 4.96, 11.04, 7.04], "texture": "#mesh_palette"},
				"east": {"uv": [8.96, 4.96, 11.04, 7.04], "texture": "#mesh_palette"},
				"south": {"uv": [8.96, 4.96, 11.04, 7.04], "texture": "#mesh_palette"},
				"west": {"uv": [8.96, 4.96, 11.04, 7.04], "texture": "#mesh_palette"},
				"up": {"uv": [8.96, 4.96, 11.04, 7.04], "texture": "#mesh_palette"},
				"down": {"uv": [8.96, 4.96, 11.04, 7.04], "texture": "#mesh_palette"}
			}
		},
		{
			"name": "Voxels-4C6A10",
			"from": [10.75, 0.5, 5.5],
			"to": [11, 0.75, 5.75],
			"faces": {
				"north": {"uv": [8.96, 4.96, 11.04, 7.04], "texture": "#mesh_palette"},
				"east": {"uv": [8.96, 4.96, 11.04, 7.04], "texture": "#mesh_palette"},
				"south": {"uv": [8.96, 4.96, 11.04, 7.04], "texture": "#mesh_palette"},
				"west": {"uv": [8.96, 4.96, 11.04, 7.04], "texture": "#mesh_palette"},
				"up": {"uv": [8.96, 4.96, 11.04, 7.04], "texture": "#mesh_palette"},
				"down": {"uv": [8.96, 4.96, 11.04, 7.04], "texture": "#mesh_palette"}
			}
		},
		{
			"name": "Voxels-F9F8DA",
			"from": [11, 0, 4.5],
			"to": [11.5, 0.5, 4.75],
			"faces": {
				"north": {"uv": [4.96, 4.96, 7.04, 7.04], "texture": "#mesh_palette"},
				"east": {"uv": [4.96, 4.96, 7.04, 7.04], "texture": "#mesh_palette"},
				"south": {"uv": [4.96, 4.96, 7.04, 7.04], "texture": "#mesh_palette"},
				"west": {"uv": [4.96, 4.96, 7.04, 7.04], "texture": "#mesh_palette"},
				"up": {"uv": [4.96, 4.96, 7.04, 7.04], "texture": "#mesh_palette"},
				"down": {"uv": [4.96, 4.96, 7.04, 7.04], "texture": "#mesh_palette"}
			}
		},
		{
			"name": "Voxels-F9F8DA",
			"from": [11, 0, 5],
			"to": [11.5, 0.25, 5.5],
			"faces": {
				"north": {"uv": [4.96, 4.96, 7.04, 7.04], "texture": "#mesh_palette"},
				"east": {"uv": [4.96, 4.96, 7.04, 7.04], "texture": "#mesh_palette"},
				"south": {"uv": [4.96, 4.96, 7.04, 7.04], "texture": "#mesh_palette"},
				"west": {"uv": [4.96, 4.96, 7.04, 7.04], "texture": "#mesh_palette"},
				"up": {"uv": [4.96, 4.96, 7.04, 7.04], "texture": "#mesh_palette"},
				"down": {"uv": [4.96, 4.96, 7.04, 7.04], "texture": "#mesh_palette"}
			}
		},
		{
			"name": "Voxels-C3C3C3",
			"from": [11, 0, 11],
			"to": [11.25, 0.25, 11.25],
			"faces": {
				"north": {"uv": [8.96, 0.96, 11.04, 3.04], "texture": "#mesh_palette"},
				"east": {"uv": [8.96, 0.96, 11.04, 3.04], "texture": "#mesh_palette"},
				"south": {"uv": [8.96, 0.96, 11.04, 3.04], "texture": "#mesh_palette"},
				"west": {"uv": [8.96, 0.96, 11.04, 3.04], "texture": "#mesh_palette"},
				"up": {"uv": [8.96, 0.96, 11.04, 3.04], "texture": "#mesh_palette"},
				"down": {"uv": [8.96, 0.96, 11.04, 3.04], "texture": "#mesh_palette"}
			}
		},
		{
			"name": "Voxels-E3E3E3",
			"from": [11, 0, 11.25],
			"to": [11.5, 0.25, 11.5],
			"faces": {
				"north": {"uv": [4.96, 0.96, 7.04, 3.04], "texture": "#mesh_palette"},
				"east": {"uv": [4.96, 0.96, 7.04, 3.04], "texture": "#mesh_palette"},
				"south": {"uv": [4.96, 0.96, 7.04, 3.04], "texture": "#mesh_palette"},
				"west": {"uv": [4.96, 0.96, 7.04, 3.04], "texture": "#mesh_palette"},
				"up": {"uv": [4.96, 0.96, 7.04, 3.04], "texture": "#mesh_palette"},
				"down": {"uv": [4.96, 0.96, 7.04, 3.04], "texture": "#mesh_palette"}
			}
		},
		{
			"name": "Voxels-D4D4D4",
			"from": [11, 0, 12],
			"to": [11.25, 0.25, 12.25],
			"faces": {
				"north": {"uv": [12.96, 0.96, 15.04, 3.04], "texture": "#mesh_palette"},
				"east": {"uv": [12.96, 0.96, 15.04, 3.04], "texture": "#mesh_palette"},
				"south": {"uv": [12.96, 0.96, 15.04, 3.04], "texture": "#mesh_palette"},
				"west": {"uv": [12.96, 0.96, 15.04, 3.04], "texture": "#mesh_palette"},
				"up": {"uv": [12.96, 0.96, 15.04, 3.04], "texture": "#mesh_palette"},
				"down": {"uv": [12.96, 0.96, 15.04, 3.04], "texture": "#mesh_palette"}
			}
		},
		{
			"name": "Voxels-E3E3E3",
			"from": [11, 0, 13.25],
			"to": [11.25, 0.25, 13.5],
			"faces": {
				"north": {"uv": [4.96, 0.96, 7.04, 3.04], "texture": "#mesh_palette"},
				"east": {"uv": [4.96, 0.96, 7.04, 3.04], "texture": "#mesh_palette"},
				"south": {"uv": [4.96, 0.96, 7.04, 3.04], "texture": "#mesh_palette"},
				"west": {"uv": [4.96, 0.96, 7.04, 3.04], "texture": "#mesh_palette"},
				"up": {"uv": [4.96, 0.96, 7.04, 3.04], "texture": "#mesh_palette"},
				"down": {"uv": [4.96, 0.96, 7.04, 3.04], "texture": "#mesh_palette"}
			}
		},
		{
			"name": "Voxels-F9F8DA",
			"from": [11, 0.25, 5.5],
			"to": [11.5, 0.75, 5.75],
			"faces": {
				"north": {"uv": [4.96, 4.96, 7.04, 7.04], "texture": "#mesh_palette"},
				"east": {"uv": [4.96, 4.96, 7.04, 7.04], "texture": "#mesh_palette"},
				"south": {"uv": [4.96, 4.96, 7.04, 7.04], "texture": "#mesh_palette"},
				"west": {"uv": [4.96, 4.96, 7.04, 7.04], "texture": "#mesh_palette"},
				"up": {"uv": [4.96, 4.96, 7.04, 7.04], "texture": "#mesh_palette"},
				"down": {"uv": [4.96, 4.96, 7.04, 7.04], "texture": "#mesh_palette"}
			}
		},
		{
			"name": "Voxels-E3E3E3",
			"from": [11, 0.25, 10],
			"to": [11.25, 0.5, 10.25],
			"faces": {
				"north": {"uv": [4.96, 0.96, 7.04, 3.04], "texture": "#mesh_palette"},
				"east": {"uv": [4.96, 0.96, 7.04, 3.04], "texture": "#mesh_palette"},
				"south": {"uv": [4.96, 0.96, 7.04, 3.04], "texture": "#mesh_palette"},
				"west": {"uv": [4.96, 0.96, 7.04, 3.04], "texture": "#mesh_palette"},
				"up": {"uv": [4.96, 0.96, 7.04, 3.04], "texture": "#mesh_palette"},
				"down": {"uv": [4.96, 0.96, 7.04, 3.04], "texture": "#mesh_palette"}
			}
		},
		{
			"name": "Voxels-F0F0F0",
			"from": [11, 0.25, 10.25],
			"to": [11.25, 0.5, 10.5],
			"faces": {
				"north": {"uv": [0.96, 4.96, 3.04, 7.04], "texture": "#mesh_palette"},
				"east": {"uv": [0.96, 4.96, 3.04, 7.04], "texture": "#mesh_palette"},
				"south": {"uv": [0.96, 4.96, 3.04, 7.04], "texture": "#mesh_palette"},
				"west": {"uv": [0.96, 4.96, 3.04, 7.04], "texture": "#mesh_palette"},
				"up": {"uv": [0.96, 4.96, 3.04, 7.04], "texture": "#mesh_palette"},
				"down": {"uv": [0.96, 4.96, 3.04, 7.04], "texture": "#mesh_palette"}
			}
		},
		{
			"name": "Voxels-E3E3E3",
			"from": [11, 0.25, 10.5],
			"to": [11.5, 0.5, 11],
			"faces": {
				"north": {"uv": [4.96, 0.96, 7.04, 3.04], "texture": "#mesh_palette"},
				"east": {"uv": [4.96, 0.96, 7.04, 3.04], "texture": "#mesh_palette"},
				"south": {"uv": [4.96, 0.96, 7.04, 3.04], "texture": "#mesh_palette"},
				"west": {"uv": [4.96, 0.96, 7.04, 3.04], "texture": "#mesh_palette"},
				"up": {"uv": [4.96, 0.96, 7.04, 3.04], "texture": "#mesh_palette"},
				"down": {"uv": [4.96, 0.96, 7.04, 3.04], "texture": "#mesh_palette"}
			}
		},
		{
			"name": "Voxels-F9F8DA",
			"from": [11, 0.5, 4.75],
			"to": [11.5, 0.75, 5],
			"faces": {
				"north": {"uv": [4.96, 4.96, 7.04, 7.04], "texture": "#mesh_palette"},
				"east": {"uv": [4.96, 4.96, 7.04, 7.04], "texture": "#mesh_palette"},
				"south": {"uv": [4.96, 4.96, 7.04, 7.04], "texture": "#mesh_palette"},
				"west": {"uv": [4.96, 4.96, 7.04, 7.04], "texture": "#mesh_palette"},
				"up": {"uv": [4.96, 4.96, 7.04, 7.04], "texture": "#mesh_palette"},
				"down": {"uv": [4.96, 4.96, 7.04, 7.04], "texture": "#mesh_palette"}
			}
		},
		{
			"name": "Voxels-F9F8DA",
			"from": [11, 0.75, 5],
			"to": [11.5, 1, 5.5],
			"faces": {
				"north": {"uv": [4.96, 4.96, 7.04, 7.04], "texture": "#mesh_palette"},
				"east": {"uv": [4.96, 4.96, 7.04, 7.04], "texture": "#mesh_palette"},
				"south": {"uv": [4.96, 4.96, 7.04, 7.04], "texture": "#mesh_palette"},
				"west": {"uv": [4.96, 4.96, 7.04, 7.04], "texture": "#mesh_palette"},
				"up": {"uv": [4.96, 4.96, 7.04, 7.04], "texture": "#mesh_palette"},
				"down": {"uv": [4.96, 4.96, 7.04, 7.04], "texture": "#mesh_palette"}
			}
		},
		{
			"name": "Voxels-E3E3E3",
			"from": [11.25, 0, 11],
			"to": [11.75, 0.25, 11.25],
			"faces": {
				"north": {"uv": [4.96, 0.96, 7.04, 3.04], "texture": "#mesh_palette"},
				"east": {"uv": [4.96, 0.96, 7.04, 3.04], "texture": "#mesh_palette"},
				"south": {"uv": [4.96, 0.96, 7.04, 3.04], "texture": "#mesh_palette"},
				"west": {"uv": [4.96, 0.96, 7.04, 3.04], "texture": "#mesh_palette"},
				"up": {"uv": [4.96, 0.96, 7.04, 3.04], "texture": "#mesh_palette"},
				"down": {"uv": [4.96, 0.96, 7.04, 3.04], "texture": "#mesh_palette"}
			}
		},
		{
			"name": "Voxels-E3E3E3",
			"from": [11.25, 0, 12],
			"to": [11.5, 0.25, 12.25],
			"faces": {
				"north": {"uv": [4.96, 0.96, 7.04, 3.04], "texture": "#mesh_palette"},
				"east": {"uv": [4.96, 0.96, 7.04, 3.04], "texture": "#mesh_palette"},
				"south": {"uv": [4.96, 0.96, 7.04, 3.04], "texture": "#mesh_palette"},
				"west": {"uv": [4.96, 0.96, 7.04, 3.04], "texture": "#mesh_palette"},
				"up": {"uv": [4.96, 0.96, 7.04, 3.04], "texture": "#mesh_palette"},
				"down": {"uv": [4.96, 0.96, 7.04, 3.04], "texture": "#mesh_palette"}
			}
		},
		{
			"name": "Voxels-F0F0F0",
			"from": [11.25, 0.25, 9.5],
			"to": [11.5, 0.5, 9.75],
			"faces": {
				"north": {"uv": [0.96, 4.96, 3.04, 7.04], "texture": "#mesh_palette"},
				"east": {"uv": [0.96, 4.96, 3.04, 7.04], "texture": "#mesh_palette"},
				"south": {"uv": [0.96, 4.96, 3.04, 7.04], "texture": "#mesh_palette"},
				"west": {"uv": [0.96, 4.96, 3.04, 7.04], "texture": "#mesh_palette"},
				"up": {"uv": [0.96, 4.96, 3.04, 7.04], "texture": "#mesh_palette"},
				"down": {"uv": [0.96, 4.96, 3.04, 7.04], "texture": "#mesh_palette"}
			}
		},
		{
			"name": "Voxels-E3E3E3",
			"from": [11.5, 0, 7.75],
			"to": [11.75, 0.25, 8],
			"faces": {
				"north": {"uv": [4.96, 0.96, 7.04, 3.04], "texture": "#mesh_palette"},
				"east": {"uv": [4.96, 0.96, 7.04, 3.04], "texture": "#mesh_palette"},
				"south": {"uv": [4.96, 0.96, 7.04, 3.04], "texture": "#mesh_palette"},
				"west": {"uv": [4.96, 0.96, 7.04, 3.04], "texture": "#mesh_palette"},
				"up": {"uv": [4.96, 0.96, 7.04, 3.04], "texture": "#mesh_palette"},
				"down": {"uv": [4.96, 0.96, 7.04, 3.04], "texture": "#mesh_palette"}
			}
		},
		{
			"name": "Voxels-E3E3E3",
			"from": [11.5, 0, 9],
			"to": [11.75, 0.25, 9.25],
			"faces": {
				"north": {"uv": [4.96, 0.96, 7.04, 3.04], "texture": "#mesh_palette"},
				"east": {"uv": [4.96, 0.96, 7.04, 3.04], "texture": "#mesh_palette"},
				"south": {"uv": [4.96, 0.96, 7.04, 3.04], "texture": "#mesh_palette"},
				"west": {"uv": [4.96, 0.96, 7.04, 3.04], "texture": "#mesh_palette"},
				"up": {"uv": [4.96, 0.96, 7.04, 3.04], "texture": "#mesh_palette"},
				"down": {"uv": [4.96, 0.96, 7.04, 3.04], "texture": "#mesh_palette"}
			}
		},
		{
			"name": "Voxels-E3E3E3",
			"from": [11.5, 0, 9.5],
			"to": [11.75, 0.25, 9.75],
			"faces": {
				"north": {"uv": [4.96, 0.96, 7.04, 3.04], "texture": "#mesh_palette"},
				"east": {"uv": [4.96, 0.96, 7.04, 3.04], "texture": "#mesh_palette"},
				"south": {"uv": [4.96, 0.96, 7.04, 3.04], "texture": "#mesh_palette"},
				"west": {"uv": [4.96, 0.96, 7.04, 3.04], "texture": "#mesh_palette"},
				"up": {"uv": [4.96, 0.96, 7.04, 3.04], "texture": "#mesh_palette"},
				"down": {"uv": [4.96, 0.96, 7.04, 3.04], "texture": "#mesh_palette"}
			}
		},
		{
			"name": "Voxels-E3E3E3",
			"from": [11.5, 0, 10.25],
			"to": [11.75, 0.25, 10.5],
			"faces": {
				"north": {"uv": [4.96, 0.96, 7.04, 3.04], "texture": "#mesh_palette"},
				"east": {"uv": [4.96, 0.96, 7.04, 3.04], "texture": "#mesh_palette"},
				"south": {"uv": [4.96, 0.96, 7.04, 3.04], "texture": "#mesh_palette"},
				"west": {"uv": [4.96, 0.96, 7.04, 3.04], "texture": "#mesh_palette"},
				"up": {"uv": [4.96, 0.96, 7.04, 3.04], "texture": "#mesh_palette"},
				"down": {"uv": [4.96, 0.96, 7.04, 3.04], "texture": "#mesh_palette"}
			}
		},
		{
			"name": "Voxels-D4D4D4",
			"from": [11.5, 0.25, 10.75],
			"to": [11.75, 0.5, 11],
			"faces": {
				"north": {"uv": [12.96, 0.96, 15.04, 3.04], "texture": "#mesh_palette"},
				"east": {"uv": [12.96, 0.96, 15.04, 3.04], "texture": "#mesh_palette"},
				"south": {"uv": [12.96, 0.96, 15.04, 3.04], "texture": "#mesh_palette"},
				"west": {"uv": [12.96, 0.96, 15.04, 3.04], "texture": "#mesh_palette"},
				"up": {"uv": [12.96, 0.96, 15.04, 3.04], "texture": "#mesh_palette"},
				"down": {"uv": [12.96, 0.96, 15.04, 3.04], "texture": "#mesh_palette"}
			}
		},
		{
			"name": "Voxels-E3E3E3",
			"from": [11.75, 0, 8.75],
			"to": [12, 0.25, 9],
			"faces": {
				"north": {"uv": [4.96, 0.96, 7.04, 3.04], "texture": "#mesh_palette"},
				"east": {"uv": [4.96, 0.96, 7.04, 3.04], "texture": "#mesh_palette"},
				"south": {"uv": [4.96, 0.96, 7.04, 3.04], "texture": "#mesh_palette"},
				"west": {"uv": [4.96, 0.96, 7.04, 3.04], "texture": "#mesh_palette"},
				"up": {"uv": [4.96, 0.96, 7.04, 3.04], "texture": "#mesh_palette"},
				"down": {"uv": [4.96, 0.96, 7.04, 3.04], "texture": "#mesh_palette"}
			}
		},
		{
			"name": "Voxels-E3E3E3",
			"from": [11.75, 0, 10.75],
			"to": [12, 0.25, 11],
			"faces": {
				"north": {"uv": [4.96, 0.96, 7.04, 3.04], "texture": "#mesh_palette"},
				"east": {"uv": [4.96, 0.96, 7.04, 3.04], "texture": "#mesh_palette"},
				"south": {"uv": [4.96, 0.96, 7.04, 3.04], "texture": "#mesh_palette"},
				"west": {"uv": [4.96, 0.96, 7.04, 3.04], "texture": "#mesh_palette"},
				"up": {"uv": [4.96, 0.96, 7.04, 3.04], "texture": "#mesh_palette"},
				"down": {"uv": [4.96, 0.96, 7.04, 3.04], "texture": "#mesh_palette"}
			}
		},
		{
			"name": "Voxels-E3E3E3",
			"from": [12, 0, 10],
			"to": [12.25, 0.25, 10.25],
			"faces": {
				"north": {"uv": [4.96, 0.96, 7.04, 3.04], "texture": "#mesh_palette"},
				"east": {"uv": [4.96, 0.96, 7.04, 3.04], "texture": "#mesh_palette"},
				"south": {"uv": [4.96, 0.96, 7.04, 3.04], "texture": "#mesh_palette"},
				"west": {"uv": [4.96, 0.96, 7.04, 3.04], "texture": "#mesh_palette"},
				"up": {"uv": [4.96, 0.96, 7.04, 3.04], "texture": "#mesh_palette"},
				"down": {"uv": [4.96, 0.96, 7.04, 3.04], "texture": "#mesh_palette"}
			}
		},
		{
			"name": "Voxels-E3E3E3",
			"from": [12, 0, 11],
			"to": [12.25, 0.25, 11.25],
			"faces": {
				"north": {"uv": [4.96, 0.96, 7.04, 3.04], "texture": "#mesh_palette"},
				"east": {"uv": [4.96, 0.96, 7.04, 3.04], "texture": "#mesh_palette"},
				"south": {"uv": [4.96, 0.96, 7.04, 3.04], "texture": "#mesh_palette"},
				"west": {"uv": [4.96, 0.96, 7.04, 3.04], "texture": "#mesh_palette"},
				"up": {"uv": [4.96, 0.96, 7.04, 3.04], "texture": "#mesh_palette"},
				"down": {"uv": [4.96, 0.96, 7.04, 3.04], "texture": "#mesh_palette"}
			}
		},
		{
			"name": "Voxels-D4D4D4",
			"from": [12.5, 0, 6.5],
			"to": [12.75, 0.25, 6.75],
			"faces": {
				"north": {"uv": [12.96, 0.96, 15.04, 3.04], "texture": "#mesh_palette"},
				"east": {"uv": [12.96, 0.96, 15.04, 3.04], "texture": "#mesh_palette"},
				"south": {"uv": [12.96, 0.96, 15.04, 3.04], "texture": "#mesh_palette"},
				"west": {"uv": [12.96, 0.96, 15.04, 3.04], "texture": "#mesh_palette"},
				"up": {"uv": [12.96, 0.96, 15.04, 3.04], "texture": "#mesh_palette"},
				"down": {"uv": [12.96, 0.96, 15.04, 3.04], "texture": "#mesh_palette"}
			}
		},
		{
			"name": "Voxels-E3E3E3",
			"from": [12.75, 0, 4],
			"to": [13, 0.25, 4.25],
			"faces": {
				"north": {"uv": [4.96, 0.96, 7.04, 3.04], "texture": "#mesh_palette"},
				"east": {"uv": [4.96, 0.96, 7.04, 3.04], "texture": "#mesh_palette"},
				"south": {"uv": [4.96, 0.96, 7.04, 3.04], "texture": "#mesh_palette"},
				"west": {"uv": [4.96, 0.96, 7.04, 3.04], "texture": "#mesh_palette"},
				"up": {"uv": [4.96, 0.96, 7.04, 3.04], "texture": "#mesh_palette"},
				"down": {"uv": [4.96, 0.96, 7.04, 3.04], "texture": "#mesh_palette"}
			}
		},
		{
			"name": "Voxels-E3E3E3",
			"from": [14, 0, 11],
			"to": [14.25, 0.25, 11.25],
			"faces": {
				"north": {"uv": [4.96, 0.96, 7.04, 3.04], "texture": "#mesh_palette"},
				"east": {"uv": [4.96, 0.96, 7.04, 3.04], "texture": "#mesh_palette"},
				"south": {"uv": [4.96, 0.96, 7.04, 3.04], "texture": "#mesh_palette"},
				"west": {"uv": [4.96, 0.96, 7.04, 3.04], "texture": "#mesh_palette"},
				"up": {"uv": [4.96, 0.96, 7.04, 3.04], "texture": "#mesh_palette"},
				"down": {"uv": [4.96, 0.96, 7.04, 3.04], "texture": "#mesh_palette"}
			}
		},
		{
			"name": "Voxels-C3C3C3",
			"from": [14.5, 0, 5.5],
			"to": [14.75, 0.25, 5.75],
			"faces": {
				"north": {"uv": [8.96, 0.96, 11.04, 3.04], "texture": "#mesh_palette"},
				"east": {"uv": [8.96, 0.96, 11.04, 3.04], "texture": "#mesh_palette"},
				"south": {"uv": [8.96, 0.96, 11.04, 3.04], "texture": "#mesh_palette"},
				"west": {"uv": [8.96, 0.96, 11.04, 3.04], "texture": "#mesh_palette"},
				"up": {"uv": [8.96, 0.96, 11.04, 3.04], "texture": "#mesh_palette"},
				"down": {"uv": [8.96, 0.96, 11.04, 3.04], "texture": "#mesh_palette"}
			}
		},
		{
			"name": "Voxels-E3E3E3",
			"from": [14.5, 0, 7.75],
			"to": [14.75, 0.25, 8],
			"faces": {
				"north": {"uv": [4.96, 0.96, 7.04, 3.04], "texture": "#mesh_palette"},
				"east": {"uv": [4.96, 0.96, 7.04, 3.04], "texture": "#mesh_palette"},
				"south": {"uv": [4.96, 0.96, 7.04, 3.04], "texture": "#mesh_palette"},
				"west": {"uv": [4.96, 0.96, 7.04, 3.04], "texture": "#mesh_palette"},
				"up": {"uv": [4.96, 0.96, 7.04, 3.04], "texture": "#mesh_palette"},
				"down": {"uv": [4.96, 0.96, 7.04, 3.04], "texture": "#mesh_palette"}
			}
		},
		{
			"from": [0, 0, 0],
			"to": [15.975, 0.05, 16],
			"faces": {
				"north": {"uv": [0, 0, 15.975, 0.05], "texture": "#2"},
				"east": {"uv": [0, 0, 16, 0.05], "texture": "#2"},
				"south": {"uv": [0, 0, 15.975, 0.05], "texture": "#2"},
				"west": {"uv": [0, 0, 16, 0.05], "texture": "#2"},
				"up": {"uv": [0, 0, 15.975, 16], "texture": "#2"},
				"down": {"uv": [0, 0, 15.975, 16], "texture": "#2"}
			}
		},
		{
			"from": [0, 0, 15],
			"to": [16, 0.25, 16],
			"rotation": {"angle": 0, "axis": "y", "origin": [0, 0, 15]},
			"faces": {
				"north": {"uv": [0, 0, 16, 0.25], "texture": "#1"},
				"east": {"uv": [0, 0, 1, 0.25], "texture": "#1"},
				"south": {"uv": [0, 0, 16, 0.25], "texture": "#1"},
				"west": {"uv": [0, 0, 1, 0.25], "texture": "#1"},
				"up": {"uv": [0, 0, 16, 1], "texture": "#1"},
				"down": {"uv": [0, 0, 16, 1], "texture": "#1"}
			}
		},
		{
			"from": [15, 0, 1],
			"to": [16, 0.25, 15],
			"rotation": {"angle": 0, "axis": "y", "origin": [0, 0, 5]},
			"faces": {
				"north": {"uv": [0, 0, 1, 0.25], "texture": "#1"},
				"east": {"uv": [0, 0, 14, 0.25], "texture": "#1"},
				"south": {"uv": [0, 0, 1, 0.25], "texture": "#1"},
				"west": {"uv": [0, 0, 14, 0.25], "texture": "#1"},
				"up": {"uv": [0, 0, 1, 14], "texture": "#1"},
				"down": {"uv": [0, 0, 1, 14], "texture": "#1"}
			}
		},
		{
			"from": [0, 0, 0],
			"to": [16, 0.25, 1],
			"faces": {
				"north": {"uv": [0, 0, 16, 0.25], "texture": "#1"},
				"east": {"uv": [0, 0, 1, 0.25], "texture": "#1"},
				"south": {"uv": [0, 0, 16, 0.25], "texture": "#1"},
				"west": {"uv": [0, 0, 1, 0.25], "texture": "#1"},
				"up": {"uv": [0, 0, 16, 1], "texture": "#1"},
				"down": {"uv": [0, 0, 16, 1], "texture": "#1"}
			}
		},
		{
			"from": [0, 0, 1],
			"to": [1, 0.25, 15],
			"faces": {
				"north": {"uv": [0, 0, 1, 0.25], "texture": "#1"},
				"east": {"uv": [0, 0, 14, 0.25], "texture": "#1"},
				"south": {"uv": [0, 0, 1, 0.25], "texture": "#1"},
				"west": {"uv": [0, 0, 14, 0.25], "texture": "#1"},
				"up": {"uv": [0, 0, 1, 14], "texture": "#1"},
				"down": {"uv": [0, 0, 1, 14], "texture": "#1"}
			}
		}
	],
	"display": {
		"thirdperson_righthand": {
			"translation": [0, 4.1734, 0],
			"scale": [0.5, 0.5, 0.5]
		},
		"thirdperson_lefthand": {
			"translation": [0, 4.1734, 0],
			"scale": [0.5, 0.5, 0.5]
		},
		"firstperson_righthand": {
			"rotation": [27, 34, 0],
			"translation": [0, 10, 0]
		},
		"firstperson_lefthand": {
			"rotation": [27, 34, 0],
			"translation": [0, 10, 0]
		},
		"ground": {
			"translation": [0, 4.8695, 0]
		},
		"gui": {
			"rotation": [30, 225, 0],
			"translation": [0, 6.9565, 0]
		},
		"head": {
			"translation": [0, 15.304, 0]
		},
		"fixed": {
			"rotation": [0, 90, -90],
			"translation": [0, 0, -7.652]
		}
	}
}