{
	"credit": "Made with Blockbench",
	"texture_size": [64, 64],
	"textures": {
		"1": "block/aa7"
	},
	"elements": [
		{
			"from": [-1.045, 0, -0.04],
			"to": [17.045, 2.68, 18.05],
			"rotation": {"angle": 0, "axis": "y", "origin": [-2.72, 0, -2.72]},
			"faces": {
				"north": {"uv": [3.5, 0, 6.875, 0.5], "texture": "#1"},
				"east": {"uv": [3.5, 0.5, 6.875, 1], "texture": "#1"},
				"south": {"uv": [3.5, 1, 6.875, 1.5], "texture": "#1"},
				"west": {"uv": [3.5, 1.5, 6.875, 2], "texture": "#1"},
				"up": {"uv": [3.375, 3.375, 0, 0], "texture": "#1"},
				"down": {"uv": [3.375, 3.5, 0, 6.875], "texture": "#1"}
			}
		},
		{
			"from": [-1.045, 2.68, -0.04],
			"to": [5.655, 5.36, 2.64],
			"rotation": {"angle": 0, "axis": "y", "origin": [-1.045, 0, -2.72]},
			"faces": {
				"north": {"uv": [5.5, 6, 6.75, 6.5], "texture": "#1"},
				"east": {"uv": [1.25, 7, 1.75, 7.5], "texture": "#1"},
				"south": {"uv": [6.5, 2, 7.75, 2.5], "texture": "#1"},
				"west": {"uv": [7, 1.5, 7.5, 2], "texture": "#1"},
				"up": {"uv": [7.75, 3, 6.5, 2.5], "texture": "#1"},
				"down": {"uv": [6.75, 6.5, 5.5, 7], "texture": "#1"}
			}
		},
		{
			"from": [-1.045, 2.68, 2.64],
			"to": [1.635, 5.36, 18.05],
			"rotation": {"angle": 0, "axis": "y", "origin": [-1.045, 0, -2.72]},
			"faces": {
				"north": {"uv": [3.5, 6, 4, 6.5], "texture": "#1"},
				"east": {"uv": [3.5, 2, 6.375, 2.5], "texture": "#1"},
				"south": {"uv": [4, 6, 4.5, 6.5], "texture": "#1"},
				"west": {"uv": [3.5, 2.5, 6.375, 3], "texture": "#1"},
				"up": {"uv": [4, 5.875, 3.5, 3], "texture": "#1"},
				"down": {"uv": [4.5, 3, 4, 5.875], "texture": "#1"}
			}
		},
		{
			"from": [14.365, 2.68, 2.64],
			"to": [17.045, 5.36, 18.05],
			"rotation": {"angle": 0, "axis": "y", "origin": [-3.725, 0, -2.72]},
			"faces": {
				"north": {"uv": [2.75, 7, 3.25, 7.5], "texture": "#1"},
				"east": {"uv": [4.5, 3, 7.375, 3.5], "texture": "#1"},
				"south": {"uv": [3.25, 7, 3.75, 7.5], "texture": "#1"},
				"west": {"uv": [4.5, 3.5, 7.375, 4], "texture": "#1"},
				"up": {"uv": [5, 6.875, 4.5, 4], "texture": "#1"},
				"down": {"uv": [5.5, 4, 5, 6.875], "texture": "#1"}
			}
		},
		{
			"from": [10.345, 2.68, -0.04],
			"to": [17.045, 5.36, 2.64],
			"rotation": {"angle": 0, "axis": "y", "origin": [-3.055, 0, -2.72]},
			"faces": {
				"north": {"uv": [6.75, 6, 8, 6.5], "texture": "#1"},
				"east": {"uv": [1.75, 7, 2.25, 7.5], "texture": "#1"},
				"south": {"uv": [6.75, 6.5, 8, 7], "texture": "#1"},
				"west": {"uv": [2.25, 7, 2.75, 7.5], "texture": "#1"},
				"up": {"uv": [1.25, 7.5, 0, 7], "texture": "#1"},
				"down": {"uv": [8.25, 0, 7, 0.5], "texture": "#1"}
			}
		},
		{
			"from": [1.635, 2.68, 15.37],
			"to": [14.365, 5.36, 18.05],
			"rotation": {"angle": 0, "axis": "y", "origin": [-1.045, 0, -3.39]},
			"faces": {
				"north": {"uv": [5.5, 4, 7.875, 4.5], "texture": "#1"},
				"east": {"uv": [3.5, 6.5, 4, 7], "texture": "#1"},
				"south": {"uv": [5.5, 4.5, 7.875, 5], "texture": "#1"},
				"west": {"uv": [4, 6.5, 4.5, 7], "texture": "#1"},
				"up": {"uv": [7.875, 5.5, 5.5, 5], "texture": "#1"},
				"down": {"uv": [7.875, 5.5, 5.5, 6], "texture": "#1"}
			}
		},
		{
			"from": [4.65, 3.015, 6.66],
			"to": [12.69, 3.685, 8.67],
			"rotation": {"angle": -45, "axis": "y", "origin": [5.99, 3.35, 7.665]},
			"faces": {
				"north": {"uv": [3.75, 7, 5.25, 7.125], "texture": "#1"},
				"east": {"uv": [1.5, 7.5, 1.875, 7.625], "texture": "#1"},
				"south": {"uv": [5.25, 7, 6.75, 7.125], "texture": "#1"},
				"west": {"uv": [7.5, 1.5, 7.875, 1.625], "texture": "#1"},
				"up": {"uv": [8.5, 0.875, 7, 0.5], "texture": "#1"},
				"down": {"uv": [8.5, 1, 7, 1.375], "texture": "#1"}
			}
		},
		{
			"from": [3.98, 2.68, 8],
			"to": [5.32, 4.02, 9.34],
			"rotation": {"angle": -45, "axis": "y", "origin": [5.99, 3.35, 7.665]},
			"faces": {
				"north": {"uv": [6.75, 7, 7, 7.25], "texture": "#1"},
				"east": {"uv": [7, 7, 7.25, 7.25], "texture": "#1"},
				"south": {"uv": [3.75, 7.25, 4, 7.5], "texture": "#1"},
				"west": {"uv": [4, 7.25, 4.25, 7.5], "texture": "#1"},
				"up": {"uv": [4.5, 7.5, 4.25, 7.25], "texture": "#1"},
				"down": {"uv": [4.75, 7.25, 4.5, 7.5], "texture": "#1"}
			}
		},
		{
			"from": [3.98, 2.68, 5.99],
			"to": [5.32, 4.02, 7.33],
			"rotation": {"angle": -45, "axis": "y", "origin": [5.99, 3.35, 7.665]},
			"faces": {
				"north": {"uv": [4.75, 7.25, 5, 7.5], "texture": "#1"},
				"east": {"uv": [5, 7.25, 5.25, 7.5], "texture": "#1"},
				"south": {"uv": [5.25, 7.25, 5.5, 7.5], "texture": "#1"},
				"west": {"uv": [5.5, 7.25, 5.75, 7.5], "texture": "#1"},
				"up": {"uv": [6, 7.5, 5.75, 7.25], "texture": "#1"},
				"down": {"uv": [6.25, 7.25, 6, 7.5], "texture": "#1"}
			}
		},
		{
			"from": [12.02, 2.68, 5.99],
			"to": [13.36, 4.02, 7.33],
			"rotation": {"angle": -45, "axis": "y", "origin": [5.99, 3.35, 7.665]},
			"faces": {
				"north": {"uv": [0, 7.5, 0.25, 7.75], "texture": "#1"},
				"east": {"uv": [0.25, 7.5, 0.5, 7.75], "texture": "#1"},
				"south": {"uv": [0.5, 7.5, 0.75, 7.75], "texture": "#1"},
				"west": {"uv": [0.75, 7.5, 1, 7.75], "texture": "#1"},
				"up": {"uv": [1.25, 7.75, 1, 7.5], "texture": "#1"},
				"down": {"uv": [1.5, 7.5, 1.25, 7.75], "texture": "#1"}
			}
		},
		{
			"from": [12.02, 2.68, 8],
			"to": [13.36, 4.02, 9.34],
			"rotation": {"angle": -45, "axis": "y", "origin": [5.99, 3.35, 7.665]},
			"faces": {
				"north": {"uv": [6.25, 7.25, 6.5, 7.5], "texture": "#1"},
				"east": {"uv": [6.5, 7.25, 6.75, 7.5], "texture": "#1"},
				"south": {"uv": [6.75, 7.25, 7, 7.5], "texture": "#1"},
				"west": {"uv": [7, 7.25, 7.25, 7.5], "texture": "#1"},
				"up": {"uv": [7.5, 7.25, 7.25, 7], "texture": "#1"},
				"down": {"uv": [7.5, 7.25, 7.25, 7.5], "texture": "#1"}
			}
		}
	],
	"display": {
		"thirdperson_righthand": {
			"rotation": [75, 45, 0],
			"translation": [0, 2.5, 0],
			"scale": [0.375, 0.375, 0.375]
		},
		"thirdperson_lefthand": {
			"rotation": [75, 45, 0],
			"translation": [0, 2.5, 0],
			"scale": [0.375, 0.375, 0.375]
		},
		"firstperson_righthand": {
			"rotation": [0, 45, 0],
			"scale": [0.4, 0.4, 0.4]
		},
		"firstperson_lefthand": {
			"rotation": [0, 225, 0],
			"scale": [0.4, 0.4, 0.4]
		},
		"ground": {
			"translation": [0, 3, 0],
			"scale": [0.25, 0.25, 0.25]
		},
		"gui": {
			"rotation": [30, 225, 0],
			"scale": [0.625, 0.625, 0.625]
		},
		"fixed": {
			"scale": [0.5, 0.5, 0.5]
		}
	}
}