{
	"credit": "Made with Blockbench",
	"texture_size": [128, 128],
	"textures": {
		"2": "block/bandittabletexture",
		"particle": "block/bandittabletexture"
	},
	"elements": [
		{
			"from": [-16, 11.99994, -2.2445],
			"to": [32, 12.90111, 18.73233],
			"rotation": {"angle": 0, "axis": "y", "origin": [8, 7.60202, 8.22013]},
			"faces": {
				"north": {"uv": [4, 2.375, 8.01563, 2.45313], "texture": "#2"},
				"east": {"uv": [4.25, 2, 6, 2.07813], "texture": "#2"},
				"south": {"uv": [4, 2.25, 8.01563, 2.32813], "texture": "#2"},
				"west": {"uv": [4.25, 2.125, 6, 2.20313], "texture": "#2"},
				"up": {"uv": [1.75, 4.01563, 0, 0], "rotation": 90, "texture": "#2"},
				"down": {"uv": [3.5, 0, 1.75, 4.01563], "rotation": 270, "texture": "#2"}
			}
		},
		{
			"from": [27.52535, 0.05403, 14.44805],
			"to": [30.52925, 12.06963, 17.45195],
			"rotation": {"angle": 0, "axis": "y", "origin": [8, 7.60202, 8.22013]},
			"faces": {
				"north": {"uv": [4, 3.5, 4.25, 4.5], "texture": "#2"},
				"east": {"uv": [0, 4.125, 0.25, 5.125], "texture": "#2"},
				"south": {"uv": [0.25, 4.125, 0.5, 5.125], "texture": "#2"},
				"west": {"uv": [4, 2.5, 4.25, 3.5], "texture": "#2"},
				"up": {"uv": [4.25, 4.75, 4, 4.5], "rotation": 270, "texture": "#2"},
				"down": {"uv": [4.625, 5.125, 4.375, 5.375], "rotation": 90, "texture": "#2"}
			}
		},
		{
			"from": [27.52535, 0.05403, -0.57145],
			"to": [30.52925, 12.06963, 2.43245],
			"rotation": {"angle": 0, "axis": "y", "origin": [8, 7.60202, 8.22013]},
			"faces": {
				"north": {"uv": [0.75, 4.125, 1, 5.125], "texture": "#2"},
				"east": {"uv": [1, 4.125, 1.25, 5.125], "texture": "#2"},
				"south": {"uv": [1.25, 4.125, 1.5, 5.125], "texture": "#2"},
				"west": {"uv": [0.5, 4.125, 0.75, 5.125], "texture": "#2"},
				"up": {"uv": [5.375, 5.375, 5.125, 5.125], "rotation": 270, "texture": "#2"},
				"down": {"uv": [5.5, 1, 5.25, 1.25], "rotation": 90, "texture": "#2"}
			}
		},
		{
			"from": [-14.52925, 0.05403, -0.57145],
			"to": [-11.52535, 12.06963, 2.43245],
			"rotation": {"angle": 0, "axis": "y", "origin": [8, 7.60202, 8.22013]},
			"faces": {
				"north": {"uv": [1.75, 4.125, 2, 5.125], "texture": "#2"},
				"east": {"uv": [2, 4.125, 2.25, 5.125], "texture": "#2"},
				"south": {"uv": [2.25, 4.125, 2.5, 5.125], "texture": "#2"},
				"west": {"uv": [1.5, 4.125, 1.75, 5.125], "texture": "#2"},
				"up": {"uv": [1.375, 5.5, 1.125, 5.25], "rotation": 270, "texture": "#2"},
				"down": {"uv": [5.5, 1.25, 5.25, 1.5], "rotation": 90, "texture": "#2"}
			}
		},
		{
			"from": [-14.52925, 0.05403, 14.44805],
			"to": [-11.52535, 12.06963, 17.45195],
			"rotation": {"angle": 0, "axis": "y", "origin": [8, 7.60202, 8.22013]},
			"faces": {
				"north": {"uv": [2.75, 4.125, 3, 5.125], "texture": "#2"},
				"east": {"uv": [3, 4.125, 3.25, 5.125], "texture": "#2"},
				"south": {"uv": [3.25, 4.125, 3.5, 5.125], "texture": "#2"},
				"west": {"uv": [2.5, 4.125, 2.75, 5.125], "texture": "#2"},
				"up": {"uv": [1.625, 5.5, 1.375, 5.25], "rotation": 270, "texture": "#2"},
				"down": {"uv": [5.5, 1.5, 5.25, 1.75], "rotation": 90, "texture": "#2"}
			}
		},
		{
			"from": [-14.58933, 12.90111, 0.66135],
			"to": [-10.08348, 17.40696, 6.66915],
			"rotation": {"angle": 0, "axis": "y", "origin": [8, 7.60202, 8.22013]},
			"faces": {
				"north": {"uv": [4.375, 4.75, 4.75, 5.125], "texture": "#2"},
				"east": {"uv": [4.25, 2.875, 4.75, 3.25], "texture": "#2"},
				"south": {"uv": [4.75, 4.5, 5.125, 4.875], "texture": "#2"},
				"west": {"uv": [4.25, 2.5, 4.75, 2.875], "texture": "#2"},
				"up": {"uv": [4.75, 3.625, 4.25, 3.25], "rotation": 270, "texture": "#2"},
				"down": {"uv": [4.75, 3.625, 4.25, 4], "rotation": 90, "texture": "#2"}
			}
		},
		{
			"from": [-13.08738, 12.90111, 9.67305],
			"to": [-7.07958, 17.40696, 14.1789],
			"rotation": {"angle": 0, "axis": "y", "origin": [8, 7.60202, 8.22013]},
			"faces": {
				"north": {"uv": [4.75, 3.25, 5.25, 3.625], "texture": "#2"},
				"east": {"uv": [0.75, 5.125, 1.125, 5.5], "texture": "#2"},
				"south": {"uv": [4.75, 3.625, 5.25, 4], "texture": "#2"},
				"west": {"uv": [0.375, 5.125, 0.75, 5.5], "texture": "#2"},
				"up": {"uv": [4.375, 5.25, 4, 4.75], "rotation": 270, "texture": "#2"},
				"down": {"uv": [5.125, 4, 4.75, 4.5], "rotation": 90, "texture": "#2"}
			}
		},
		{
			"from": [-3.6608, 12.90111, 7.47412],
			"to": [0.84505, 17.40696, 13.48192],
			"rotation": {"angle": -22.5, "axis": "y", "origin": [8, 7.60202, 8.22013]},
			"faces": {
				"north": {"uv": [4.75, 4.875, 5.125, 5.25], "texture": "#2"},
				"east": {"uv": [4.25, 4.375, 4.75, 4.75], "texture": "#2"},
				"south": {"uv": [0, 5.125, 0.375, 5.5], "texture": "#2"},
				"west": {"uv": [4.25, 4, 4.75, 4.375], "texture": "#2"},
				"up": {"uv": [5.25, 2.875, 4.75, 2.5], "rotation": 270, "texture": "#2"},
				"down": {"uv": [5.25, 2.875, 4.75, 3.25], "rotation": 90, "texture": "#2"}
			}
		},
		{
			"from": [-3.6608, 0.15111, 7.47412],
			"to": [0.84505, 4.65696, 13.48192],
			"rotation": {"angle": -22.5, "axis": "y", "origin": [8, 7.60202, 8.22013]},
			"faces": {
				"north": {"uv": [4.75, 4.875, 5.125, 5.25], "texture": "#2"},
				"east": {"uv": [4.25, 4.375, 4.75, 4.75], "texture": "#2"},
				"south": {"uv": [0, 5.125, 0.375, 5.5], "texture": "#2"},
				"west": {"uv": [4.25, 4, 4.75, 4.375], "texture": "#2"},
				"up": {"uv": [5.25, 2.875, 4.75, 2.5], "rotation": 270, "texture": "#2"},
				"down": {"uv": [5.25, 2.875, 4.75, 3.25], "rotation": 90, "texture": "#2"}
			}
		},
		{
			"from": [10.3392, 0.15111, 4.47412],
			"to": [14.84505, 4.65696, 10.48192],
			"rotation": {"angle": -22.5, "axis": "y", "origin": [8, 7.60202, 8.22013]},
			"faces": {
				"north": {"uv": [4.75, 4.875, 5.125, 5.25], "texture": "#2"},
				"east": {"uv": [4.25, 4.375, 4.75, 4.75], "texture": "#2"},
				"south": {"uv": [0, 5.125, 0.375, 5.5], "texture": "#2"},
				"west": {"uv": [4.25, 4, 4.75, 4.375], "texture": "#2"},
				"up": {"uv": [5.25, 2.875, 4.75, 2.5], "rotation": 270, "texture": "#2"},
				"down": {"uv": [5.25, 2.875, 4.75, 3.25], "rotation": 90, "texture": "#2"}
			}
		},
		{
			"from": [27.52535, 9.8167, 2.43245],
			"to": [29.0273, 12.06963, 14.44805],
			"rotation": {"angle": 0, "axis": "y", "origin": [8, 7.60202, 8.22013]},
			"faces": {
				"north": {"uv": [5.25, 3, 5.375, 3.1875], "texture": "#2"},
				"east": {"uv": [4.25, 1.25, 5.25, 1.4375], "texture": "#2"},
				"south": {"uv": [5.25, 3.25, 5.375, 3.4375], "texture": "#2"},
				"west": {"uv": [4.25, 1, 5.25, 1.1875], "texture": "#2"},
				"up": {"uv": [2.125, 5.25, 1.125, 5.125], "rotation": 270, "texture": "#2"},
				"down": {"uv": [3.125, 5.125, 2.125, 5.25], "rotation": 90, "texture": "#2"}
			}
		},
		{
			"from": [-13.0273, 9.8167, 2.43245],
			"to": [-11.52535, 12.06963, 14.44805],
			"rotation": {"angle": 0, "axis": "y", "origin": [8, 7.60202, 8.22013]},
			"faces": {
				"north": {"uv": [5.25, 3.5, 5.375, 3.6875], "texture": "#2"},
				"east": {"uv": [4.25, 1.75, 5.25, 1.9375], "texture": "#2"},
				"south": {"uv": [5.25, 3.75, 5.375, 3.9375], "texture": "#2"},
				"west": {"uv": [4.25, 1.5, 5.25, 1.6875], "texture": "#2"},
				"up": {"uv": [6.125, 4.125, 5.125, 4], "rotation": 270, "texture": "#2"},
				"down": {"uv": [6.125, 4.125, 5.125, 4.25], "rotation": 90, "texture": "#2"}
			}
		},
		{
			"from": [-11.52535, 9.8167, 0.9305],
			"to": [27.52535, 12.06963, 2.43245],
			"rotation": {"angle": 0, "axis": "y", "origin": [8, 7.60202, 8.22013]},
			"faces": {
				"north": {"uv": [3.5, 0, 6.75, 0.1875], "texture": "#2"},
				"east": {"uv": [4.125, 5.25, 4.25, 5.4375], "texture": "#2"},
				"south": {"uv": [3.5, 0.25, 6.75, 0.4375], "texture": "#2"},
				"west": {"uv": [4, 5.25, 4.125, 5.4375], "texture": "#2"},
				"up": {"uv": [3.625, 5.5, 3.5, 2.25], "rotation": 270, "texture": "#2"},
				"down": {"uv": [3.75, 2.25, 3.625, 5.5], "rotation": 90, "texture": "#2"}
			}
		},
		{
			"from": [-11.52535, 9.8167, 14.44805],
			"to": [27.52535, 12.06963, 15.95],
			"rotation": {"angle": 0, "axis": "y", "origin": [8, 7.60202, 8.22013]},
			"faces": {
				"north": {"uv": [3.5, 0.5, 6.75, 0.6875], "texture": "#2"},
				"east": {"uv": [4.75, 5.25, 4.875, 5.4375], "texture": "#2"},
				"south": {"uv": [3.5, 0.75, 6.75, 0.9375], "texture": "#2"},
				"west": {"uv": [4.25, 5.25, 4.375, 5.4375], "texture": "#2"},
				"up": {"uv": [3.875, 5.5, 3.75, 2.25], "rotation": 270, "texture": "#2"},
				"down": {"uv": [4, 2.25, 3.875, 5.5], "rotation": 90, "texture": "#2"}
			}
		},
		{
			"from": [22.85404, 12.94016, 0.23002],
			"to": [29.78944, 13.0513, 8.98819],
			"rotation": {"angle": -22.5, "axis": "y", "origin": [8, 7.60202, 8.22013]},
			"faces": {
				"north": {"uv": [0.875, 5.5, 1.45313, 5.51563], "texture": "#2"},
				"east": {"uv": [5.375, 5.125, 6.10938, 5.14063], "texture": "#2"},
				"south": {"uv": [5.5, 1, 6.07813, 1.01563], "texture": "#2"},
				"west": {"uv": [5.125, 5.375, 5.85938, 5.39063], "texture": "#2"},
				"up": {"uv": [4.23438, 1.57813, 3.5, 1], "rotation": 270, "texture": "#2"},
				"down": {"uv": [4.23438, 1.625, 3.5, 2.20313], "rotation": 90, "texture": "#2"}
			}
		},
		{
			"from": [10.18156, 13.70903, 2.64056],
			"to": [14.04385, 14.00461, 2.93614],
			"rotation": {"angle": 0, "axis": "y", "origin": [8, 7.60202, 8.22013]},
			"faces": {
				"north": {"uv": [5.375, 5.25, 5.70313, 5.28125], "texture": "#2"},
				"east": {"uv": [5, 5.5, 5.03125, 5.53125], "texture": "#2"},
				"south": {"uv": [5.125, 4.875, 5.67188, 5], "texture": "#2"},
				"west": {"uv": [4.875, 5.5, 4.90625, 5.53125], "texture": "#2"},
				"up": {"uv": [0.40625, 5.82813, 0.375, 5.5], "rotation": 270, "texture": "#2"},
				"down": {"uv": [0.53125, 5.5, 0.5, 5.82813], "rotation": 90, "texture": "#2"}
			}
		},
		{
			"from": [27.16776, 13.09027, 1.45822],
			"to": [28.27128, 14.28839, 4.41406],
			"rotation": {"angle": 0, "axis": "y", "origin": [8, 7.60202, 8.22013]},
			"faces": {
				"north": {"uv": [5.5, 1.125, 5.59375, 1.21875], "texture": "#2"},
				"east": {"uv": [2.125, 5.375, 2.375, 5.46875], "texture": "#2"},
				"south": {"uv": [5.125, 4.875, 5.67188, 5], "texture": "#2"},
				"west": {"uv": [1.875, 5.375, 2.125, 5.46875], "texture": "#2"},
				"up": {"uv": [2.625, 5.46875, 2.375, 5.375], "rotation": 270, "texture": "#2"},
				"down": {"uv": [2.875, 5.375, 2.625, 5.46875], "rotation": 90, "texture": "#2"}
			}
		},
		{
			"from": [16.95713, 13.22626, 0.72108],
			"to": [18.21828, 14.15241, 3.87397],
			"rotation": {"angle": -22.5, "axis": "y", "origin": [8, 7.60202, 8.22013]},
			"faces": {
				"north": {"uv": [5.5, 1.625, 5.60938, 1.70313], "texture": "#2"},
				"east": {"uv": [5.375, 3.375, 5.64063, 3.45313], "texture": "#2"},
				"south": {"uv": [5.125, 4.875, 5.67188, 5], "texture": "#2"},
				"west": {"uv": [5.375, 3.25, 5.64063, 3.32813], "texture": "#2"},
				"up": {"uv": [5.51563, 2.73438, 5.25, 2.625], "rotation": 270, "texture": "#2"},
				"down": {"uv": [5.51563, 2.75, 5.25, 2.85938], "rotation": 90, "texture": "#2"}
			}
		},
		{
			"from": [7.85237, 13.37405, -2.17256],
			"to": [9.7441, 14.00461, -0.91141],
			"rotation": {"angle": -45, "axis": "y", "origin": [8, 7.60202, 8.22013]},
			"faces": {
				"north": {"uv": [1.875, 5.5, 2.03125, 5.54688], "texture": "#2"},
				"east": {"uv": [3.75, 5.5, 3.85938, 5.54688], "texture": "#2"},
				"south": {"uv": [2.125, 5.5, 2.28125, 5.54688], "texture": "#2"},
				"west": {"uv": [5.5, 3.625, 5.60938, 3.67188], "texture": "#2"},
				"up": {"uv": [3.48438, 5.53125, 3.375, 5.375], "rotation": 270, "texture": "#2"},
				"down": {"uv": [5.48438, 3.5, 5.375, 3.65625], "rotation": 90, "texture": "#2"}
			}
		},
		{
			"from": [18.88057, 13.09658, -3.29757],
			"to": [24.63461, 14.28208, -2.7064],
			"rotation": {"angle": -22.5, "axis": "y", "origin": [8, 7.60202, 8.22013]},
			"faces": {
				"north": {"uv": [1.625, 5.25, 2.10938, 5.34375], "texture": "#2"},
				"east": {"uv": [4, 5.5, 4.04688, 5.59375], "texture": "#2"},
				"south": {"uv": [5.125, 4.875, 5.67188, 5], "texture": "#2"},
				"west": {"uv": [5.5, 3.875, 5.54688, 3.96875], "texture": "#2"},
				"up": {"uv": [2.92188, 5.85938, 2.875, 5.375], "rotation": 270, "texture": "#2"},
				"down": {"uv": [3.04688, 5.375, 3, 5.85938], "rotation": 90, "texture": "#2"}
			}
		},
		{
			"from": [23.10842, 13.09027, 1.45822],
			"to": [27.16776, 14.28839, 2.04939],
			"rotation": {"angle": 0, "axis": "y", "origin": [8, 7.60202, 8.22013]},
			"faces": {
				"north": {"uv": [5.25, 1.875, 5.59375, 1.96875], "texture": "#2"},
				"east": {"uv": [3.875, 5.5, 3.92188, 5.59375], "texture": "#2"},
				"south": {"uv": [5.125, 4.875, 5.67188, 5], "texture": "#2"},
				"west": {"uv": [5.5, 3.75, 5.54688, 3.84375], "texture": "#2"},
				"up": {"uv": [5.42188, 4.59375, 5.375, 4.25], "rotation": 270, "texture": "#2"},
				"down": {"uv": [4.42188, 5.375, 4.375, 5.71875], "rotation": 90, "texture": "#2"}
			}
		},
		{
			"from": [22.01411, 13.53169, 8.52279],
			"to": [22.64469, 13.84697, 9.78394],
			"rotation": {"angle": 22.5, "axis": "y", "origin": [8, 7.60202, 8.22013]},
			"faces": {
				"north": {"uv": [5.5, 4.5, 5.54688, 4.53125], "texture": "#2"},
				"east": {"uv": [4.25, 5.5, 4.35938, 5.53125], "texture": "#2"},
				"south": {"uv": [4.75, 5.5, 4.79688, 5.53125], "texture": "#2"},
				"west": {"uv": [4.125, 5.5, 4.23438, 5.53125], "texture": "#2"},
				"up": {"uv": [5.60938, 3.54688, 5.5, 3.5], "rotation": 270, "texture": "#2"},
				"down": {"uv": [3.73438, 5.5, 3.625, 5.54688], "rotation": 90, "texture": "#2"}
			}
		},
		{
			"from": [22.64469, 13.21639, 8.96419],
			"to": [23.90584, 14.16227, 12.11709],
			"rotation": {"angle": 22.5, "axis": "y", "origin": [8, 7.60202, 8.22013]},
			"faces": {
				"north": {"uv": [5.5, 1.5, 5.60938, 1.57813], "texture": "#2"},
				"east": {"uv": [5.375, 3.125, 5.64063, 3.20313], "texture": "#2"},
				"south": {"uv": [5.125, 4.875, 5.67188, 5], "texture": "#2"},
				"west": {"uv": [5.375, 3, 5.64063, 3.07813], "texture": "#2"},
				"up": {"uv": [2.76563, 5.35938, 2.5, 5.25], "rotation": 270, "texture": "#2"},
				"down": {"uv": [5.51563, 2.5, 5.25, 2.60938], "rotation": 90, "texture": "#2"}
			}
		},
		{
			"from": [9.27509, 13.18487, 1.58434],
			"to": [10.18156, 14.1938, 2.59327],
			"rotation": {"angle": 0, "axis": "y", "origin": [8, 7.60202, 8.22013]},
			"faces": {
				"north": {"uv": [2.5, 5.5, 2.57813, 5.57813], "texture": "#2"},
				"east": {"uv": [2.625, 5.5, 2.70313, 5.57813], "texture": "#2"},
				"south": {"uv": [5.125, 4.875, 5.67188, 5], "texture": "#2"},
				"west": {"uv": [2.375, 5.5, 2.45313, 5.57813], "texture": "#2"},
				"up": {"uv": [5.57813, 2.95313, 5.5, 2.875], "rotation": 270, "texture": "#2"},
				"down": {"uv": [3.57813, 5.5, 3.5, 5.57813], "rotation": 90, "texture": "#2"}
			}
		},
		{
			"from": [10.18156, 13.37405, 1.77352],
			"to": [14.04385, 14.00461, 2.40409],
			"rotation": {"angle": 0, "axis": "y", "origin": [8, 7.60202, 8.22013]},
			"faces": {
				"north": {"uv": [5.375, 4.625, 5.70313, 4.67188], "texture": "#2"},
				"east": {"uv": [5.5, 4.375, 5.54688, 4.42188], "texture": "#2"},
				"south": {"uv": [5.375, 4.75, 5.70313, 4.79688], "texture": "#2"},
				"west": {"uv": [5.5, 4.25, 5.54688, 4.29688], "texture": "#2"},
				"up": {"uv": [4.54688, 5.70313, 4.5, 5.375], "rotation": 270, "texture": "#2"},
				"down": {"uv": [4.67188, 5.375, 4.625, 5.70313], "rotation": 90, "texture": "#2"}
			}
		},
		{
			"from": [19.08847, 13.21639, 3.66525],
			"to": [20.31022, 14.16227, 5.20228],
			"rotation": {"angle": 0, "axis": "y", "origin": [8, 7.60202, 8.22013]},
			"faces": {
				"north": {"uv": [5.5, 1.375, 5.60938, 1.45313], "texture": "#2"},
				"east": {"uv": [0.75, 5.5, 0.875, 5.57813], "texture": "#2"},
				"south": {"uv": [1.5, 5.5, 1.60938, 5.57813], "texture": "#2"},
				"west": {"uv": [0.625, 5.5, 0.75, 5.57813], "texture": "#2"},
				"up": {"uv": [5, 5.48438, 4.875, 5.375], "rotation": 270, "texture": "#2"},
				"down": {"uv": [5.125, 5.375, 5, 5.48438], "rotation": 90, "texture": "#2"}
			}
		},
		{
			"from": [14.04385, 12.90111, 1.45822],
			"to": [16.48735, 14.47755, 3.03467],
			"rotation": {"angle": 0, "axis": "y", "origin": [8, 7.60202, 8.22013]},
			"faces": {
				"north": {"uv": [2.875, 5.25, 3.07813, 5.375], "texture": "#2"},
				"east": {"uv": [5.375, 3.875, 5.5, 4], "texture": "#2"},
				"south": {"uv": [5.125, 4.875, 5.67188, 5], "texture": "#2"},
				"west": {"uv": [5.375, 3.75, 5.5, 3.875], "texture": "#2"},
				"up": {"uv": [3.5, 5.32813, 3.375, 5.125], "rotation": 270, "texture": "#2"},
				"down": {"uv": [4.75, 5.125, 4.625, 5.32813], "rotation": 90, "texture": "#2"}
			}
		},
		{
			"from": [16.48735, 12.90111, 1.45822],
			"to": [23.10842, 14.47755, 3.66525],
			"rotation": {"angle": 0, "axis": "y", "origin": [8, 7.60202, 8.22013]},
			"faces": {
				"north": {"uv": [5.125, 4.875, 5.67188, 5], "texture": "#2"},
				"east": {"uv": [1.625, 5.375, 1.8125, 5.5], "texture": "#2"},
				"south": {"uv": [5.125, 4.875, 5.67188, 5], "texture": "#2"},
				"west": {"uv": [4.875, 5.25, 5.0625, 5.375], "texture": "#2"},
				"up": {"uv": [3.3125, 5.67188, 3.125, 5.125], "rotation": 270, "texture": "#2"},
				"down": {"uv": [5.3125, 4.25, 5.125, 4.79688], "rotation": 90, "texture": "#2"}
			}
		},
		{
			"from": [-12, 0, 0.44025],
			"to": [28, 0.1, 16.44025],
			"rotation": {"angle": 0, "axis": "y", "origin": [8, 7.60202, 8.22013]},
			"faces": {
				"north": {"uv": [0.01563, 0, 1.26563, 0.01563], "rotation": 90, "texture": "#2"},
				"east": {"uv": [0.01563, 0, 1.26563, 0.01563], "rotation": 90, "texture": "#2"},
				"south": {"uv": [0.01563, 0, 1.26563, 0.01563], "rotation": 90, "texture": "#2"},
				"west": {"uv": [0.01563, 0, 1.26563, 0.01563], "rotation": 90, "texture": "#2"},
				"up": {"uv": [0.01563, 0, 1.26563, 3.96875], "rotation": 270, "texture": "#2"},
				"down": {"uv": [0.01563, 0, 1.26563, 3.96875], "rotation": 270, "texture": "#2"}
			}
		},
		{
			"from": [-12, 0, -0.55975],
			"to": [27, 19, 0.54025],
			"rotation": {"angle": 0, "axis": "y", "origin": [8, 7.60202, 8.22013]},
			"faces": {
				"north": {"uv": [0.01563, 0, 1.26563, 3.96875], "rotation": 90, "texture": "#2"},
				"east": {"uv": [0.01563, 0, 1.23438, 0.17188], "rotation": 90, "texture": "#2"},
				"south": {"uv": [0.01563, 0, 1.26563, 3.96875], "rotation": 90, "texture": "#2"},
				"west": {"uv": [0.01563, 0, 1.23438, 0.17188], "rotation": 90, "texture": "#2"},
				"up": {"uv": [0.01563, 0, 0.25001, 3.92188], "rotation": 90, "texture": "#2"},
				"down": {"uv": [0.01563, 0, 1.26563, 0.01563], "rotation": 270, "texture": "#2"}
			}
		}
	],
	"display": {
		"thirdperson_righthand": {
			"rotation": [75, 45, 0],
			"translation": [0.75, 2.5, 0],
			"scale": [0.13, 0.13, 0.13]
		},
		"thirdperson_lefthand": {
			"rotation": [75, 45, 0],
			"translation": [0.75, 2.5, 0],
			"scale": [0.13, 0.13, 0.13]
		},
		"firstperson_righthand": {
			"rotation": [0, 45, 0],
			"scale": [0.4, 0.4, 0.4]
		},
		"firstperson_lefthand": {
			"rotation": [0, 225, 0],
			"scale": [0.4, 0.4, 0.4]
		},
		"ground": {
			"translation": [0, 3, 0],
			"scale": [0.25, 0.25, 0.25]
		},
		"gui": {
			"rotation": [30, 31, 0],
			"scale": [0.33, 0.33, 0.33]
		},
		"head": {
			"translation": [1.5, 14.5, 0],
			"scale": [3, 3, 3]
		},
		"fixed": {
			"rotation": [0, 180, 0],
			"translation": [0, 0, -3],
			"scale": [0.5, 0.5, 0.5]
		}
	}
}