{
	"credit": "Made with Blockbench",
	"textures": {
		"1": "block/glazed_terracotta_black",
		"2": "block/iron_door_lower",
		"3": "block/concrete_powder_silver",
		"4": "block/itemframe_background",
		"particle": "block/iron_door_lower"
	},
	"elements": [
		{
			"from": [-1, 0, 17],
			"to": [17, 3, 24],
			"faces": {
				"north": {"uv": [0, 9, 16, 11], "texture": "#1"},
				"east": {"uv": [0, 9, 7, 11], "texture": "#1"},
				"south": {"uv": [0, 9, 16, 11], "texture": "#1"},
				"west": {"uv": [0, 9, 7, 11], "texture": "#1"},
				"up": {"uv": [0, 9, 16, 16], "texture": "#1"},
				"down": {"uv": [0, 9, 16, 16], "texture": "#1"}
			}
		},
		{
			"from": [-1, 0, -8],
			"to": [17, 3, -1],
			"faces": {
				"north": {"uv": [0, 0, 16, 3], "texture": "#1"},
				"east": {"uv": [0, 0, 7, 3], "texture": "#1"},
				"south": {"uv": [0, 0, 16, 3], "texture": "#1"},
				"west": {"uv": [0, 0, 7, 3], "texture": "#1"},
				"up": {"uv": [0, 0, 16, 7], "texture": "#1"},
				"down": {"uv": [0, 0, 16, 7], "texture": "#1"}
			}
		},
		{
			"from": [-1, 3, -8],
			"to": [17, 16, 24],
			"faces": {
				"north": {"uv": [0, 0, 16, 13], "texture": "#1"},
				"east": {"uv": [0, 0, 16, 13], "texture": "#1"},
				"south": {"uv": [0, 0, 16, 13], "texture": "#1"},
				"west": {"uv": [0, 0, 16, 13], "texture": "#1"},
				"up": {"uv": [0, 0, 16, 16], "texture": "#1"},
				"down": {"uv": [0, 0, 16, 16], "texture": "#1"}
			}
		},
		{
			"from": [-3, 17, -10],
			"to": [19, 18, 26],
			"faces": {
				"north": {"uv": [0, 0, 16, 1], "texture": "#1"},
				"east": {"uv": [0, 0, 16, 1], "texture": "#1"},
				"south": {"uv": [0, 0, 16, 1], "texture": "#1"},
				"west": {"uv": [0, 0, 16, 1], "texture": "#1"},
				"up": {"uv": [0, 0, 16, 16], "texture": "#4"},
				"down": {"uv": [0, 0, 16, 16], "texture": "#1"}
			}
		},
		{
			"from": [-2, 16, -9],
			"to": [18, 17, 25],
			"faces": {
				"north": {"uv": [0, 0, 16, 1], "texture": "#1"},
				"east": {"uv": [0, 0, 16, 1], "texture": "#1"},
				"south": {"uv": [0, 0, 16, 1], "texture": "#1"},
				"west": {"uv": [0, 0, 16, 1], "texture": "#1"},
				"up": {"uv": [0, 0, 16, 16], "texture": "#1"},
				"down": {"uv": [0, 0, 16, 16], "texture": "#1"}
			}
		},
		{
			"from": [10.5, 21.1, 3.5],
			"to": [18.5, 21.2, 14.5],
			"rotation": {"angle": -22.5, "axis": "y", "origin": [0, 0, 0]},
			"faces": {
				"north": {"uv": [0, 0, 8, 0.1], "texture": "#2"},
				"east": {"uv": [0, 0, 11, 0.1], "texture": "#2"},
				"south": {"uv": [0, 0, 8, 0.1], "texture": "#2"},
				"west": {"uv": [0, 0, 11, 0.1], "texture": "#2"},
				"up": {"uv": [0, 0, 8, 11], "texture": "#2"},
				"down": {"uv": [0, 0, 8, 11], "texture": "#2"}
			}
		},
		{
			"from": [10.5, 21, 3.5],
			"to": [18.5, 21.1, 17.5],
			"rotation": {"angle": -22.5, "axis": "y", "origin": [0, 0, 0]},
			"faces": {
				"north": {"uv": [0, 0, 8, 0.1], "texture": "#2"},
				"east": {"uv": [0, 0, 14, 0.1], "texture": "#2"},
				"south": {"uv": [0, 0, 8, 0.1], "texture": "#2"},
				"west": {"uv": [0, 0, 14, 0.1], "texture": "#2"},
				"up": {"uv": [0, 0, 8, 14], "texture": "#2"},
				"down": {"uv": [0, 0, 8, 14], "texture": "#2"}
			}
		},
		{
			"from": [10, 18, 3],
			"to": [19, 21, 18],
			"rotation": {"angle": -22.5, "axis": "y", "origin": [0, 0, 0]},
			"faces": {
				"north": {"uv": [0, 0, 9, 3], "texture": "#2"},
				"east": {"uv": [0, 0, 11, 2.5], "texture": "#2"},
				"south": {"uv": [0, 0, 9, 3], "texture": "#2"},
				"west": {"uv": [0, 0, 9, 1], "texture": "#2"},
				"up": {"uv": [0, 0, 9, 1], "texture": "#2"},
				"down": {"uv": [0, 0, 8.5, 1], "texture": "#2"}
			}
		},
		{
			"from": [-1, 0, -1],
			"to": [17, 0.1, 17],
			"faces": {
				"north": {"uv": [0, 0, 16, 0.1], "texture": "#3"},
				"east": {"uv": [0, 0, 16, 0.1], "texture": "#3"},
				"south": {"uv": [0, 0, 16, 0.1], "texture": "#3"},
				"west": {"uv": [0, 0, 16, 0.1], "texture": "#3"},
				"up": {"uv": [0, 0, 16, 16], "texture": "#3"},
				"down": {"uv": [0, 0, 16, 16], "texture": "#3"}
			}
		}
	],
	"display": {
		"ground": {
			"scale": [0.38, 0.38, 0.38]
		},
		"gui": {
			"rotation": [18.25, 22.5, 0],
			"scale": [0.38, 0.38, 0.38]
		},
		"head": {
			"scale": [0.01, 0.01, 0.01]
		},
		"fixed": {
			"rotation": [0, 88.75, 0],
			"scale": [0.38, 0.38, 0.38]
		}
	},
	"groups": [
		{
			"name": "group",
			"origin": [0, 0, 0],
			"color": 0,
			"children": [
				0,
				1,
				2,
				3,
				4,
				{
					"name": "group",
					"origin": [0, 0, 0],
					"color": 0,
					"children": [5, 6, 7]
				},
				8
			]
		}
	]
}