{
	"credit": "robinnoob220 ;p",
	"textures": {
		"0": "block/concrete_black",
		"1": "block/concrete_silver",
		"2": "block/stone_slab_top",
		"3": "block/anvil_base",
		"6": "block/concrete_red",
		"7": "block/concrete_lime",
		"8": "block/concrete_yellow",
		"9": "custom/overige/4",
		"10": "block/wool_colored_gray",
		"particle": "block/concrete_black"
	},
	"elements": [
		{
			"name": "hexadecagon",
			"from": [8.15692, 1.0201, 6.64094],
			"to": [8.75365, 1.2901, 9.40094],
			"rotation": {"angle": -45, "axis": "y", "origin": [8.45528, 1.3201, 7.90094]},
			"faces": {
				"east": {"uv": [0, 1, 1, 0], "rotation": 180, "texture": "#0"},
				"south": {"uv": [0, 1, 1, 0], "rotation": 180, "texture": "#0"},
				"west": {"uv": [0, 1, 1, 0], "rotation": 180, "texture": "#0"},
				"up": {"uv": [0, 1, 1, 0], "rotation": 90, "texture": "#0"},
				"down": {"uv": [0, 1, 1, 0], "rotation": 270, "texture": "#0"}
			}
		},
		{
			"name": "hexadecagon",
			"from": [8.15692, 1.0201, 9.10094],
			"to": [8.75365, 1.2901, 9.40094],
			"rotation": {"angle": -22.5, "axis": "y", "origin": [8.45528, 1.3201, 7.90094]},
			"faces": {
				"east": {"uv": [0, 1, 1, 0], "rotation": 180, "texture": "#0"},
				"south": {"uv": [0, 1, 1, 0], "rotation": 180, "texture": "#0"},
				"west": {"uv": [0, 1, 1, 0], "rotation": 180, "texture": "#0"},
				"up": {"uv": [0, 1, 1, 0], "rotation": 90, "texture": "#0"},
				"down": {"uv": [0, 1, 1, 0], "rotation": 270, "texture": "#0"}
			}
		},
		{
			"name": "hexadecagon",
			"from": [8.15692, 1.0201, 6.61094],
			"to": [8.75365, 1.2901, 9.40094],
			"rotation": {"angle": 0, "axis": "y", "origin": [8.45528, 1.3201, 7.90094]},
			"faces": {
				"east": {"uv": [0, 1, 1, 0], "rotation": 180, "texture": "#0"},
				"south": {"uv": [0, 1, 1, 0], "rotation": 180, "texture": "#0"},
				"west": {"uv": [0, 1, 1, 0], "rotation": 180, "texture": "#0"},
				"up": {"uv": [0, 1, 1, 0], "rotation": 90, "texture": "#0"},
				"down": {"uv": [0, 1, 1, 0], "rotation": 270, "texture": "#0"}
			}
		},
		{
			"name": "hexadecagon",
			"from": [8.15692, 1.0201, 9.10094],
			"to": [8.75365, 1.2901, 9.40094],
			"rotation": {"angle": 22.5, "axis": "y", "origin": [8.45528, 1.3201, 7.90094]},
			"faces": {
				"east": {"uv": [0, 1, 1, 0], "rotation": 180, "texture": "#0"},
				"south": {"uv": [0, 1, 1, 0], "rotation": 180, "texture": "#0"},
				"west": {"uv": [0, 1, 1, 0], "rotation": 180, "texture": "#0"},
				"up": {"uv": [0, 1, 1, 0], "rotation": 90, "texture": "#0"},
				"down": {"uv": [0, 1, 1, 0], "rotation": 270, "texture": "#0"}
			}
		},
		{
			"name": "hexadecagon",
			"from": [8.15692, 1.0201, 6.64094],
			"to": [8.75365, 1.2901, 9.40094],
			"rotation": {"angle": 45, "axis": "y", "origin": [8.45528, 1.3201, 7.90094]},
			"faces": {
				"east": {"uv": [0, 1, 1, 0], "rotation": 180, "texture": "#0"},
				"south": {"uv": [0, 1, 1, 0], "rotation": 180, "texture": "#0"},
				"west": {"uv": [0, 1, 1, 0], "rotation": 180, "texture": "#0"},
				"up": {"uv": [0, 1, 1, 0], "rotation": 90, "texture": "#0"},
				"down": {"uv": [0, 1, 1, 0], "rotation": 270, "texture": "#0"}
			}
		},
		{
			"name": "hexadecagon",
			"from": [8.15692, 1.0201, 6.40094],
			"to": [8.75365, 1.2901, 6.70094],
			"rotation": {"angle": -45, "axis": "y", "origin": [8.45528, 1.3201, 7.90094]},
			"faces": {
				"north": {"uv": [0, 1, 1, 0], "rotation": 180, "texture": "#0"},
				"west": {"uv": [0, 1, 1, 0], "rotation": 180, "texture": "#0"},
				"up": {"uv": [0, 1, 1, 0], "rotation": 90, "texture": "#0"},
				"down": {"uv": [0, 1, 1, 0], "rotation": 270, "texture": "#0"}
			}
		},
		{
			"name": "hexadecagon",
			"from": [8.15692, 1.0201, 6.40094],
			"to": [8.75365, 1.2901, 9.31094],
			"rotation": {"angle": -22.5, "axis": "y", "origin": [8.45528, 1.3201, 7.90094]},
			"faces": {
				"north": {"uv": [0, 1, 1, 0], "rotation": 180, "texture": "#0"},
				"east": {"uv": [0, 1, 1, 0], "rotation": 180, "texture": "#0"},
				"west": {"uv": [0, 1, 1, 0], "rotation": 180, "texture": "#0"},
				"up": {"uv": [0, 1, 1, 0], "rotation": 90, "texture": "#0"},
				"down": {"uv": [0, 1, 1, 0], "rotation": 270, "texture": "#0"}
			}
		},
		{
			"name": "hexadecagon",
			"from": [8.15692, 1.0201, 6.40094],
			"to": [8.75365, 1.2901, 6.70094],
			"rotation": {"angle": 0, "axis": "y", "origin": [8.45528, 1.3201, 7.90094]},
			"faces": {
				"north": {"uv": [0, 1, 1, 0], "rotation": 180, "texture": "#0"},
				"east": {"uv": [0, 1, 1, 0], "rotation": 180, "texture": "#0"},
				"west": {"uv": [0, 1, 1, 0], "rotation": 180, "texture": "#0"},
				"up": {"uv": [0, 1, 1, 0], "rotation": 90, "texture": "#0"},
				"down": {"uv": [0, 1, 1, 0], "rotation": 270, "texture": "#0"}
			}
		},
		{
			"name": "hexadecagon",
			"from": [8.15692, 1.0201, 6.40094],
			"to": [8.75365, 1.2901, 9.16094],
			"rotation": {"angle": 22.5, "axis": "y", "origin": [8.45528, 1.3201, 7.90094]},
			"faces": {
				"north": {"uv": [0, 1, 1, 0], "rotation": 180, "texture": "#0"},
				"east": {"uv": [0, 1, 1, 0], "rotation": 180, "texture": "#0"},
				"west": {"uv": [0, 1, 1, 0], "rotation": 180, "texture": "#0"},
				"up": {"uv": [0, 1, 1, 0], "rotation": 90, "texture": "#0"},
				"down": {"uv": [0, 1, 1, 0], "rotation": 270, "texture": "#0"}
			}
		},
		{
			"name": "hexadecagon",
			"from": [8.15692, 1.0201, 6.40094],
			"to": [8.75365, 1.2901, 6.70094],
			"rotation": {"angle": 45, "axis": "y", "origin": [8.45528, 1.3201, 7.90094]},
			"faces": {
				"north": {"uv": [0, 1, 1, 0], "rotation": 180, "texture": "#0"},
				"east": {"uv": [0, 1, 1, 0], "rotation": 180, "texture": "#0"},
				"west": {"uv": [0, 1, 1, 0], "rotation": 180, "texture": "#0"},
				"up": {"uv": [0, 1, 1, 0], "rotation": 90, "texture": "#0"},
				"down": {"uv": [0, 1, 1, 0], "rotation": 270, "texture": "#0"}
			}
		},
		{
			"name": "hexadecagon",
			"from": [6.95528, 1.0201, 7.60257],
			"to": [9.68528, 1.2901, 8.1993],
			"rotation": {"angle": -22.5, "axis": "y", "origin": [8.45528, 1.3201, 7.90094]},
			"faces": {
				"north": {"uv": [0, 1, 1, 0], "rotation": 180, "texture": "#0"},
				"south": {"uv": [0, 1, 1, 0], "rotation": 180, "texture": "#0"},
				"west": {"uv": [0, 1, 1, 0], "rotation": 180, "texture": "#0"},
				"up": {"uv": [0, 1, 1, 0], "rotation": 90, "texture": "#0"},
				"down": {"uv": [0, 1, 1, 0], "rotation": 270, "texture": "#0"}
			}
		},
		{
			"name": "hexadecagon",
			"from": [6.95528, 1.0201, 7.60257],
			"to": [9.77528, 1.2901, 8.1993],
			"rotation": {"angle": 0, "axis": "y", "origin": [8.45528, 1.3201, 7.90094]},
			"faces": {
				"north": {"uv": [0, 1, 1, 0], "rotation": 180, "texture": "#0"},
				"south": {"uv": [0, 1, 1, 0], "rotation": 180, "texture": "#0"},
				"west": {"uv": [0, 1, 1, 0], "rotation": 180, "texture": "#0"},
				"up": {"uv": [0, 1, 1, 0], "rotation": 90, "texture": "#0"},
				"down": {"uv": [0, 1, 1, 0], "rotation": 270, "texture": "#0"}
			}
		},
		{
			"name": "hexadecagon",
			"from": [6.95528, 1.0201, 7.60257],
			"to": [7.25528, 1.2901, 8.1993],
			"rotation": {"angle": 22.5, "axis": "y", "origin": [8.45528, 1.3201, 7.90094]},
			"faces": {
				"north": {"uv": [0, 1, 1, 0], "rotation": 180, "texture": "#0"},
				"south": {"uv": [0, 1, 1, 0], "rotation": 180, "texture": "#0"},
				"west": {"uv": [0, 1, 1, 0], "rotation": 180, "texture": "#0"},
				"up": {"uv": [0, 1, 1, 0], "rotation": 90, "texture": "#0"},
				"down": {"uv": [0, 1, 1, 0], "rotation": 270, "texture": "#0"}
			}
		},
		{
			"name": "hexadecagon",
			"from": [9.65528, 1.0201, 7.60257],
			"to": [9.95528, 1.2901, 8.1993],
			"rotation": {"angle": -22.5, "axis": "y", "origin": [8.45528, 1.3201, 7.90094]},
			"faces": {
				"north": {"uv": [0, 1, 1, 0], "rotation": 180, "texture": "#0"},
				"east": {"uv": [0, 1, 1, 0], "rotation": 180, "texture": "#0"},
				"south": {"uv": [0, 1, 1, 0], "rotation": 180, "texture": "#0"},
				"up": {"uv": [0, 1, 1, 0], "rotation": 90, "texture": "#0"},
				"down": {"uv": [0, 1, 1, 0], "rotation": 270, "texture": "#0"}
			}
		},
		{
			"name": "hexadecagon",
			"from": [9.65528, 1.0201, 7.60257],
			"to": [9.95528, 1.2901, 8.1993],
			"rotation": {"angle": 0, "axis": "y", "origin": [8.45528, 1.3201, 7.90094]},
			"faces": {
				"north": {"uv": [0, 1, 1, 0], "rotation": 180, "texture": "#0"},
				"east": {"uv": [0, 1, 1, 0], "rotation": 180, "texture": "#0"},
				"south": {"uv": [0, 1, 1, 0], "rotation": 180, "texture": "#0"},
				"up": {"uv": [0, 1, 1, 0], "rotation": 90, "texture": "#0"},
				"down": {"uv": [0, 1, 1, 0], "rotation": 270, "texture": "#0"}
			}
		},
		{
			"name": "hexadecagon",
			"from": [7.16528, 1.0201, 7.60257],
			"to": [9.95528, 1.2901, 8.1993],
			"rotation": {"angle": 22.5, "axis": "y", "origin": [8.45528, 1.3201, 7.90094]},
			"faces": {
				"east": {"uv": [0, 1, 1, 0], "rotation": 180, "texture": "#0"},
				"south": {"uv": [0, 1, 1, 0], "rotation": 180, "texture": "#0"},
				"up": {"uv": [0, 1, 1, 0], "rotation": 90, "texture": "#0"},
				"down": {"uv": [0, 1, 1, 0], "rotation": 270, "texture": "#0"}
			}
		},
		{
			"name": "hexadecagon",
			"from": [8.29768, 1.2931, 7.40245],
			"to": [8.54831, 3.4471, 8.56165],
			"rotation": {"angle": -45, "axis": "y", "origin": [8.423, 2.9791, 7.93165]},
			"faces": {
				"east": {"uv": [0, 1, 1, 0], "rotation": 180, "texture": "#0"},
				"south": {"uv": [0, 1, 1, 0], "rotation": 180, "texture": "#0"},
				"west": {"uv": [0, 1, 1, 0], "rotation": 180, "texture": "#0"},
				"up": {"uv": [0, 1, 1, 0], "rotation": 90, "texture": "#0"},
				"down": {"uv": [0, 1, 1, 0], "rotation": 270, "texture": "#0"}
			}
		},
		{
			"name": "hexadecagon",
			"from": [8.29768, 1.2931, 8.43565],
			"to": [8.54831, 3.6271, 8.56165],
			"rotation": {"angle": -22.5, "axis": "y", "origin": [8.423, 2.9791, 7.93165]},
			"faces": {
				"north": {"uv": [0, 1, 1, 0], "rotation": 180, "texture": "#0"},
				"south": {"uv": [0, 1, 1, 0], "rotation": 180, "texture": "#0"},
				"west": {"uv": [0, 1, 1, 0], "rotation": 180, "texture": "#0"},
				"up": {"uv": [0, 1, 1, 0], "rotation": 90, "texture": "#0"},
				"down": {"uv": [0, 1, 1, 0], "rotation": 270, "texture": "#0"}
			}
		},
		{
			"name": "hexadecagon",
			"from": [8.29768, 1.2931, 8.39245],
			"to": [8.54831, 4.2271, 8.56165],
			"rotation": {"angle": 45, "axis": "y", "origin": [8.423, 2.9791, 7.93165]},
			"faces": {
				"north": {"uv": [0, 1, 1, 0], "rotation": 180, "texture": "#0"},
				"east": {"uv": [0, 1, 1, 0], "rotation": 180, "texture": "#0"},
				"south": {"uv": [0, 1, 1, 0], "rotation": 180, "texture": "#0"},
				"west": {"uv": [0, 1, 1, 0], "rotation": 180, "texture": "#0"},
				"up": {"uv": [0, 1, 1, 0], "rotation": 90, "texture": "#0"},
				"down": {"uv": [0, 1, 1, 0], "rotation": 270, "texture": "#0"}
			}
		},
		{
			"name": "hexadecagon",
			"from": [8.29768, 1.2931, 7.30165],
			"to": [8.54831, 3.9871, 7.59385],
			"rotation": {"angle": -22.5, "axis": "y", "origin": [8.423, 2.9791, 7.93165]},
			"faces": {
				"north": {"uv": [0, 1, 1, 0], "rotation": 180, "texture": "#0"},
				"east": {"uv": [0, 1, 1, 0], "rotation": 180, "texture": "#0"},
				"south": {"uv": [0, 1, 1, 0], "rotation": 180, "texture": "#0"},
				"west": {"uv": [0, 1, 1, 0], "rotation": 180, "texture": "#0"},
				"up": {"uv": [0, 1, 1, 0], "rotation": 90, "texture": "#0"},
				"down": {"uv": [0, 1, 1, 0], "rotation": 270, "texture": "#0"}
			}
		},
		{
			"name": "hexadecagon",
			"from": [8.29768, 1.2931, 7.30165],
			"to": [8.54831, 3.5971, 8.46085],
			"rotation": {"angle": 22.5, "axis": "y", "origin": [8.423, 2.9791, 7.93165]},
			"faces": {
				"north": {"uv": [0, 1, 1, 0], "rotation": 180, "texture": "#0"},
				"east": {"uv": [0, 1, 1, 0], "rotation": 180, "texture": "#0"},
				"west": {"uv": [0, 1, 1, 0], "rotation": 180, "texture": "#0"},
				"up": {"uv": [0, 1, 1, 0], "rotation": 90, "texture": "#0"},
				"down": {"uv": [0, 1, 1, 0], "rotation": 270, "texture": "#0"}
			}
		},
		{
			"name": "hexadecagon",
			"from": [8.29768, 1.2931, 7.30165],
			"to": [8.54831, 3.4171, 7.42765],
			"rotation": {"angle": 45, "axis": "y", "origin": [8.423, 2.9791, 7.93165]},
			"faces": {
				"north": {"uv": [0, 1, 1, 0], "rotation": 180, "texture": "#0"},
				"south": {"uv": [0, 1, 1, 0], "rotation": 180, "texture": "#0"},
				"west": {"uv": [0, 1, 1, 0], "rotation": 180, "texture": "#0"},
				"up": {"uv": [0, 1, 1, 0], "rotation": 90, "texture": "#0"},
				"down": {"uv": [0, 1, 1, 0], "rotation": 270, "texture": "#0"}
			}
		},
		{
			"name": "hexadecagon",
			"from": [7.793, 1.2931, 7.80633],
			"to": [8.9396, 3.3571, 8.05696],
			"rotation": {"angle": -22.5, "axis": "y", "origin": [8.423, 2.9791, 7.93165]},
			"faces": {
				"north": {"uv": [0, 1, 1, 0], "rotation": 180, "texture": "#0"},
				"south": {"uv": [0, 1, 1, 0], "rotation": 180, "texture": "#0"},
				"west": {"uv": [0, 1, 1, 0], "rotation": 180, "texture": "#0"},
				"up": {"uv": [0, 1, 1, 0], "rotation": 90, "texture": "#0"},
				"down": {"uv": [0, 1, 1, 0], "rotation": 270, "texture": "#0"}
			}
		},
		{
			"name": "hexadecagon",
			"from": [7.793, 1.2931, 7.80633],
			"to": [8.9774, 3.3271, 8.05696],
			"rotation": {"angle": 0, "axis": "y", "origin": [8.423, 2.9791, 7.93165]},
			"faces": {
				"north": {"uv": [0, 1, 1, 0], "rotation": 180, "texture": "#0"},
				"south": {"uv": [0, 1, 1, 0], "rotation": 180, "texture": "#0"},
				"west": {"uv": [0, 1, 1, 0], "rotation": 180, "texture": "#0"},
				"up": {"uv": [0, 1, 1, 0], "rotation": 90, "texture": "#0"},
				"down": {"uv": [0, 1, 1, 0], "rotation": 270, "texture": "#0"}
			}
		},
		{
			"name": "hexadecagon",
			"from": [7.793, 1.2931, 7.80633],
			"to": [7.919, 3.3571, 8.05696],
			"rotation": {"angle": 22.5, "axis": "y", "origin": [8.423, 2.9791, 7.93165]},
			"faces": {
				"north": {"uv": [0, 1, 1, 0], "rotation": 180, "texture": "#0"},
				"east": {"uv": [0, 1, 1, 0], "rotation": 180, "texture": "#0"},
				"west": {"uv": [0, 1, 1, 0], "rotation": 180, "texture": "#0"},
				"up": {"uv": [0, 1, 1, 0], "rotation": 90, "texture": "#0"},
				"down": {"uv": [0, 1, 1, 0], "rotation": 270, "texture": "#0"}
			}
		},
		{
			"name": "hexadecagon",
			"from": [8.7512, 1.2931, 7.80633],
			"to": [9.053, 4.2271, 8.05696],
			"rotation": {"angle": 22.5, "axis": "y", "origin": [8.423, 2.9791, 7.93165]},
			"faces": {
				"north": {"uv": [0, 1, 1, 0], "rotation": 180, "texture": "#0"},
				"east": {"uv": [0, 1, 1, 0], "rotation": 180, "texture": "#0"},
				"south": {"uv": [0, 1, 1, 0], "rotation": 180, "texture": "#0"},
				"west": {"uv": [0, 1, 1, 0], "rotation": 180, "texture": "#0"},
				"up": {"uv": [0, 1, 1, 0], "rotation": 90, "texture": "#0"},
				"down": {"uv": [0, 1, 1, 0], "rotation": 270, "texture": "#0"}
			}
		},
		{
			"name": "hexadecagon",
			"from": [8.29768, 1.2931, 7.38985],
			"to": [8.54831, 3.8371, 8.56165],
			"rotation": {"angle": 0, "axis": "y", "origin": [8.423, 2.9791, 7.93165]},
			"faces": {
				"east": {"uv": [0, 1, 1, 0], "rotation": 180, "texture": "#0"},
				"south": {"uv": [0, 1, 1, 0], "rotation": 180, "texture": "#0"},
				"west": {"uv": [0, 1, 1, 0], "rotation": 180, "texture": "#0"},
				"down": {"uv": [0, 1, 1, 0], "rotation": 270, "texture": "#0"}
			}
		},
		{
			"name": "hexadecagon",
			"from": [8.29768, 1.2931, 8.43565],
			"to": [8.54831, 4.0471, 8.56165],
			"rotation": {"angle": 22.5, "axis": "y", "origin": [8.423, 2.9791, 7.93165]},
			"faces": {
				"north": {"uv": [0, 1, 1, 0], "rotation": 180, "texture": "#0"},
				"south": {"uv": [0, 1, 1, 0], "rotation": 180, "texture": "#0"},
				"west": {"uv": [0, 1, 1, 0], "rotation": 180, "texture": "#0"},
				"up": {"uv": [0, 1, 1, 0], "rotation": 90, "texture": "#0"},
				"down": {"uv": [0, 1, 1, 0], "rotation": 270, "texture": "#0"}
			}
		},
		{
			"name": "hexadecagon",
			"from": [8.29768, 1.2931, 7.30165],
			"to": [8.54831, 4.2271, 7.42765],
			"rotation": {"angle": -45, "axis": "y", "origin": [8.423, 2.9791, 7.93165]},
			"faces": {
				"north": {"uv": [0, 1, 1, 0], "rotation": 180, "texture": "#0"},
				"south": {"uv": [0, 1, 1, 0], "rotation": 180, "texture": "#0"},
				"west": {"uv": [0, 1, 1, 0], "rotation": 180, "texture": "#0"},
				"up": {"uv": [0, 1, 1, 0], "rotation": 90, "texture": "#0"},
				"down": {"uv": [0, 1, 1, 0], "rotation": 270, "texture": "#0"}
			}
		},
		{
			"name": "hexadecagon",
			"from": [8.29768, 1.2931, 7.30165],
			"to": [8.54831, 3.8371, 7.42765],
			"rotation": {"angle": 0, "axis": "y", "origin": [8.423, 2.9791, 7.93165]},
			"faces": {
				"north": {"uv": [0, 1, 1, 0], "rotation": 180, "texture": "#0"},
				"down": {"uv": [0, 1, 1, 0], "rotation": 270, "texture": "#0"}
			}
		},
		{
			"name": "hexadecagon",
			"from": [8.927, 1.2931, 7.80633],
			"to": [9.053, 4.4071, 8.05696],
			"rotation": {"angle": -22.5, "axis": "y", "origin": [8.423, 2.9791, 7.93165]},
			"faces": {
				"east": {"uv": [0, 1, 1, 0], "rotation": 180, "texture": "#0"},
				"south": {"uv": [0, 1, 1, 0], "rotation": 180, "texture": "#0"},
				"west": {"uv": [0, 1, 1, 0], "rotation": 180, "texture": "#0"},
				"up": {"uv": [0, 1, 1, 0], "rotation": 90, "texture": "#0"},
				"down": {"uv": [0, 1, 1, 0], "rotation": 270, "texture": "#0"}
			}
		},
		{
			"name": "hexadecagon",
			"from": [8.927, 1.2931, 7.80633],
			"to": [9.053, 4.4371, 8.05696],
			"rotation": {"angle": 0, "axis": "y", "origin": [8.423, 2.9791, 7.93165]},
			"faces": {
				"north": {"uv": [0, 1, 1, 0], "rotation": 180, "texture": "#0"},
				"east": {"uv": [0, 1, 1, 0], "rotation": 180, "texture": "#0"},
				"south": {"uv": [0, 1, 1, 0], "rotation": 180, "texture": "#0"},
				"west": {"uv": [0, 1, 1, 0], "rotation": 180, "texture": "#0"},
				"down": {"uv": [0, 1, 1, 0], "rotation": 270, "texture": "#0"}
			}
		},
		{
			"from": [4.19528, 4.5901, 6.68594],
			"to": [8.75528, 4.8901, 9.31094],
			"rotation": {"angle": 45, "axis": "z", "origin": [8.45528, 6.9901, 5.71094]},
			"faces": {
				"north": {"uv": [0, 0, 15.2, 1], "texture": "#0"},
				"east": {"uv": [0, 0, 15.2, 1], "texture": "#0"},
				"south": {"uv": [0, 0, 15.2, 1], "texture": "#0"},
				"west": {"uv": [0, 0, 15.2, 1], "texture": "#0"},
				"up": {"uv": [0, 0, 15.2, 1], "rotation": 270, "texture": "#0"},
				"down": {"uv": [0, 0, 15.2, 1], "rotation": 90, "texture": "#0"}
			}
		},
		{
			"from": [6.39528, 4.7601, 6.74594],
			"to": [6.45528, 6.4701, 8.98094],
			"rotation": {"angle": 45, "axis": "z", "origin": [8.21528, 7.1601, 5.71094]},
			"faces": {
				"east": {"uv": [7.5, 1, 10.2, 2.5], "texture": "#3"},
				"west": {"uv": [7.5, 1, 10.2, 2.5], "texture": "#3"},
				"up": {"uv": [7.5, 1, 10.2, 2.5], "rotation": 270, "texture": "#3"}
			}
		},
		{
			"from": [4.70528, 4.7601, 6.74594],
			"to": [6.45528, 6.4701, 6.79094],
			"rotation": {"angle": 45, "axis": "z", "origin": [8.21528, 7.1601, 5.71094]},
			"faces": {
				"north": {"uv": [7.5, 1, 10.2, 2.5], "texture": "#3"},
				"south": {"uv": [7.5, 1, 10.2, 2.5], "texture": "#3"},
				"west": {"uv": [7.5, 1, 10.2, 2.5], "texture": "#3"},
				"up": {"uv": [7.5, 1, 10.2, 2.5], "rotation": 270, "texture": "#3"}
			}
		},
		{
			"from": [4.70528, 4.7601, 8.93594],
			"to": [6.45528, 6.4701, 8.98094],
			"rotation": {"angle": 45, "axis": "z", "origin": [8.21528, 7.1601, 7.90094]},
			"faces": {
				"north": {"uv": [7.5, 1, 10.2, 2.5], "texture": "#3"},
				"south": {"uv": [7.5, 1, 10.2, 2.5], "texture": "#3"},
				"west": {"uv": [7.5, 1, 10.2, 2.5], "texture": "#3"},
				"up": {"uv": [7.5, 1, 10.2, 2.5], "rotation": 270, "texture": "#3"}
			}
		},
		{
			"from": [7.82528, 4.7601, 9.07094],
			"to": [7.97528, 5.8701, 9.22094],
			"rotation": {"angle": 45, "axis": "z", "origin": [8.21528, 7.1601, 7.90094]},
			"faces": {
				"north": {"uv": [7.5, 1, 10.2, 2.5], "texture": "#3"},
				"east": {"uv": [7.5, 1, 10.2, 2.5], "texture": "#3"},
				"south": {"uv": [7.5, 1, 10.2, 2.5], "texture": "#3"},
				"west": {"uv": [7.5, 1, 10.2, 2.5], "texture": "#3"},
				"up": {"uv": [7.5, 1, 10.2, 2.5], "rotation": 270, "texture": "#3"}
			}
		},
		{
			"from": [8.12528, 4.7601, 6.97094],
			"to": [8.47528, 5.8701, 7.32094],
			"rotation": {"angle": 45, "axis": "z", "origin": [8.21528, 7.1601, 7.90094]},
			"faces": {
				"north": {"uv": [7.5, 1, 10.2, 2.5], "texture": "#3"},
				"east": {"uv": [7.5, 1, 10.2, 2.5], "texture": "#3"},
				"south": {"uv": [7.5, 1, 10.2, 2.5], "texture": "#3"},
				"west": {"uv": [7.5, 1, 10.2, 2.5], "texture": "#3"},
				"up": {"uv": [15.982, 16, 0, 0], "rotation": 270, "texture": "#9"}
			}
		},
		{
			"from": [7.52528, 4.7601, 9.07094],
			"to": [7.67528, 5.8701, 9.22094],
			"rotation": {"angle": 45, "axis": "z", "origin": [8.21528, 7.1601, 7.90094]},
			"faces": {
				"north": {"uv": [7.5, 1, 10.2, 2.5], "texture": "#3"},
				"east": {"uv": [7.5, 1, 10.2, 2.5], "texture": "#3"},
				"south": {"uv": [7.5, 1, 10.2, 2.5], "texture": "#3"},
				"west": {"uv": [7.5, 1, 10.2, 2.5], "texture": "#3"},
				"up": {"uv": [7.5, 1, 10.2, 2.5], "rotation": 270, "texture": "#3"}
			}
		},
		{
			"from": [7.22528, 4.7601, 9.07094],
			"to": [7.37528, 5.8701, 9.22094],
			"rotation": {"angle": 45, "axis": "z", "origin": [8.21528, 7.1601, 7.90094]},
			"faces": {
				"north": {"uv": [7.5, 1, 10.2, 2.5], "texture": "#3"},
				"east": {"uv": [7.5, 1, 10.2, 2.5], "texture": "#3"},
				"south": {"uv": [7.5, 1, 10.2, 2.5], "texture": "#3"},
				"west": {"uv": [7.5, 1, 10.2, 2.5], "texture": "#3"},
				"up": {"uv": [7.5, 1, 10.2, 2.5], "rotation": 270, "texture": "#3"}
			}
		},
		{
			"from": [6.92528, 4.7601, 9.07094],
			"to": [7.07528, 5.8701, 9.22094],
			"rotation": {"angle": 45, "axis": "z", "origin": [8.21528, 7.1601, 7.90094]},
			"faces": {
				"north": {"uv": [7.5, 1, 10.2, 2.5], "texture": "#3"},
				"east": {"uv": [7.5, 1, 10.2, 2.5], "texture": "#3"},
				"south": {"uv": [7.5, 1, 10.2, 2.5], "texture": "#3"},
				"west": {"uv": [7.5, 1, 10.2, 2.5], "texture": "#3"},
				"up": {"uv": [7.5, 1, 10.2, 2.5], "rotation": 270, "texture": "#3"}
			}
		},
		{
			"from": [5.92528, 4.7601, 6.97094],
			"to": [6.27528, 5.8701, 7.42094],
			"rotation": {"angle": 45, "axis": "z", "origin": [8.21528, 7.1601, 8.00094]},
			"faces": {
				"north": {"uv": [3.063, 3.25, 0, 0], "rotation": 270, "texture": "#1"},
				"east": {"uv": [3.063, 3.25, 0, 0], "rotation": 270, "texture": "#1"},
				"south": {"uv": [3.063, 3.25, 0, 0], "rotation": 270, "texture": "#1"},
				"west": {"uv": [3.063, 3.25, 0, 0], "rotation": 270, "texture": "#1"},
				"up": {"uv": [3.063, 3.25, 0, 0], "rotation": 270, "texture": "#1"}
			}
		},
		{
			"from": [5.52528, 4.7601, 6.97094],
			"to": [5.87528, 5.8701, 7.42094],
			"rotation": {"angle": 45, "axis": "z", "origin": [8.21528, 7.1601, 8.00094]},
			"faces": {
				"north": {"uv": [11.657, 3.25, 8.594, 0], "rotation": 270, "texture": "#1"},
				"east": {"uv": [11.657, 3.25, 8.594, 0], "rotation": 270, "texture": "#1"},
				"south": {"uv": [11.657, 3.25, 8.594, 0], "rotation": 270, "texture": "#1"},
				"west": {"uv": [11.657, 3.25, 8.594, 0], "rotation": 270, "texture": "#1"},
				"up": {"uv": [11.657, 3.25, 8.594, 0], "rotation": 270, "texture": "#1"}
			}
		},
		{
			"from": [5.12528, 4.7601, 6.97094],
			"to": [5.47528, 5.8701, 7.42094],
			"rotation": {"angle": 45, "axis": "z", "origin": [8.21528, 7.1601, 8.00094]},
			"faces": {
				"north": {"uv": [5.938, 6.688, 2.875, 3.438], "rotation": 270, "texture": "#1"},
				"east": {"uv": [5.938, 6.688, 2.875, 3.438], "rotation": 270, "texture": "#1"},
				"south": {"uv": [5.938, 6.688, 2.875, 3.438], "rotation": 270, "texture": "#1"},
				"west": {"uv": [5.938, 6.688, 2.875, 3.438], "rotation": 270, "texture": "#1"},
				"up": {"uv": [5.938, 6.688, 2.875, 3.438], "rotation": 270, "texture": "#1"}
			}
		},
		{
			"from": [4.72528, 4.7601, 6.97094],
			"to": [5.07528, 5.8701, 7.42094],
			"rotation": {"angle": 45, "axis": "z", "origin": [8.21528, 7.1601, 8.00094]},
			"faces": {
				"north": {"uv": [3.063, 9.875, 0, 6.625], "rotation": 270, "texture": "#1"},
				"east": {"uv": [3.063, 9.875, 0, 6.625], "rotation": 270, "texture": "#1"},
				"south": {"uv": [3.063, 9.875, 0, 6.625], "rotation": 270, "texture": "#1"},
				"west": {"uv": [3.063, 9.875, 0, 6.625], "rotation": 270, "texture": "#1"},
				"up": {"uv": [3.063, 9.875, 0, 6.625], "rotation": 270, "texture": "#1"}
			}
		},
		{
			"from": [4.22528, 4.7601, 6.97094],
			"to": [4.57528, 5.8701, 7.42094],
			"rotation": {"angle": 45, "axis": "z", "origin": [8.21528, 7.1601, 8.00094]},
			"faces": {
				"north": {"uv": [3.063, 9.875, 0, 6.625], "rotation": 270, "texture": "#6"},
				"east": {"uv": [3.063, 9.875, 0, 6.625], "rotation": 270, "texture": "#6"},
				"south": {"uv": [3.063, 9.875, 0, 6.625], "rotation": 270, "texture": "#6"},
				"west": {"uv": [3.063, 9.875, 0, 6.625], "rotation": 270, "texture": "#6"},
				"up": {"uv": [3.063, 9.875, 0, 6.625], "rotation": 270, "texture": "#6"}
			}
		},
		{
			"from": [5.92528, 4.7601, 8.37094],
			"to": [6.27528, 5.8701, 8.82094],
			"rotation": {"angle": 45, "axis": "z", "origin": [8.21528, 7.1601, 9.40094]},
			"faces": {
				"north": {"uv": [8.844, 3.25, 5.782, 0], "rotation": 270, "texture": "#1"},
				"east": {"uv": [8.844, 3.25, 5.782, 0], "rotation": 270, "texture": "#1"},
				"south": {"uv": [8.844, 3.25, 5.782, 0], "rotation": 270, "texture": "#1"},
				"west": {"uv": [8.844, 3.25, 5.782, 0], "rotation": 270, "texture": "#1"},
				"up": {"uv": [8.844, 3.25, 5.782, 0], "rotation": 270, "texture": "#1"}
			}
		},
		{
			"from": [5.52528, 4.7601, 8.37094],
			"to": [5.87528, 5.8701, 8.82094],
			"rotation": {"angle": 45, "axis": "z", "origin": [8.21528, 7.1601, 9.40094]},
			"faces": {
				"north": {"uv": [3.063, 6.844, 0, 3.594], "rotation": 270, "texture": "#1"},
				"east": {"uv": [3.063, 6.844, 0, 3.594], "rotation": 270, "texture": "#1"},
				"south": {"uv": [3.063, 6.844, 0, 3.594], "rotation": 270, "texture": "#1"},
				"west": {"uv": [3.063, 6.844, 0, 3.594], "rotation": 270, "texture": "#1"},
				"up": {"uv": [3.063, 6.844, 0, 3.594], "rotation": 270, "texture": "#1"}
			}
		},
		{
			"from": [5.12528, 4.7601, 8.37094],
			"to": [5.47528, 5.8701, 8.82094],
			"rotation": {"angle": 45, "axis": "z", "origin": [8.21528, 7.1601, 9.40094]},
			"faces": {
				"north": {"uv": [11.594, 6.844, 8.532, 3.594], "rotation": 270, "texture": "#1"},
				"east": {"uv": [11.594, 6.844, 8.532, 3.594], "rotation": 270, "texture": "#1"},
				"south": {"uv": [11.594, 6.844, 8.532, 3.594], "rotation": 270, "texture": "#1"},
				"west": {"uv": [11.594, 6.844, 8.532, 3.594], "rotation": 270, "texture": "#1"},
				"up": {"uv": [11.594, 6.844, 8.532, 3.594], "rotation": 270, "texture": "#1"}
			}
		},
		{
			"from": [4.72528, 4.7601, 8.37094],
			"to": [5.07528, 5.8701, 8.82094],
			"rotation": {"angle": 45, "axis": "z", "origin": [8.21528, 7.1601, 9.40094]},
			"faces": {
				"north": {"uv": [14.594, 6.688, 11.532, 3.438], "rotation": 270, "texture": "#1"},
				"east": {"uv": [14.594, 6.688, 11.532, 3.438], "rotation": 270, "texture": "#1"},
				"south": {"uv": [14.594, 6.688, 11.532, 3.438], "rotation": 270, "texture": "#1"},
				"west": {"uv": [14.594, 6.688, 11.532, 3.438], "rotation": 270, "texture": "#1"},
				"up": {"uv": [14.594, 6.688, 11.532, 3.438], "rotation": 270, "texture": "#1"}
			}
		},
		{
			"from": [4.22528, 4.7601, 8.37094],
			"to": [4.57528, 5.8701, 8.82094],
			"rotation": {"angle": 45, "axis": "z", "origin": [8.21528, 7.1601, 9.40094]},
			"faces": {
				"north": {"uv": [14.594, 6.688, 11.532, 3.438], "rotation": 270, "texture": "#7"},
				"east": {"uv": [14.594, 6.688, 11.532, 3.438], "rotation": 270, "texture": "#7"},
				"south": {"uv": [14.594, 6.688, 11.532, 3.438], "rotation": 270, "texture": "#7"},
				"west": {"uv": [14.594, 6.688, 11.532, 3.438], "rotation": 270, "texture": "#7"},
				"up": {"uv": [14.594, 6.688, 11.532, 3.438], "rotation": 270, "texture": "#7"}
			}
		},
		{
			"from": [5.92528, 4.7601, 7.67094],
			"to": [6.27528, 5.8701, 8.12094],
			"rotation": {"angle": 45, "axis": "z", "origin": [8.21528, 7.1601, 8.70094]},
			"faces": {
				"north": {"uv": [5.907, 3.25, 2.844, 0], "rotation": 270, "texture": "#1"},
				"east": {"uv": [5.907, 3.25, 2.844, 0], "rotation": 270, "texture": "#1"},
				"south": {"uv": [5.907, 3.25, 2.844, 0], "rotation": 270, "texture": "#1"},
				"west": {"uv": [5.907, 3.25, 2.844, 0], "rotation": 270, "texture": "#1"},
				"up": {"uv": [5.907, 3.25, 2.844, 0], "rotation": 270, "texture": "#1"}
			}
		},
		{
			"from": [5.52528, 4.7601, 7.67094],
			"to": [5.87528, 5.8701, 8.12094],
			"rotation": {"angle": 45, "axis": "z", "origin": [8.21528, 7.1601, 8.70094]},
			"faces": {
				"north": {"uv": [14.563, 3.25, 11.5, 0], "rotation": 270, "texture": "#1"},
				"east": {"uv": [14.563, 3.25, 11.5, 0], "rotation": 270, "texture": "#1"},
				"south": {"uv": [14.563, 3.25, 11.5, 0], "rotation": 270, "texture": "#1"},
				"west": {"uv": [14.563, 3.25, 11.5, 0], "rotation": 270, "texture": "#1"},
				"up": {"uv": [14.563, 3.25, 11.5, 0], "rotation": 270, "texture": "#1"}
			}
		},
		{
			"from": [5.12528, 4.7601, 7.67094],
			"to": [5.47528, 5.8701, 8.12094],
			"rotation": {"angle": 45, "axis": "z", "origin": [8.21528, 7.1601, 8.70094]},
			"faces": {
				"north": {"uv": [8.844, 6.75, 5.782, 3.5], "rotation": 270, "texture": "#1"},
				"east": {"uv": [8.844, 6.75, 5.782, 3.5], "rotation": 270, "texture": "#1"},
				"south": {"uv": [8.844, 6.75, 5.782, 3.5], "rotation": 270, "texture": "#1"},
				"west": {"uv": [8.844, 6.75, 5.782, 3.5], "rotation": 270, "texture": "#1"},
				"up": {"uv": [8.844, 6.75, 5.782, 3.5], "rotation": 270, "texture": "#1"}
			}
		},
		{
			"from": [4.72528, 4.7601, 7.67094],
			"to": [5.07528, 5.8701, 8.12094],
			"rotation": {"angle": 45, "axis": "z", "origin": [8.21528, 7.1601, 8.70094]},
			"faces": {
				"north": {"uv": [5.938, 9.844, 2.875, 6.594], "rotation": 270, "texture": "#1"},
				"east": {"uv": [5.938, 9.844, 2.875, 6.594], "rotation": 270, "texture": "#1"},
				"south": {"uv": [5.938, 9.844, 2.875, 6.594], "rotation": 270, "texture": "#1"},
				"west": {"uv": [5.938, 9.844, 2.875, 6.594], "rotation": 270, "texture": "#1"},
				"up": {"uv": [5.938, 9.844, 2.875, 6.594], "rotation": 270, "texture": "#1"}
			}
		},
		{
			"from": [4.22528, 4.7601, 7.67094],
			"to": [4.57528, 5.8701, 8.12094],
			"rotation": {"angle": 45, "axis": "z", "origin": [8.21528, 7.1601, 8.70094]},
			"faces": {
				"north": {"uv": [5.938, 9.844, 2.875, 6.594], "rotation": 270, "texture": "#8"},
				"east": {"uv": [5.938, 9.844, 2.875, 6.594], "rotation": 270, "texture": "#8"},
				"south": {"uv": [5.938, 9.844, 2.875, 6.594], "rotation": 270, "texture": "#8"},
				"west": {"uv": [5.938, 9.844, 2.875, 6.594], "rotation": 270, "texture": "#8"},
				"up": {"uv": [5.938, 9.844, 2.875, 6.594], "rotation": 270, "texture": "#8"}
			}
		},
		{
			"from": [6.47528, 4.7601, 6.92594],
			"to": [8.03528, 5.8701, 8.98094],
			"rotation": {"angle": 45, "axis": "z", "origin": [8.21528, 7.1601, 5.71094]},
			"faces": {
				"north": {"uv": [6, 1.5, 8.7, 3], "texture": "#0"},
				"east": {"uv": [6, 1.5, 8.7, 3], "texture": "#0"},
				"south": {"uv": [6, 1.5, 8.7, 3], "texture": "#0"},
				"west": {"uv": [6, 1.5, 8.7, 3], "texture": "#0"},
				"up": {"uv": [6, 1.5, 8.7, 3], "rotation": 270, "texture": "#0"}
			}
		},
		{
			"from": [4.07528, 4.7601, 6.92594],
			"to": [4.13528, 5.8701, 9.08094],
			"rotation": {"angle": 45, "axis": "z", "origin": [8.21528, 7.1601, 5.71094]},
			"faces": {
				"north": {"uv": [6, 1.5, 8.7, 3], "texture": "#0"},
				"east": {"uv": [6, 1.5, 8.7, 3], "texture": "#0"},
				"south": {"uv": [6, 1.5, 8.7, 3], "texture": "#0"},
				"west": {"uv": [6, 1.5, 8.7, 3], "texture": "#0"},
				"up": {"uv": [6, 1.5, 8.7, 3], "rotation": 270, "texture": "#0"}
			}
		},
		{
			"from": [3.87528, 5.5601, 6.92594],
			"to": [4.13528, 5.6701, 9.08094],
			"rotation": {"angle": 45, "axis": "z", "origin": [8.21528, 7.1601, 5.71094]},
			"faces": {
				"north": {"uv": [6, 1.5, 8.7, 3], "texture": "#0"},
				"south": {"uv": [6, 1.5, 8.7, 3], "texture": "#0"},
				"west": {"uv": [6, 1.5, 8.7, 3], "texture": "#0"},
				"up": {"uv": [6, 1.5, 8.7, 3], "rotation": 270, "texture": "#0"},
				"down": {"uv": [6, 1.5, 8.7, 3], "rotation": 90, "texture": "#0"}
			}
		},
		{
			"from": [0, 0, 0],
			"to": [16, 1, 16],
			"rotation": {"angle": 0, "axis": "y", "origin": [0, 0.5, 0]},
			"faces": {
				"north": {"uv": [0, 1, 16, 0], "rotation": 180, "texture": "#10"},
				"east": {"uv": [0, 0, 1, 16], "rotation": 270, "texture": "#10"},
				"south": {"uv": [0, 16, 16, 15], "texture": "#10"},
				"west": {"uv": [15, 0, 16, 16], "rotation": 90, "texture": "#10"},
				"up": {"uv": [0, 0, 16, 16], "texture": "#10"},
				"down": {"uv": [0, 0, 16, 16], "rotation": 180, "texture": "#10"}
			}
		},
		{
			"from": [9.45049, 0.24348, 6.68594],
			"to": [14.01049, 1.27348, 9.31094],
			"rotation": {"angle": 45, "axis": "z", "origin": [5.45049, -1.75652, 2.68594]},
			"faces": {
				"north": {"uv": [6, 1.5, 8.5, 3], "texture": "#2"},
				"east": {"uv": [6, 1.5, 8.5, 3], "texture": "#2"},
				"south": {"uv": [6, 1.5, 8.5, 3], "texture": "#2"},
				"west": {"uv": [6, 1.5, 8.5, 3], "texture": "#2"},
				"up": {"uv": [6, 1.5, 8.7, 3], "rotation": 270, "texture": "#2"},
				"down": {"uv": [6, 1.5, 8.7, 3], "rotation": 270, "texture": "#2"}
			}
		}
	],
	"display": {
		"thirdperson_righthand": {
			"rotation": [32, -180, 0],
			"translation": [0, 1.75, -0.25],
			"scale": [0.2, 0.2, 0.2]
		},
		"thirdperson_lefthand": {
			"rotation": [32, -180, 0],
			"translation": [0, 1.75, -0.25],
			"scale": [0.2, 0.2, 0.2]
		},
		"firstperson_righthand": {
			"rotation": [0, 16, 0],
			"translation": [0, 3.4782, 0],
			"scale": [0.3, 0.3, 0.3]
		},
		"firstperson_lefthand": {
			"rotation": [0, -180, 0],
			"translation": [0, 3.4782, 0],
			"scale": [0.3, 0.3, 0.3]
		},
		"ground": {
			"translation": [0, 2.7826, 0],
			"scale": [0.2, 0.2, 0.2]
		},
		"gui": {
			"rotation": [28, 27, 0],
			"translation": [0, 4, 0],
			"scale": [0.8, 0.8, 0.8]
		},
		"head": {
			"rotation": [0, -180, 0],
			"translation": [0, 8.3478, 0]
		},
		"fixed": {
			"rotation": [-38, -90, 0],
			"translation": [0, 0, -4.25]
		}
	},
	"groups": [
		{
			"name": "standaard",
			"origin": [8, 8, 8],
			"children": [
				{
					"name": "onder cirkel",
					"origin": [8, 8, 8],
					"children": [0, 1, 2, 3, 4, 5, 6, 7, 8, 9, 10, 11, 12, 13, 14, 15]
				},
				{
					"name": "standaard",
					"origin": [8, 8, 8],
					"children": [16, 17, 18, 19, 20, 21, 22, 23, 24, 25]
				},
				{
					"name": "standaard",
					"origin": [8, 8, 8],
					"children": [26, 27, 28, 29, 30, 31]
				}, 32]
		},
		{
			"name": "pin console",
			"origin": [8, 8, 8],
			"children": [33, 34, 35, 36, 37, 38, 39, 40, 41, 42, 43, 44, 45, 46, 47, 48, 49, 50, 51, 52, 53, 54, 55, 56, 57, 58, 59, 60]
		}
	]
}