{
	"credit": "Made with Blockbench",
	"textures": {
		"0": "block/furnace_top",
		"1": "block/concrete_gray",
		"2": "block/wool_colored_black",
		"3": "block/concrete_powder_black",
		"4": "block/hardened_clay_stained_cyan",
		"5": "block/concrete_silver",
		"6": "block/concrete_powder_silver",
		"7": "block/mushroom_block_skin_red",
		"8": "block/emerald_block",
		"9": "block/aa10",
		"particle": "block/furnace_top"
	},
	"elements": [
		{
			"from": [0, 0, -1],
			"to": [16, 10.1, 15],
			"faces": {
				"north": {"uv": [0, 0, 16, 15.5], "texture": "#0"},
				"east": {"uv": [0, 0, 16, 15.5], "texture": "#0"},
				"south": {"uv": [0, 0, 16, 15.5], "texture": "#0"},
				"west": {"uv": [0, 0, 16, 15.5], "texture": "#0"},
				"up": {"uv": [0, 0, 16, 15.5], "texture": "#0"},
				"down": {"uv": [0, 0, 16, 15.5], "texture": "#0"}
			}
		},
		{
			"from": [16, 0, -1],
			"to": [31, 10.3, 15],
			"faces": {
				"north": {"uv": [0, 0, 16, 16], "texture": "#0"},
				"east": {"uv": [0, 0, 16, 16], "texture": "#0"},
				"south": {"uv": [0, 0, 16, 16], "texture": "#0"},
				"west": {"uv": [0, 0, 16, 16], "texture": "#0"},
				"up": {"uv": [0, 0, 16, 16], "texture": "#0"},
				"down": {"uv": [0, 0, 16, 16], "texture": "#0"}
			}
		},
		{
			"from": [-15, 0, 0],
			"to": [0, 9.5, 15],
			"faces": {
				"north": {"uv": [0, 0, 16, 15.5], "texture": "#0"},
				"east": {"uv": [0, 0, 16, 15.5], "texture": "#0"},
				"south": {"uv": [0, 0, 16, 15.5], "texture": "#0"},
				"west": {"uv": [0, 0, 16, 15.5], "texture": "#0"},
				"up": {"uv": [0, 0, 16, 15.5], "texture": "#0"},
				"down": {"uv": [0, 0, 16, 15.5], "texture": "#0"}
			}
		},
		{
			"from": [4, 10, 3],
			"to": [12, 18, 11],
			"faces": {
				"north": {"uv": [0, 0, 16, 10.75], "texture": "#9"},
				"east": {"uv": [0, 0, 16, 10.75], "texture": "#9"},
				"south": {"uv": [0, 0, 16, 10.5], "texture": "#9"},
				"west": {"uv": [0, 0, 16, 10.75], "texture": "#9"},
				"up": {"uv": [8.5, 3.5, 10.5, 5.5], "texture": "#9"},
				"down": {"uv": [0, 0, 16, 16], "texture": "#missing"}
			}
		},
		{
			"from": [-11.25, 14.15, 14.25],
			"to": [-4.75, 20.65, 22.25],
			"faces": {
				"north": {"uv": [2, 2, 4, 4], "texture": "#9"},
				"east": {"uv": [2, 0, 4, 2], "texture": "#9"},
				"south": {"uv": [4, 2, 6, 4], "texture": "#9"},
				"west": {"uv": [6, 2, 8, 4], "texture": "#9"},
				"up": {"uv": [4, 0, 6, 2], "texture": "#9"},
				"down": {"uv": [0, 2, 2, 4], "texture": "#9"}
			}
		},
		{
			"from": [-13.25, 26.9, 12],
			"to": [-10.75, 29.4, 14.5],
			"faces": {
				"north": {"uv": [0, 0, 2.5, 2.5], "texture": "#7"},
				"east": {"uv": [0, 0, 2.5, 2.5], "texture": "#7"},
				"south": {"uv": [0, 0, 2.5, 2.5], "texture": "#7"},
				"west": {"uv": [0, 0, 2.5, 2.5], "texture": "#7"},
				"up": {"uv": [0, 0, 2.5, 2.5], "texture": "#7"},
				"down": {"uv": [0, 0, 2.5, 2.5], "texture": "#7"}
			}
		},
		{
			"from": [-13.5, 26.65, 14.5],
			"to": [-10.5, 29.65, 15],
			"faces": {
				"north": {"uv": [0, 0, 0.5, 3], "texture": "#4"},
				"east": {"uv": [0, 0, 0.5, 3], "texture": "#4"},
				"south": {"uv": [0, 0, 0.5, 3], "texture": "#4"},
				"west": {"uv": [0, 0, 0.5, 3], "texture": "#4"},
				"up": {"uv": [0, 0, 0.5, 3], "texture": "#4"},
				"down": {"uv": [0, 0, 0.5, 3], "texture": "#4"}
			}
		},
		{
			"from": [-13.3, 28.55, 11.9],
			"to": [-10.7, 28.8, 14.5],
			"faces": {
				"north": {"uv": [0, 0, 2.6, 0.25], "texture": "#4"},
				"east": {"uv": [0, 0, 2.6, 0.25], "texture": "#4"},
				"south": {"uv": [0, 0, 2.6, 0.25], "texture": "#4"},
				"west": {"uv": [0, 0, 2.6, 0.25], "texture": "#4"},
				"up": {"uv": [0, 0, 2.6, 0.25], "texture": "#4"},
				"down": {"uv": [0, 0, 2.6, 0.25], "texture": "#4"}
			}
		},
		{
			"from": [-13, 26.85, 11.95],
			"to": [-12.75, 29.5, 14.525],
			"faces": {
				"north": {"uv": [0, 0, 2.575, 2.65], "texture": "#4"},
				"east": {"uv": [0, 0, 2.575, 2.65], "texture": "#4"},
				"south": {"uv": [0, 0, 2.575, 2.65], "texture": "#4"},
				"west": {"uv": [0, 0, 2.575, 2.65], "texture": "#4"},
				"up": {"uv": [0, 0, 2.575, 2.65], "texture": "#4"},
				"down": {"uv": [0, 0, 2.575, 2.65], "texture": "#4"}
			}
		},
		{
			"from": [-11.3, 26.85, 11.95],
			"to": [-11.05, 29.5, 14.525],
			"faces": {
				"north": {"uv": [0, 0, 2.575, 2.65], "texture": "#4"},
				"east": {"uv": [0, 0, 2.575, 2.65], "texture": "#4"},
				"south": {"uv": [0, 0, 2.575, 2.65], "texture": "#4"},
				"west": {"uv": [0, 0, 2.575, 2.65], "texture": "#4"},
				"up": {"uv": [0, 0, 2.575, 2.65], "texture": "#4"},
				"down": {"uv": [0, 0, 2.575, 2.65], "texture": "#4"}
			}
		},
		{
			"from": [-13.3, 27.45, 11.9],
			"to": [-10.7, 27.7, 14.5],
			"faces": {
				"north": {"uv": [0, 0, 2.6, 0.25], "texture": "#4"},
				"east": {"uv": [0, 0, 2.6, 0.25], "texture": "#4"},
				"south": {"uv": [0, 0, 2.6, 0.25], "texture": "#4"},
				"west": {"uv": [0, 0, 2.6, 0.25], "texture": "#4"},
				"up": {"uv": [0, 0, 2.6, 0.25], "texture": "#4"},
				"down": {"uv": [0, 0, 2.6, 0.25], "texture": "#4"}
			}
		},
		{
			"from": [-10.25, 26.65, 14.5],
			"to": [-7.25, 29.65, 15],
			"faces": {
				"north": {"uv": [0, 0, 0.5, 3], "texture": "#4"},
				"east": {"uv": [0, 0, 0.5, 3], "texture": "#4"},
				"south": {"uv": [0, 0, 0.5, 3], "texture": "#4"},
				"west": {"uv": [0, 0, 0.5, 3], "texture": "#4"},
				"up": {"uv": [0, 0, 0.5, 3], "texture": "#4"},
				"down": {"uv": [0, 0, 0.5, 3], "texture": "#4"}
			}
		},
		{
			"from": [-10, 26.9, 12],
			"to": [-7.5, 29.4, 14.5],
			"faces": {
				"north": {"uv": [7, 7, 9.5, 9.5], "texture": "#8"},
				"east": {"uv": [7, 7, 9.5, 9.5], "texture": "#8"},
				"south": {"uv": [7, 7, 9.5, 9.5], "texture": "#8"},
				"west": {"uv": [7, 7, 9.5, 9.5], "texture": "#8"},
				"up": {"uv": [7, 7, 9.5, 9.5], "texture": "#8"},
				"down": {"uv": [7, 7, 9.5, 9.5], "texture": "#8"}
			}
		},
		{
			"from": [-9.75, 26.85, 11.95],
			"to": [-9.5, 29.5, 14.525],
			"faces": {
				"north": {"uv": [0, 0, 2.575, 2.65], "texture": "#4"},
				"east": {"uv": [0, 0, 2.575, 2.65], "texture": "#4"},
				"south": {"uv": [0, 0, 2.575, 2.65], "texture": "#4"},
				"west": {"uv": [0, 0, 2.575, 2.65], "texture": "#4"},
				"up": {"uv": [0, 0, 2.575, 2.65], "texture": "#4"},
				"down": {"uv": [0, 0, 2.575, 2.65], "texture": "#4"}
			}
		},
		{
			"from": [-8.05, 26.85, 11.95],
			"to": [-7.8, 29.5, 14.525],
			"faces": {
				"north": {"uv": [0, 0, 2.575, 2.65], "texture": "#4"},
				"east": {"uv": [0, 0, 2.575, 2.65], "texture": "#4"},
				"south": {"uv": [0, 0, 2.575, 2.65], "texture": "#4"},
				"west": {"uv": [0, 0, 2.575, 2.65], "texture": "#4"},
				"up": {"uv": [0, 0, 2.575, 2.65], "texture": "#4"},
				"down": {"uv": [0, 0, 2.575, 2.65], "texture": "#4"}
			}
		},
		{
			"from": [-10.05, 28.55, 11.9],
			"to": [-7.45, 28.8, 14.5],
			"faces": {
				"north": {"uv": [0, 0, 2.6, 0.25], "texture": "#4"},
				"east": {"uv": [0, 0, 2.6, 0.25], "texture": "#4"},
				"south": {"uv": [0, 0, 2.6, 0.25], "texture": "#4"},
				"west": {"uv": [0, 0, 2.6, 0.25], "texture": "#4"},
				"up": {"uv": [0, 0, 2.6, 0.25], "texture": "#4"},
				"down": {"uv": [0, 0, 2.6, 0.25], "texture": "#4"}
			}
		},
		{
			"from": [-10.05, 27.45, 11.9],
			"to": [-7.45, 27.7, 14.5],
			"faces": {
				"north": {"uv": [0, 0, 2.6, 0.25], "texture": "#4"},
				"east": {"uv": [0, 0, 2.6, 0.25], "texture": "#4"},
				"south": {"uv": [0, 0, 2.6, 0.25], "texture": "#4"},
				"west": {"uv": [0, 0, 2.6, 0.25], "texture": "#4"},
				"up": {"uv": [0, 0, 2.6, 0.25], "texture": "#4"},
				"down": {"uv": [0, 0, 2.6, 0.25], "texture": "#4"}
			}
		},
		{
			"from": [-1, 9, -0.75],
			"to": [0, 11, 15],
			"faces": {
				"north": {"uv": [0.5, 1.5, 15.5, 4.5], "texture": "#1"},
				"east": {"uv": [0.5, 1.5, 15.5, 4.5], "texture": "#1"},
				"south": {"uv": [0.5, 1.5, 15.5, 4.5], "texture": "#1"},
				"west": {"uv": [0.5, 1.5, 15.5, 4.5], "texture": "#1"},
				"up": {"uv": [0.5, 1.5, 15.5, 4.5], "texture": "#1"},
				"down": {"uv": [0.5, 1.5, 15.5, 4.5], "texture": "#1"}
			}
		},
		{
			"from": [-16, 9, -1],
			"to": [0, 10, 15],
			"faces": {
				"north": {"uv": [0.5, 1.5, 15.5, 4.5], "texture": "#4"},
				"east": {"uv": [0.5, 1.5, 15.5, 4.5], "texture": "#4"},
				"south": {"uv": [0.5, 1.5, 15.5, 4.5], "texture": "#4"},
				"west": {"uv": [0.5, 1.5, 15.5, 4.5], "texture": "#4"},
				"up": {"uv": [0.5, 1.5, 15.5, 4.5], "texture": "#4"},
				"down": {"uv": [0.5, 1.5, 15.5, 4.5], "texture": "#4"}
			}
		},
		{
			"from": [-13.25, 10, 3.5],
			"to": [-2.5, 10.25, 7.75],
			"faces": {
				"north": {"uv": [0.5, 1.5, 15.5, 4.5], "texture": "#5"},
				"east": {"uv": [0.5, 1.5, 15.5, 4.5], "texture": "#5"},
				"south": {"uv": [0.5, 1.5, 15.5, 4.5], "texture": "#5"},
				"west": {"uv": [0.5, 1.5, 15.5, 4.5], "texture": "#5"},
				"up": {"uv": [0.5, 1.5, 15.5, 4.5], "texture": "#5"},
				"down": {"uv": [0.5, 1.5, 15.5, 4.5], "texture": "#5"}
			}
		},
		{
			"from": [-3.45, 10.25, 6.5],
			"to": [-2.7, 10.3, 7.25],
			"faces": {
				"north": {"uv": [0.5, 1.5, 2, 3], "texture": "#6"},
				"east": {"uv": [0.5, 1.5, 2, 3], "texture": "#6"},
				"south": {"uv": [0.5, 1.5, 2, 3], "texture": "#6"},
				"west": {"uv": [0.5, 1.5, 2, 3], "texture": "#6"},
				"up": {"uv": [0.5, 1.5, 2, 3], "texture": "#6"},
				"down": {"uv": [0.5, 1.5, 2, 3], "texture": "#6"}
			}
		},
		{
			"from": [-3.45, 10.25, 5.5],
			"to": [-2.7, 10.3, 6.25],
			"faces": {
				"north": {"uv": [0.5, 1.5, 2, 3], "texture": "#6"},
				"east": {"uv": [0.5, 1.5, 2, 3], "texture": "#6"},
				"south": {"uv": [0.5, 1.5, 2, 3], "texture": "#6"},
				"west": {"uv": [0.5, 1.5, 2, 3], "texture": "#6"},
				"up": {"uv": [0.5, 1.5, 2, 3], "texture": "#6"},
				"down": {"uv": [0.5, 1.5, 2, 3], "texture": "#6"}
			}
		},
		{
			"from": [-3.45, 10.25, 4.5],
			"to": [-2.7, 10.3, 5.25],
			"faces": {
				"north": {"uv": [0.5, 1.5, 2, 3], "texture": "#6"},
				"east": {"uv": [0.5, 1.5, 2, 3], "texture": "#6"},
				"south": {"uv": [0.5, 1.5, 2, 3], "texture": "#6"},
				"west": {"uv": [0.5, 1.5, 2, 3], "texture": "#6"},
				"up": {"uv": [0.5, 1.5, 2, 3], "texture": "#6"},
				"down": {"uv": [0.5, 1.5, 2, 3], "texture": "#6"}
			}
		},
		{
			"from": [-4.45, 10.25, 5.5],
			"to": [-3.7, 10.3, 6.25],
			"faces": {
				"north": {"uv": [0.5, 1.5, 2, 3], "texture": "#6"},
				"east": {"uv": [0.5, 1.5, 2, 3], "texture": "#6"},
				"south": {"uv": [0.5, 1.5, 2, 3], "texture": "#6"},
				"west": {"uv": [0.5, 1.5, 2, 3], "texture": "#6"},
				"up": {"uv": [0.5, 1.5, 2, 3], "texture": "#6"},
				"down": {"uv": [0.5, 1.5, 2, 3], "texture": "#6"}
			}
		},
		{
			"from": [-4.45, 10.25, 4.5],
			"to": [-3.7, 10.3, 5.25],
			"faces": {
				"north": {"uv": [0.5, 1.5, 2, 3], "texture": "#6"},
				"east": {"uv": [0.5, 1.5, 2, 3], "texture": "#6"},
				"south": {"uv": [0.5, 1.5, 2, 3], "texture": "#6"},
				"west": {"uv": [0.5, 1.5, 2, 3], "texture": "#6"},
				"up": {"uv": [0.5, 1.5, 2, 3], "texture": "#6"},
				"down": {"uv": [0.5, 1.5, 2, 3], "texture": "#6"}
			}
		},
		{
			"from": [-4.45, 10.25, 6.5],
			"to": [-3.7, 10.3, 7.25],
			"faces": {
				"north": {"uv": [0.5, 1.5, 2, 3], "texture": "#6"},
				"east": {"uv": [0.5, 1.5, 2, 3], "texture": "#6"},
				"south": {"uv": [0.5, 1.5, 2, 3], "texture": "#6"},
				"west": {"uv": [0.5, 1.5, 2, 3], "texture": "#6"},
				"up": {"uv": [0.5, 1.5, 2, 3], "texture": "#6"},
				"down": {"uv": [0.5, 1.5, 2, 3], "texture": "#6"}
			}
		},
		{
			"from": [-5.45, 10.25, 4.5],
			"to": [-4.7, 10.3, 5.25],
			"faces": {
				"north": {"uv": [0.5, 1.5, 2, 3], "texture": "#6"},
				"east": {"uv": [0.5, 1.5, 2, 3], "texture": "#6"},
				"south": {"uv": [0.5, 1.5, 2, 3], "texture": "#6"},
				"west": {"uv": [0.5, 1.5, 2, 3], "texture": "#6"},
				"up": {"uv": [0.5, 1.5, 2, 3], "texture": "#6"},
				"down": {"uv": [0.5, 1.5, 2, 3], "texture": "#6"}
			}
		},
		{
			"from": [-5.45, 10.25, 5.5],
			"to": [-4.7, 10.3, 6.25],
			"faces": {
				"north": {"uv": [0.5, 1.5, 2, 3], "texture": "#6"},
				"east": {"uv": [0.5, 1.5, 2, 3], "texture": "#6"},
				"south": {"uv": [0.5, 1.5, 2, 3], "texture": "#6"},
				"west": {"uv": [0.5, 1.5, 2, 3], "texture": "#6"},
				"up": {"uv": [0.5, 1.5, 2, 3], "texture": "#6"},
				"down": {"uv": [0.5, 1.5, 2, 3], "texture": "#6"}
			}
		},
		{
			"from": [-6.45, 10.25, 6.5],
			"to": [-5.7, 10.3, 7.25],
			"faces": {
				"north": {"uv": [0.5, 1.5, 2, 3], "texture": "#6"},
				"east": {"uv": [0.5, 1.5, 2, 3], "texture": "#6"},
				"south": {"uv": [0.5, 1.5, 2, 3], "texture": "#6"},
				"west": {"uv": [0.5, 1.5, 2, 3], "texture": "#6"},
				"up": {"uv": [0.5, 1.5, 2, 3], "texture": "#6"},
				"down": {"uv": [0.5, 1.5, 2, 3], "texture": "#6"}
			}
		},
		{
			"from": [-6.45, 10.25, 5.5],
			"to": [-5.7, 10.3, 6.25],
			"faces": {
				"north": {"uv": [0.5, 1.5, 2, 3], "texture": "#6"},
				"east": {"uv": [0.5, 1.5, 2, 3], "texture": "#6"},
				"south": {"uv": [0.5, 1.5, 2, 3], "texture": "#6"},
				"west": {"uv": [0.5, 1.5, 2, 3], "texture": "#6"},
				"up": {"uv": [0.5, 1.5, 2, 3], "texture": "#6"},
				"down": {"uv": [0.5, 1.5, 2, 3], "texture": "#6"}
			}
		},
		{
			"from": [-6.45, 10.25, 4.5],
			"to": [-5.7, 10.3, 5.25],
			"faces": {
				"north": {"uv": [0.5, 1.5, 2, 3], "texture": "#6"},
				"east": {"uv": [0.5, 1.5, 2, 3], "texture": "#6"},
				"south": {"uv": [0.5, 1.5, 2, 3], "texture": "#6"},
				"west": {"uv": [0.5, 1.5, 2, 3], "texture": "#6"},
				"up": {"uv": [0.5, 1.5, 2, 3], "texture": "#6"},
				"down": {"uv": [0.5, 1.5, 2, 3], "texture": "#6"}
			}
		},
		{
			"from": [-5.45, 10.25, 6.5],
			"to": [-4.7, 10.3, 7.25],
			"faces": {
				"north": {"uv": [0.5, 1.5, 2, 3], "texture": "#6"},
				"east": {"uv": [0.5, 1.5, 2, 3], "texture": "#6"},
				"south": {"uv": [0.5, 1.5, 2, 3], "texture": "#6"},
				"west": {"uv": [0.5, 1.5, 2, 3], "texture": "#6"},
				"up": {"uv": [0.5, 1.5, 2, 3], "texture": "#6"},
				"down": {"uv": [0.5, 1.5, 2, 3], "texture": "#6"}
			}
		},
		{
			"from": [-7.45, 10.25, 4.5],
			"to": [-6.7, 10.3, 5.25],
			"faces": {
				"north": {"uv": [0.5, 1.5, 2, 3], "texture": "#6"},
				"east": {"uv": [0.5, 1.5, 2, 3], "texture": "#6"},
				"south": {"uv": [0.5, 1.5, 2, 3], "texture": "#6"},
				"west": {"uv": [0.5, 1.5, 2, 3], "texture": "#6"},
				"up": {"uv": [0.5, 1.5, 2, 3], "texture": "#6"},
				"down": {"uv": [0.5, 1.5, 2, 3], "texture": "#6"}
			}
		},
		{
			"from": [-8.7, 10.25, 3.75],
			"to": [-5.2, 10.3, 4.25],
			"faces": {
				"north": {"uv": [0.5, 1.5, 2, 3], "texture": "#6"},
				"east": {"uv": [0.5, 1.5, 2, 3], "texture": "#6"},
				"south": {"uv": [0.5, 1.5, 2, 3], "texture": "#6"},
				"west": {"uv": [0.5, 1.5, 2, 3], "texture": "#6"},
				"up": {"uv": [0.5, 1.5, 2, 3], "texture": "#6"},
				"down": {"uv": [0.5, 1.5, 2, 3], "texture": "#6"}
			}
		},
		{
			"from": [-7.45, 10.25, 5.5],
			"to": [-6.7, 10.3, 6.25],
			"faces": {
				"north": {"uv": [0.5, 1.5, 2, 3], "texture": "#6"},
				"east": {"uv": [0.5, 1.5, 2, 3], "texture": "#6"},
				"south": {"uv": [0.5, 1.5, 2, 3], "texture": "#6"},
				"west": {"uv": [0.5, 1.5, 2, 3], "texture": "#6"},
				"up": {"uv": [0.5, 1.5, 2, 3], "texture": "#6"},
				"down": {"uv": [0.5, 1.5, 2, 3], "texture": "#6"}
			}
		},
		{
			"from": [-8.45, 10.25, 6.5],
			"to": [-7.7, 10.3, 7.25],
			"faces": {
				"north": {"uv": [0.5, 1.5, 2, 3], "texture": "#6"},
				"east": {"uv": [0.5, 1.5, 2, 3], "texture": "#6"},
				"south": {"uv": [0.5, 1.5, 2, 3], "texture": "#6"},
				"west": {"uv": [0.5, 1.5, 2, 3], "texture": "#6"},
				"up": {"uv": [0.5, 1.5, 2, 3], "texture": "#6"},
				"down": {"uv": [0.5, 1.5, 2, 3], "texture": "#6"}
			}
		},
		{
			"from": [-8.45, 10.25, 5.5],
			"to": [-7.7, 10.3, 6.25],
			"faces": {
				"north": {"uv": [0.5, 1.5, 2, 3], "texture": "#6"},
				"east": {"uv": [0.5, 1.5, 2, 3], "texture": "#6"},
				"south": {"uv": [0.5, 1.5, 2, 3], "texture": "#6"},
				"west": {"uv": [0.5, 1.5, 2, 3], "texture": "#6"},
				"up": {"uv": [0.5, 1.5, 2, 3], "texture": "#6"},
				"down": {"uv": [0.5, 1.5, 2, 3], "texture": "#6"}
			}
		},
		{
			"from": [-8.45, 10.25, 4.5],
			"to": [-7.7, 10.3, 5.25],
			"faces": {
				"north": {"uv": [0.5, 1.5, 2, 3], "texture": "#6"},
				"east": {"uv": [0.5, 1.5, 2, 3], "texture": "#6"},
				"south": {"uv": [0.5, 1.5, 2, 3], "texture": "#6"},
				"west": {"uv": [0.5, 1.5, 2, 3], "texture": "#6"},
				"up": {"uv": [0.5, 1.5, 2, 3], "texture": "#6"},
				"down": {"uv": [0.5, 1.5, 2, 3], "texture": "#6"}
			}
		},
		{
			"from": [-7.45, 10.25, 6.5],
			"to": [-6.7, 10.3, 7.25],
			"faces": {
				"north": {"uv": [0.5, 1.5, 2, 3], "texture": "#6"},
				"east": {"uv": [0.5, 1.5, 2, 3], "texture": "#6"},
				"south": {"uv": [0.5, 1.5, 2, 3], "texture": "#6"},
				"west": {"uv": [0.5, 1.5, 2, 3], "texture": "#6"},
				"up": {"uv": [0.5, 1.5, 2, 3], "texture": "#6"},
				"down": {"uv": [0.5, 1.5, 2, 3], "texture": "#6"}
			}
		},
		{
			"from": [-9.45, 10.25, 4.5],
			"to": [-8.7, 10.3, 5.25],
			"faces": {
				"north": {"uv": [0.5, 1.5, 2, 3], "texture": "#6"},
				"east": {"uv": [0.5, 1.5, 2, 3], "texture": "#6"},
				"south": {"uv": [0.5, 1.5, 2, 3], "texture": "#6"},
				"west": {"uv": [0.5, 1.5, 2, 3], "texture": "#6"},
				"up": {"uv": [0.5, 1.5, 2, 3], "texture": "#6"},
				"down": {"uv": [0.5, 1.5, 2, 3], "texture": "#6"}
			}
		},
		{
			"from": [-9.45, 10.25, 5.5],
			"to": [-8.7, 10.3, 6.25],
			"faces": {
				"north": {"uv": [0.5, 1.5, 2, 3], "texture": "#6"},
				"east": {"uv": [0.5, 1.5, 2, 3], "texture": "#6"},
				"south": {"uv": [0.5, 1.5, 2, 3], "texture": "#6"},
				"west": {"uv": [0.5, 1.5, 2, 3], "texture": "#6"},
				"up": {"uv": [0.5, 1.5, 2, 3], "texture": "#6"},
				"down": {"uv": [0.5, 1.5, 2, 3], "texture": "#6"}
			}
		},
		{
			"from": [-10.45, 10.25, 6.5],
			"to": [-9.7, 10.3, 7.25],
			"faces": {
				"north": {"uv": [0.5, 1.5, 2, 3], "texture": "#6"},
				"east": {"uv": [0.5, 1.5, 2, 3], "texture": "#6"},
				"south": {"uv": [0.5, 1.5, 2, 3], "texture": "#6"},
				"west": {"uv": [0.5, 1.5, 2, 3], "texture": "#6"},
				"up": {"uv": [0.5, 1.5, 2, 3], "texture": "#6"},
				"down": {"uv": [0.5, 1.5, 2, 3], "texture": "#6"}
			}
		},
		{
			"from": [-10.45, 10.25, 5.5],
			"to": [-9.7, 10.3, 6.25],
			"faces": {
				"north": {"uv": [0.5, 1.5, 2, 3], "texture": "#6"},
				"east": {"uv": [0.5, 1.5, 2, 3], "texture": "#6"},
				"south": {"uv": [0.5, 1.5, 2, 3], "texture": "#6"},
				"west": {"uv": [0.5, 1.5, 2, 3], "texture": "#6"},
				"up": {"uv": [0.5, 1.5, 2, 3], "texture": "#6"},
				"down": {"uv": [0.5, 1.5, 2, 3], "texture": "#6"}
			}
		},
		{
			"from": [-10.45, 10.25, 4.5],
			"to": [-9.7, 10.3, 5.25],
			"faces": {
				"north": {"uv": [0.5, 1.5, 2, 3], "texture": "#6"},
				"east": {"uv": [0.5, 1.5, 2, 3], "texture": "#6"},
				"south": {"uv": [0.5, 1.5, 2, 3], "texture": "#6"},
				"west": {"uv": [0.5, 1.5, 2, 3], "texture": "#6"},
				"up": {"uv": [0.5, 1.5, 2, 3], "texture": "#6"},
				"down": {"uv": [0.5, 1.5, 2, 3], "texture": "#6"}
			}
		},
		{
			"from": [-9.45, 10.25, 6.5],
			"to": [-8.7, 10.3, 7.25],
			"faces": {
				"north": {"uv": [0.5, 1.5, 2, 3], "texture": "#6"},
				"east": {"uv": [0.5, 1.5, 2, 3], "texture": "#6"},
				"south": {"uv": [0.5, 1.5, 2, 3], "texture": "#6"},
				"west": {"uv": [0.5, 1.5, 2, 3], "texture": "#6"},
				"up": {"uv": [0.5, 1.5, 2, 3], "texture": "#6"},
				"down": {"uv": [0.5, 1.5, 2, 3], "texture": "#6"}
			}
		},
		{
			"from": [-11.45, 10.25, 4.5],
			"to": [-10.7, 10.3, 5.25],
			"faces": {
				"north": {"uv": [0.5, 1.5, 2, 3], "texture": "#6"},
				"east": {"uv": [0.5, 1.5, 2, 3], "texture": "#6"},
				"south": {"uv": [0.5, 1.5, 2, 3], "texture": "#6"},
				"west": {"uv": [0.5, 1.5, 2, 3], "texture": "#6"},
				"up": {"uv": [0.5, 1.5, 2, 3], "texture": "#6"},
				"down": {"uv": [0.5, 1.5, 2, 3], "texture": "#6"}
			}
		},
		{
			"from": [-11.45, 10.25, 5.5],
			"to": [-10.7, 10.3, 6.25],
			"faces": {
				"north": {"uv": [0.5, 1.5, 2, 3], "texture": "#6"},
				"east": {"uv": [0.5, 1.5, 2, 3], "texture": "#6"},
				"south": {"uv": [0.5, 1.5, 2, 3], "texture": "#6"},
				"west": {"uv": [0.5, 1.5, 2, 3], "texture": "#6"},
				"up": {"uv": [0.5, 1.5, 2, 3], "texture": "#6"},
				"down": {"uv": [0.5, 1.5, 2, 3], "texture": "#6"}
			}
		},
		{
			"from": [-12.45, 10.25, 6.5],
			"to": [-11.7, 10.3, 7.25],
			"faces": {
				"north": {"uv": [0.5, 1.5, 2, 3], "texture": "#6"},
				"east": {"uv": [0.5, 1.5, 2, 3], "texture": "#6"},
				"south": {"uv": [0.5, 1.5, 2, 3], "texture": "#6"},
				"west": {"uv": [0.5, 1.5, 2, 3], "texture": "#6"},
				"up": {"uv": [0.5, 1.5, 2, 3], "texture": "#6"},
				"down": {"uv": [0.5, 1.5, 2, 3], "texture": "#6"}
			}
		},
		{
			"from": [-12.45, 10.25, 5.5],
			"to": [-11.7, 10.3, 6.25],
			"faces": {
				"north": {"uv": [0.5, 1.5, 2, 3], "texture": "#6"},
				"east": {"uv": [0.5, 1.5, 2, 3], "texture": "#6"},
				"south": {"uv": [0.5, 1.5, 2, 3], "texture": "#6"},
				"west": {"uv": [0.5, 1.5, 2, 3], "texture": "#6"},
				"up": {"uv": [0.5, 1.5, 2, 3], "texture": "#6"},
				"down": {"uv": [0.5, 1.5, 2, 3], "texture": "#6"}
			}
		},
		{
			"from": [-12.45, 10.25, 4.5],
			"to": [-11.7, 10.3, 5.25],
			"faces": {
				"north": {"uv": [0.5, 1.5, 2, 3], "texture": "#6"},
				"east": {"uv": [0.5, 1.5, 2, 3], "texture": "#6"},
				"south": {"uv": [0.5, 1.5, 2, 3], "texture": "#6"},
				"west": {"uv": [0.5, 1.5, 2, 3], "texture": "#6"},
				"up": {"uv": [0.5, 1.5, 2, 3], "texture": "#6"},
				"down": {"uv": [0.5, 1.5, 2, 3], "texture": "#6"}
			}
		},
		{
			"from": [-11.45, 10.25, 6.5],
			"to": [-10.7, 10.3, 7.25],
			"faces": {
				"north": {"uv": [0.5, 1.5, 2, 3], "texture": "#6"},
				"east": {"uv": [0.5, 1.5, 2, 3], "texture": "#6"},
				"south": {"uv": [0.5, 1.5, 2, 3], "texture": "#6"},
				"west": {"uv": [0.5, 1.5, 2, 3], "texture": "#6"},
				"up": {"uv": [0.5, 1.5, 2, 3], "texture": "#6"},
				"down": {"uv": [0.5, 1.5, 2, 3], "texture": "#6"}
			}
		},
		{
			"from": [-1, 9.85, -2],
			"to": [16, 11.4, -0.7],
			"faces": {
				"north": {"uv": [0.5, 1.5, 15.5, 4.5], "texture": "#1"},
				"east": {"uv": [0.5, 1.5, 15.5, 4.5], "texture": "#1"},
				"south": {"uv": [0.5, 1.5, 15.5, 4.5], "texture": "#1"},
				"west": {"uv": [0.5, 1.5, 15.5, 4.5], "texture": "#1"},
				"up": {"uv": [0.5, 1.5, 15.5, 4.5], "texture": "#1"},
				"down": {"uv": [0.5, 1.5, 15.5, 4.5], "texture": "#1"}
			}
		},
		{
			"from": [3.25, 4.85, -1.3],
			"to": [12, 6.4, -0.7],
			"faces": {
				"north": {"uv": [0.5, 1.5, 15.5, 4.5], "texture": "#1"},
				"east": {"uv": [0.5, 1.5, 15.5, 4.5], "texture": "#1"},
				"south": {"uv": [0.5, 1.5, 15.5, 4.5], "texture": "#1"},
				"west": {"uv": [0.5, 1.5, 15.5, 4.5], "texture": "#1"},
				"up": {"uv": [0.5, 1.5, 15.5, 4.5], "texture": "#1"},
				"down": {"uv": [0.5, 1.5, 15.5, 4.5], "texture": "#1"}
			}
		},
		{
			"from": [8.25, 5.35, -1.4],
			"to": [11, 6, -1.3],
			"faces": {
				"north": {"uv": [2, 5, 5, 6], "texture": "#7"},
				"east": {"uv": [0.5, 1.5, 15.5, 4.5], "texture": "#7"},
				"south": {"uv": [0.5, 1.5, 15.5, 4.5], "texture": "#7"},
				"west": {"uv": [0.5, 1.5, 15.5, 4.5], "texture": "#7"},
				"up": {"uv": [0.5, 1.5, 15.5, 4.5], "texture": "#7"},
				"down": {"uv": [0.5, 1.5, 15.5, 4.5], "texture": "#7"}
			}
		},
		{
			"from": [4.25, 5.35, -1.4],
			"to": [7, 6, -1.3],
			"faces": {
				"north": {"uv": [6.5, 7.5, 9.5, 8.5], "texture": "#8"},
				"east": {"uv": [6.5, 7.5, 9.5, 8.5], "texture": "#8"},
				"south": {"uv": [6.5, 7.5, 9.5, 8.5], "texture": "#8"},
				"west": {"uv": [6.5, 7.5, 9.5, 8.5], "texture": "#8"},
				"up": {"uv": [6.5, 7.5, 9.5, 8.5], "texture": "#8"},
				"down": {"uv": [6.5, 7.5, 9.5, 8.5], "texture": "#8"}
			}
		},
		{
			"from": [16, 10.25, -2],
			"to": [32, 11.5, -1],
			"faces": {
				"north": {"uv": [0.5, 1.5, 15.5, 4.5], "texture": "#1"},
				"east": {"uv": [0.5, 1.5, 15.5, 4.5], "texture": "#1"},
				"south": {"uv": [0.5, 1.5, 15.5, 4.5], "texture": "#1"},
				"west": {"uv": [0.5, 1.5, 15.5, 4.5], "texture": "#1"},
				"up": {"uv": [0.5, 1.5, 15.5, 4.5], "texture": "#1"},
				"down": {"uv": [0.5, 1.5, 15.5, 4.5], "texture": "#1"}
			}
		},
		{
			"from": [16, 10.25, 31],
			"to": [32, 11.5, 32],
			"faces": {
				"north": {"uv": [0.5, 1.5, 15.5, 4.5], "texture": "#1"},
				"east": {"uv": [0.5, 1.5, 15.5, 4.5], "texture": "#1"},
				"south": {"uv": [0.5, 1.5, 15.5, 4.5], "texture": "#1"},
				"west": {"uv": [0.5, 1.5, 15.5, 4.5], "texture": "#1"},
				"up": {"uv": [0.5, 1.5, 15.5, 4.5], "texture": "#1"},
				"down": {"uv": [0.5, 1.5, 15.5, 4.5], "texture": "#1"}
			}
		},
		{
			"from": [31, 10.25, 15],
			"to": [32, 11.5, 31],
			"faces": {
				"north": {"uv": [0.5, 1.5, 15.5, 4.5], "texture": "#1"},
				"east": {"uv": [0.5, 1.5, 15.5, 4.5], "texture": "#1"},
				"south": {"uv": [0.5, 1.5, 15.5, 4.5], "texture": "#1"},
				"west": {"uv": [0.5, 1.5, 15.5, 4.5], "texture": "#1"},
				"up": {"uv": [0.5, 1.5, 15.5, 4.5], "texture": "#1"},
				"down": {"uv": [0.5, 1.5, 15.5, 4.5], "texture": "#1"}
			}
		},
		{
			"from": [31, 10.25, -1],
			"to": [32, 11.5, 15],
			"faces": {
				"north": {"uv": [0.5, 1.5, 15.5, 4.5], "texture": "#1"},
				"east": {"uv": [0.5, 1.5, 15.5, 4.5], "texture": "#1"},
				"south": {"uv": [0.5, 1.5, 15.5, 4.5], "texture": "#1"},
				"west": {"uv": [0.5, 1.5, 15.5, 4.5], "texture": "#1"},
				"up": {"uv": [0.5, 1.5, 15.5, 4.5], "texture": "#1"},
				"down": {"uv": [0.5, 1.5, 15.5, 4.5], "texture": "#1"}
			}
		},
		{
			"from": [0, 10.25, 31],
			"to": [16, 11.5, 32],
			"faces": {
				"north": {"uv": [0.5, 1.5, 15.5, 4.5], "texture": "#1"},
				"east": {"uv": [0.5, 1.5, 15.5, 4.5], "texture": "#1"},
				"south": {"uv": [0.5, 1.5, 15.5, 4.5], "texture": "#1"},
				"west": {"uv": [0.5, 1.5, 15.5, 4.5], "texture": "#1"},
				"up": {"uv": [0.5, 1.5, 15.5, 4.5], "texture": "#1"},
				"down": {"uv": [0.5, 1.5, 15.5, 4.5], "texture": "#1"}
			}
		},
		{
			"from": [-3.75, 12.75, 19],
			"to": [0.25, 20.75, 27],
			"faces": {
				"north": {"uv": [2, 2, 10, 10], "texture": "#3"},
				"east": {"uv": [2, 2, 10, 10], "texture": "#3"},
				"south": {"uv": [2, 2, 10, 10], "texture": "#3"},
				"west": {"uv": [2, 2, 10, 10], "texture": "#3"},
				"up": {"uv": [2, 2, 10, 10], "texture": "#3"},
				"down": {"uv": [2, 2, 10, 10], "texture": "#3"}
			}
		},
		{
			"from": [-3.75, 11.75, 27],
			"to": [0.75, 21.75, 28],
			"faces": {
				"north": {"uv": [0.5, 1.5, 15.5, 4.5], "texture": "#1"},
				"east": {"uv": [0.5, 1.5, 15.5, 4.5], "texture": "#1"},
				"south": {"uv": [0.5, 1.5, 15.5, 4.5], "texture": "#1"},
				"west": {"uv": [0.5, 1.5, 15.5, 4.5], "texture": "#1"},
				"up": {"uv": [0.5, 1.5, 15.5, 4.5], "texture": "#1"},
				"down": {"uv": [0.5, 1.5, 15.5, 4.5], "texture": "#1"}
			}
		},
		{
			"from": [-3.75, 11.75, 18],
			"to": [0.75, 21.75, 19],
			"faces": {
				"north": {"uv": [0.5, 1.5, 15.5, 4.5], "texture": "#1"},
				"east": {"uv": [0.5, 1.5, 15.5, 4.5], "texture": "#1"},
				"south": {"uv": [0.5, 1.5, 15.5, 4.5], "texture": "#1"},
				"west": {"uv": [0.5, 1.5, 15.5, 4.5], "texture": "#1"},
				"up": {"uv": [0.5, 1.5, 15.5, 4.5], "texture": "#1"},
				"down": {"uv": [0.5, 1.5, 15.5, 4.5], "texture": "#1"}
			}
		},
		{
			"from": [-13.75, 11.75, 14.5],
			"to": [-2.25, 23.25, 15.25],
			"faces": {
				"north": {"uv": [0, 0, 15.5, 16], "texture": "#5"},
				"east": {"uv": [0, 0, 15.5, 16], "texture": "#5"},
				"south": {"uv": [0, 0, 15.5, 16], "texture": "#5"},
				"west": {"uv": [0, 0, 15.5, 16], "texture": "#5"},
				"up": {"uv": [0, 0, 15.5, 16], "texture": "#5"},
				"down": {"uv": [0, 0, 15.5, 16], "texture": "#5"}
			}
		},
		{
			"from": [-13.25, 12.25, 14.45],
			"to": [-2.75, 22.75, 14.5],
			"faces": {
				"north": {"uv": [0, 0, 8, 4], "texture": "#6"},
				"east": {"uv": [0, 0, 15.5, 16], "texture": "#6"},
				"south": {"uv": [0, 0, 15.5, 16], "texture": "#6"},
				"west": {"uv": [0, 0, 15.5, 16], "texture": "#6"},
				"up": {"uv": [0, 0, 15.5, 16], "texture": "#6"},
				"down": {"uv": [0, 0, 15.5, 16], "texture": "#6"}
			}
		},
		{
			"from": [-3.75, 20.75, 19],
			"to": [0.75, 21.75, 27],
			"faces": {
				"north": {"uv": [0.5, 1.5, 15.5, 4.5], "texture": "#1"},
				"east": {"uv": [0.5, 1.5, 15.5, 4.5], "texture": "#1"},
				"south": {"uv": [0.5, 1.5, 15.5, 4.5], "texture": "#1"},
				"west": {"uv": [0.5, 1.5, 15.5, 4.5], "texture": "#1"},
				"up": {"uv": [0.5, 1.5, 15.5, 4.5], "texture": "#1"},
				"down": {"uv": [0.5, 1.5, 15.5, 4.5], "texture": "#1"}
			}
		},
		{
			"from": [-3.75, 11.75, 19],
			"to": [0.75, 12.75, 27],
			"faces": {
				"north": {"uv": [0.5, 1.5, 15.5, 4.5], "texture": "#1"},
				"east": {"uv": [0.5, 1.5, 15.5, 4.5], "texture": "#1"},
				"south": {"uv": [0.5, 1.5, 15.5, 4.5], "texture": "#1"},
				"west": {"uv": [0.5, 1.5, 15.5, 4.5], "texture": "#1"},
				"up": {"uv": [0.5, 1.5, 15.5, 4.5], "texture": "#1"},
				"down": {"uv": [0.5, 1.5, 15.5, 4.5], "texture": "#1"}
			}
		},
		{
			"from": [6.25, 10.6, 15.5],
			"to": [7.75, 10.85, 30.5],
			"faces": {
				"north": {"uv": [0, 0, 1.5, 15], "texture": "#2"},
				"east": {"uv": [0, 0, 1.5, 15], "texture": "#2"},
				"south": {"uv": [0, 0, 1.5, 15], "texture": "#2"},
				"west": {"uv": [0, 0, 1.5, 15], "texture": "#2"},
				"up": {"uv": [0, 0, 1.5, 15], "texture": "#2"},
				"down": {"uv": [0, 0, 1.5, 15], "texture": "#2"}
			}
		},
		{
			"from": [4.25, 10.6, 15.5],
			"to": [5.75, 10.85, 30.5],
			"faces": {
				"north": {"uv": [0, 0, 1.5, 15], "texture": "#2"},
				"east": {"uv": [0, 0, 1.5, 15], "texture": "#2"},
				"south": {"uv": [0, 0, 1.5, 15], "texture": "#2"},
				"west": {"uv": [0, 0, 1.5, 15], "texture": "#2"},
				"up": {"uv": [0, 0, 1.5, 15], "texture": "#2"},
				"down": {"uv": [0, 0, 1.5, 15], "texture": "#2"}
			}
		},
		{
			"from": [0.25, 10.6, 15.5],
			"to": [1.75, 10.85, 30.5],
			"faces": {
				"north": {"uv": [0, 0, 1.5, 15], "texture": "#2"},
				"east": {"uv": [0, 0, 1.5, 15], "texture": "#2"},
				"south": {"uv": [0, 0, 1.5, 15], "texture": "#2"},
				"west": {"uv": [0, 0, 1.5, 15], "texture": "#2"},
				"up": {"uv": [0, 0, 1.5, 15], "texture": "#2"},
				"down": {"uv": [0, 0, 1.5, 15], "texture": "#2"}
			}
		},
		{
			"from": [2.25, 10.6, 15.5],
			"to": [3.75, 10.85, 30.5],
			"faces": {
				"north": {"uv": [0, 0, 1.5, 15], "texture": "#2"},
				"east": {"uv": [0, 0, 1.5, 15], "texture": "#2"},
				"south": {"uv": [0, 0, 1.5, 15], "texture": "#2"},
				"west": {"uv": [0, 0, 1.5, 15], "texture": "#2"},
				"up": {"uv": [0, 0, 1.5, 15], "texture": "#2"},
				"down": {"uv": [0, 0, 1.5, 15], "texture": "#2"}
			}
		},
		{
			"from": [8.25, 10.6, 15.5],
			"to": [9.75, 10.85, 30.5],
			"faces": {
				"north": {"uv": [0, 0, 1.5, 15], "texture": "#2"},
				"east": {"uv": [0, 0, 1.5, 15], "texture": "#2"},
				"south": {"uv": [0, 0, 1.5, 15], "texture": "#2"},
				"west": {"uv": [0, 0, 1.5, 15], "texture": "#2"},
				"up": {"uv": [0, 0, 1.5, 15], "texture": "#2"},
				"down": {"uv": [0, 0, 1.5, 15], "texture": "#2"}
			}
		},
		{
			"from": [10.25, 10.6, 15.5],
			"to": [11.75, 10.85, 30.5],
			"faces": {
				"north": {"uv": [0, 0, 1.5, 15], "texture": "#2"},
				"east": {"uv": [0, 0, 1.5, 15], "texture": "#2"},
				"south": {"uv": [0, 0, 1.5, 15], "texture": "#2"},
				"west": {"uv": [0, 0, 1.5, 15], "texture": "#2"},
				"up": {"uv": [0, 0, 1.5, 15], "texture": "#2"},
				"down": {"uv": [0, 0, 1.5, 15], "texture": "#2"}
			}
		},
		{
			"from": [16.25, 10.5, 29],
			"to": [30.5, 10.75, 30.5],
			"faces": {
				"north": {"uv": [0, 0, 14.25, 1.5], "texture": "#2"},
				"east": {"uv": [0, 0, 14.25, 1.5], "texture": "#2"},
				"south": {"uv": [0, 0, 14.25, 1.5], "texture": "#2"},
				"west": {"uv": [0, 0, 14.25, 1.5], "texture": "#2"},
				"up": {"uv": [0, 0, 14.25, 1.5], "texture": "#2"},
				"down": {"uv": [0, 0, 14.25, 1.5], "texture": "#2"}
			}
		},
		{
			"from": [16.25, 10.5, 27],
			"to": [30.5, 10.75, 28.5],
			"faces": {
				"north": {"uv": [0, 0, 14.25, 1.5], "texture": "#2"},
				"east": {"uv": [0, 0, 14.25, 1.5], "texture": "#2"},
				"south": {"uv": [0, 0, 14.25, 1.5], "texture": "#2"},
				"west": {"uv": [0, 0, 14.25, 1.5], "texture": "#2"},
				"up": {"uv": [0, 0, 14.25, 1.5], "texture": "#2"},
				"down": {"uv": [0, 0, 14.25, 1.5], "texture": "#2"}
			}
		},
		{
			"from": [16.25, 10.5, 25],
			"to": [30.5, 10.75, 26.5],
			"faces": {
				"north": {"uv": [0, 0, 14.25, 1.5], "texture": "#2"},
				"east": {"uv": [0, 0, 14.25, 1.5], "texture": "#2"},
				"south": {"uv": [0, 0, 14.25, 1.5], "texture": "#2"},
				"west": {"uv": [0, 0, 14.25, 1.5], "texture": "#2"},
				"up": {"uv": [0, 0, 14.25, 1.5], "texture": "#2"},
				"down": {"uv": [0, 0, 14.25, 1.5], "texture": "#2"}
			}
		},
		{
			"from": [16.25, 10.5, 23],
			"to": [30.5, 10.75, 24.5],
			"faces": {
				"north": {"uv": [0, 0, 14.25, 1.5], "texture": "#2"},
				"east": {"uv": [0, 0, 14.25, 1.5], "texture": "#2"},
				"south": {"uv": [0, 0, 14.25, 1.5], "texture": "#2"},
				"west": {"uv": [0, 0, 14.25, 1.5], "texture": "#2"},
				"up": {"uv": [0, 0, 14.25, 1.5], "texture": "#2"},
				"down": {"uv": [0, 0, 14.25, 1.5], "texture": "#2"}
			}
		},
		{
			"from": [16.25, 10.5, 21],
			"to": [30.5, 10.75, 22.5],
			"faces": {
				"north": {"uv": [0, 0, 14.25, 1.5], "texture": "#2"},
				"east": {"uv": [0, 0, 14.25, 1.5], "texture": "#2"},
				"south": {"uv": [0, 0, 14.25, 1.5], "texture": "#2"},
				"west": {"uv": [0, 0, 14.25, 1.5], "texture": "#2"},
				"up": {"uv": [0, 0, 14.25, 1.5], "texture": "#2"},
				"down": {"uv": [0, 0, 14.25, 1.5], "texture": "#2"}
			}
		},
		{
			"from": [16.25, 10.5, 19],
			"to": [30.5, 10.75, 20.5],
			"faces": {
				"north": {"uv": [0, 0, 14.25, 1.5], "texture": "#2"},
				"east": {"uv": [0, 0, 14.25, 1.5], "texture": "#2"},
				"south": {"uv": [0, 0, 14.25, 1.5], "texture": "#2"},
				"west": {"uv": [0, 0, 14.25, 1.5], "texture": "#2"},
				"up": {"uv": [0, 0, 14.25, 1.5], "texture": "#2"},
				"down": {"uv": [0, 0, 14.25, 1.5], "texture": "#2"}
			}
		},
		{
			"from": [16.25, 10.5, 17],
			"to": [30.5, 10.75, 18.5],
			"faces": {
				"north": {"uv": [0, 0, 14.25, 1.5], "texture": "#2"},
				"east": {"uv": [0, 0, 14.25, 1.5], "texture": "#2"},
				"south": {"uv": [0, 0, 14.25, 1.5], "texture": "#2"},
				"west": {"uv": [0, 0, 14.25, 1.5], "texture": "#2"},
				"up": {"uv": [0, 0, 14.25, 1.5], "texture": "#2"},
				"down": {"uv": [0, 0, 14.25, 1.5], "texture": "#2"}
			}
		},
		{
			"from": [16.25, 10.5, 15],
			"to": [30.5, 10.75, 16.5],
			"faces": {
				"north": {"uv": [0, 0, 14.25, 1.5], "texture": "#2"},
				"east": {"uv": [0, 0, 14.25, 1.5], "texture": "#2"},
				"south": {"uv": [0, 0, 14.25, 1.5], "texture": "#2"},
				"west": {"uv": [0, 0, 14.25, 1.5], "texture": "#2"},
				"up": {"uv": [0, 0, 14.25, 1.5], "texture": "#2"},
				"down": {"uv": [0, 0, 14.25, 1.5], "texture": "#2"}
			}
		},
		{
			"from": [12.25, 10.6, 15.5],
			"to": [13.75, 10.85, 30.5],
			"faces": {
				"north": {"uv": [0, 0, 1.5, 15], "texture": "#2"},
				"east": {"uv": [0, 0, 1.5, 15], "texture": "#2"},
				"south": {"uv": [0, 0, 1.5, 15], "texture": "#2"},
				"west": {"uv": [0, 0, 1.5, 15], "texture": "#2"},
				"up": {"uv": [0, 0, 1.5, 15], "texture": "#2"},
				"down": {"uv": [0, 0, 1.5, 15], "texture": "#2"}
			}
		},
		{
			"from": [14.25, 10.6, 15.5],
			"to": [15.75, 10.85, 30.5],
			"faces": {
				"north": {"uv": [0, 0, 1.5, 15], "texture": "#2"},
				"east": {"uv": [0, 0, 1.5, 15], "texture": "#2"},
				"south": {"uv": [0, 0, 1.5, 15], "texture": "#2"},
				"west": {"uv": [0, 0, 1.5, 15], "texture": "#2"},
				"up": {"uv": [0, 0, 1.5, 15], "texture": "#2"},
				"down": {"uv": [0, 0, 1.5, 15], "texture": "#2"}
			}
		},
		{
			"from": [29.25, 10.25, -0.5],
			"to": [30.75, 10.5, 13.75],
			"faces": {
				"north": {"uv": [0, 0, 1.5, 14.25], "texture": "#2"},
				"east": {"uv": [0, 0, 1.5, 14.25], "texture": "#2"},
				"south": {"uv": [0, 0, 1.5, 14.25], "texture": "#2"},
				"west": {"uv": [0, 0, 1.5, 14.25], "texture": "#2"},
				"up": {"uv": [0, 0, 1.5, 14.25], "texture": "#2"},
				"down": {"uv": [0, 0, 1.5, 14.25], "texture": "#2"}
			}
		},
		{
			"from": [27.25, 10.25, -0.5],
			"to": [28.75, 10.5, 13.75],
			"faces": {
				"north": {"uv": [0, 0, 1.5, 14.25], "texture": "#2"},
				"east": {"uv": [0, 0, 1.5, 14.25], "texture": "#2"},
				"south": {"uv": [0, 0, 1.5, 14.25], "texture": "#2"},
				"west": {"uv": [0, 0, 1.5, 14.25], "texture": "#2"},
				"up": {"uv": [0, 0, 1.5, 14.25], "texture": "#2"},
				"down": {"uv": [0, 0, 1.5, 14.25], "texture": "#2"}
			}
		},
		{
			"from": [25.25, 10.25, -0.5],
			"to": [26.75, 10.5, 13.75],
			"faces": {
				"north": {"uv": [0, 0, 1.5, 14.25], "texture": "#2"},
				"east": {"uv": [0, 0, 1.5, 14.25], "texture": "#2"},
				"south": {"uv": [0, 0, 1.5, 14.25], "texture": "#2"},
				"west": {"uv": [0, 0, 1.5, 14.25], "texture": "#2"},
				"up": {"uv": [0, 0, 1.5, 14.25], "texture": "#2"},
				"down": {"uv": [0, 0, 1.5, 14.25], "texture": "#2"}
			}
		},
		{
			"from": [23.25, 10.25, -0.5],
			"to": [24.75, 10.5, 13.75],
			"faces": {
				"north": {"uv": [0, 0, 1.5, 14.25], "texture": "#2"},
				"east": {"uv": [0, 0, 1.5, 14.25], "texture": "#2"},
				"south": {"uv": [0, 0, 1.5, 14.25], "texture": "#2"},
				"west": {"uv": [0, 0, 1.5, 14.25], "texture": "#2"},
				"up": {"uv": [0, 0, 1.5, 14.25], "texture": "#2"},
				"down": {"uv": [0, 0, 1.5, 14.25], "texture": "#2"}
			}
		},
		{
			"from": [21.25, 10.25, -0.5],
			"to": [22.75, 10.5, 13.75],
			"faces": {
				"north": {"uv": [0, 0, 1.5, 14.25], "texture": "#2"},
				"east": {"uv": [0, 0, 1.5, 14.25], "texture": "#2"},
				"south": {"uv": [0, 0, 1.5, 14.25], "texture": "#2"},
				"west": {"uv": [0, 0, 1.5, 14.25], "texture": "#2"},
				"up": {"uv": [0, 0, 1.5, 14.25], "texture": "#2"},
				"down": {"uv": [0, 0, 1.5, 14.25], "texture": "#2"}
			}
		},
		{
			"from": [19.25, 10.25, -0.5],
			"to": [20.75, 10.5, 13.75],
			"faces": {
				"north": {"uv": [0, 0, 1.5, 14.25], "texture": "#2"},
				"east": {"uv": [0, 0, 1.5, 14.25], "texture": "#2"},
				"south": {"uv": [0, 0, 1.5, 14.25], "texture": "#2"},
				"west": {"uv": [0, 0, 1.5, 14.25], "texture": "#2"},
				"up": {"uv": [0, 0, 1.5, 14.25], "texture": "#2"},
				"down": {"uv": [0, 0, 1.5, 14.25], "texture": "#2"}
			}
		},
		{
			"from": [17.25, 10.25, -0.5],
			"to": [18.75, 10.5, 13.75],
			"faces": {
				"north": {"uv": [0, 0, 1.5, 14.25], "texture": "#2"},
				"east": {"uv": [0, 0, 1.5, 14.25], "texture": "#2"},
				"south": {"uv": [0, 0, 1.5, 14.25], "texture": "#2"},
				"west": {"uv": [0, 0, 1.5, 14.25], "texture": "#2"},
				"up": {"uv": [0, 0, 1.5, 14.25], "texture": "#2"},
				"down": {"uv": [0, 0, 1.5, 14.25], "texture": "#2"}
			}
		},
		{
			"from": [15.25, 10.25, -0.5],
			"to": [16.75, 10.5, 13.75],
			"faces": {
				"north": {"uv": [0, 0, 1.5, 14.25], "texture": "#2"},
				"east": {"uv": [0, 0, 1.5, 14.25], "texture": "#2"},
				"south": {"uv": [0, 0, 1.5, 14.25], "texture": "#2"},
				"west": {"uv": [0, 0, 1.5, 14.25], "texture": "#2"},
				"up": {"uv": [0, 0, 1.5, 14.25], "texture": "#2"},
				"down": {"uv": [0, 0, 1.5, 14.25], "texture": "#2"}
			}
		},
		{
			"from": [16, 0, 15],
			"to": [31, 10.55, 31],
			"faces": {
				"north": {"uv": [0, 0, 16, 15.5], "texture": "#0"},
				"east": {"uv": [0, 0, 16, 15.5], "texture": "#0"},
				"south": {"uv": [0, 0, 16, 15.5], "texture": "#0"},
				"west": {"uv": [0, 0, 16, 15.5], "texture": "#0"},
				"up": {"uv": [0, 0, 16, 15.5], "texture": "#0"},
				"down": {"uv": [0, 0, 16, 15.5], "texture": "#0"}
			}
		},
		{
			"from": [0, 0, 15],
			"to": [16, 10.8, 31],
			"faces": {
				"north": {"uv": [0, 0, 16, 15.5], "texture": "#0"},
				"east": {"uv": [0, 0, 16, 15.5], "texture": "#0"},
				"south": {"uv": [0, 0, 16, 15.5], "texture": "#0"},
				"west": {"uv": [0, 0, 16, 15.5], "texture": "#0"},
				"up": {"uv": [0, 0, 16, 15.5], "texture": "#0"},
				"down": {"uv": [0, 0, 16, 15.5], "texture": "#0"}
			}
		},
		{
			"from": [-16, 0, 15],
			"to": [0, 16, 31],
			"faces": {
				"north": {"uv": [0, 0.5, 16, 15.5], "texture": "#0"},
				"east": {"uv": [0, 0, 16, 15.5], "texture": "#0"},
				"south": {"uv": [0, 0.5, 16, 15.5], "texture": "#0"},
				"west": {"uv": [0, 0.5, 16, 15.5], "texture": "#0"},
				"up": {"uv": [0, 0, 16, 15.5], "texture": "#0"},
				"down": {"uv": [0, 0, 16, 15.5], "texture": "#0"}
			}
		},
		{
			"from": [-16, 16, 15],
			"to": [0, 31.5, 31],
			"faces": {
				"north": {"uv": [0, 0, 16, 15], "texture": "#0"},
				"east": {"uv": [0, 0, 16, 15.5], "texture": "#0"},
				"south": {"uv": [0, 0, 16, 15], "texture": "#0"},
				"west": {"uv": [0, 0, 16, 15], "texture": "#0"},
				"up": {"uv": [0, 0, 16, 15.5], "texture": "#0"},
				"down": {"uv": [0, 0, 16, 15.5], "texture": "#0"}
			}
		}
	],
	"display": {
		"thirdperson_righthand": {
			"scale": [0.2, 0.2, 0.2]
		},
		"thirdperson_lefthand": {
			"scale": [0.2, 0.2, 0.2]
		},
		"firstperson_righthand": {
			"rotation": [0, -180, 0],
			"translation": [0, 3, 0],
			"scale": [0.2, 0.2, 0.2]
		},
		"firstperson_lefthand": {
			"rotation": [0, -180, 0],
			"translation": [0, 1.75, 0],
			"scale": [0.2, 0.2, 0.2]
		},
		"ground": {
			"scale": [0.2, 0.2, 0.2]
		},
		"gui": {
			"rotation": [19, -180, -2],
			"translation": [0, -1, 0],
			"scale": [0.39, 0.4, 0.4]
		},
		"head": {
			"scale": [0, 0, 0]
		},
		"fixed": {
			"rotation": [-89, 0, 0],
			"translation": [0, -3.5, -5],
			"scale": [0.7, 0.7, 0.7]
		}
	}
}