{
	"credit": "Made with Blockbench",
	"textures": {
		"0": "block/hardened_clay_stained_green",
		"1": "block/kluislicht",
		"3": "block/observer_side",
		"4": "block/planks_spruce",
		"particle": "block/hardened_clay_stained_green"
	},
	"elements": [
		{
			"from": [1, 0, 4],
			"to": [15, 6, 10],
			"rotation": {"angle": 0, "axis": "y", "origin": [12, 0, 4]},
			"faces": {
				"north": {"uv": [0.5, 4.5, 14.5, 12.5], "texture": "#0"},
				"east": {"uv": [0.5, 4.5, 14.5, 12.5], "texture": "#0"},
				"south": {"uv": [0.5, 4.5, 14.5, 12.5], "texture": "#0"},
				"west": {"uv": [0.5, 4.5, 14.5, 12.5], "texture": "#0"},
				"up": {"uv": [0.5, 4.5, 14.5, 12.5], "texture": "#0"},
				"down": {"uv": [0.5, 4.5, 14.5, 12.5], "texture": "#0"}
			}
		},
		{
			"from": [0.75, 6, 3.75],
			"to": [15.25, 7.5, 10.25],
			"rotation": {"angle": 0, "axis": "y", "origin": [0, 6, 4]},
			"faces": {
				"north": {"uv": [0, 0, 16, 2], "texture": "#1"},
				"east": {"uv": [0, 0, 16, 2], "texture": "#1"},
				"south": {"uv": [0, 0, 16, 2], "texture": "#1"},
				"west": {"uv": [0, 0, 16, 2], "texture": "#1"},
				"up": {"uv": [0, 0, 16, 16], "texture": "#1"},
				"down": {"uv": [0, 0, 14.5, 8.75], "texture": "#1"}
			}
		},
		{
			"from": [7.25, 2.5, 8.25],
			"to": [9.25, 4.5, 10.15],
			"rotation": {"angle": 0, "axis": "y", "origin": [7.25, 2.5, 8.25]},
			"faces": {
				"north": {"uv": [0, 0, 2, 2], "texture": "#1"},
				"east": {"uv": [0, 0, 1.9, 2], "texture": "#1"},
				"south": {"uv": [5.5, 6.5, 7.5, 8.5], "texture": "#1"},
				"west": {"uv": [0, 0, 1.9, 2], "texture": "#1"},
				"up": {"uv": [0, 0, 2, 1.9], "texture": "#1"},
				"down": {"uv": [0, 0, 2, 1.9], "texture": "#1"}
			}
		},
		{
			"from": [4, 8.5, 6],
			"to": [12, 9.5, 8],
			"rotation": {"angle": 0, "axis": "y", "origin": [7, 7.5, 6]},
			"faces": {
				"north": {"uv": [0, 0, 8, 1], "texture": "#3"},
				"east": {"uv": [0, 0, 2, 1], "texture": "#3"},
				"south": {"uv": [0, 0, 8, 1], "texture": "#3"},
				"west": {"uv": [0, 0, 2, 1], "texture": "#3"},
				"up": {"uv": [0, 0, 8, 2], "texture": "#3"},
				"down": {"uv": [0, 0, 8, 2], "texture": "#3"}
			}
		},
		{
			"from": [3, 7.25, 6],
			"to": [4, 9.25, 8],
			"rotation": {"angle": 0, "axis": "y", "origin": [2, 7.25, 6]},
			"faces": {
				"north": {"uv": [0, 0, 1, 2], "texture": "#3"},
				"east": {"uv": [0, 0, 2, 2], "texture": "#3"},
				"south": {"uv": [0, 0, 1, 2], "texture": "#3"},
				"west": {"uv": [0, 0, 2, 2], "texture": "#3"},
				"up": {"uv": [0, 0, 1, 2], "texture": "#3"},
				"down": {"uv": [0, 0, 1, 2], "texture": "#3"}
			}
		},
		{
			"from": [12, 7.25, 6],
			"to": [13, 9.25, 8],
			"rotation": {"angle": 0, "axis": "y", "origin": [12, 7.25, 6]},
			"faces": {
				"north": {"uv": [0, 0, 1, 2], "texture": "#3"},
				"east": {"uv": [0, 0, 2, 2], "texture": "#3"},
				"south": {"uv": [0, 0, 1, 2], "texture": "#3"},
				"west": {"uv": [0, 0, 2, 2], "texture": "#3"},
				"up": {"uv": [0, 0, 1, 2], "texture": "#3"},
				"down": {"uv": [0, 0, 1, 2], "texture": "#3"}
			}
		},
		{
			"from": [0, 0, 0],
			"to": [16, 0, 16],
			"faces": {
				"north": {"uv": [0, 0, 16, 0], "texture": "#4"},
				"east": {"uv": [0, 0, 16, 0], "texture": "#4"},
				"south": {"uv": [0, 0, 16, 0], "texture": "#4"},
				"west": {"uv": [0, 0, 16, 0], "texture": "#4"},
				"up": {"uv": [0, 0, 16, 16], "texture": "#4"},
				"down": {"uv": [0, 0, 16, 16], "texture": "#4"}
			}
		}
	]
}