{
	"credit": "Made with Blockbench",
	"textures": {
		"1": "block/kluislicht",
		"2": "block/itemframe_background",
		"3": "block/jungle_planks",
		"4": "block/planks_spruce",
		"particle": "block/planks_spruce"
	},
	"elements": [
		{
			"from": [1, 0, 4],
			"to": [15, 6, 14.5],
			"rotation": {"angle": 0, "axis": "y", "origin": [12, 0, 4]},
			"faces": {
				"north": {"uv": [0.5, 7.5, 15.5, 15.5], "texture": "#2"},
				"east": {"uv": [0.5, 7.5, 15.5, 15.5], "texture": "#2"},
				"south": {"uv": [0.5, 7.5, 15.5, 15.5], "texture": "#2"},
				"west": {"uv": [0.5, 7.5, 15.5, 15.5], "texture": "#2"},
				"up": {"uv": [0.5, 4.5, 14.5, 12.5], "texture": "#2"},
				"down": {"uv": [0.5, 7.5, 15.5, 15.5], "texture": "#2"}
			}
		},
		{
			"from": [0.75, 6, 3.75],
			"to": [15.25, 7.5, 14.75],
			"rotation": {"angle": 0, "axis": "y", "origin": [0, 6, 4]},
			"faces": {
				"north": {"uv": [0, 0, 16, 2], "texture": "#1"},
				"east": {"uv": [0, 0, 16, 2], "texture": "#1"},
				"south": {"uv": [0, 0, 16, 2], "texture": "#1"},
				"west": {"uv": [0, 0, 16, 2], "texture": "#1"},
				"up": {"uv": [0, 0, 16, 16], "texture": "#1"},
				"down": {"uv": [0, 0, 14.5, 8.75], "texture": "#1"}
			}
		},
		{
			"from": [5.25, 1.7, 12.85],
			"to": [11.55, 4.7, 14.7],
			"rotation": {"angle": 0, "axis": "y", "origin": [5.25, 2.5, 12.85]},
			"faces": {
				"north": {"uv": [0, 0, 2, 2], "texture": "#1"},
				"east": {"uv": [0, 0, 1.9, 2], "texture": "#1"},
				"south": {"uv": [4.25079, 3.36667, 7.79683, 5.54762], "texture": "#1"},
				"west": {"uv": [0, 0, 1.9, 2], "texture": "#1"},
				"up": {"uv": [0, 0, 2, 1.9], "texture": "#1"},
				"down": {"uv": [0, 0, 2, 1.9], "texture": "#1"}
			}
		},
		{
			"from": [4, 8.5, 8],
			"to": [12, 9.5, 10],
			"rotation": {"angle": 0, "axis": "y", "origin": [7, 7.5, 8]},
			"faces": {
				"north": {"uv": [0, 0, 8, 1], "texture": "#3"},
				"east": {"uv": [0, 0, 2, 1], "texture": "#3"},
				"south": {"uv": [0, 0, 8, 1], "texture": "#3"},
				"west": {"uv": [0, 0, 2, 1], "texture": "#3"},
				"up": {"uv": [0, 0, 8, 2], "texture": "#3"},
				"down": {"uv": [0, 0, 8, 2], "texture": "#3"}
			}
		},
		{
			"from": [3, 7.25, 8],
			"to": [4, 9.25, 10],
			"rotation": {"angle": 0, "axis": "y", "origin": [2, 7.25, 8]},
			"faces": {
				"north": {"uv": [0, 0, 1, 2], "texture": "#3"},
				"east": {"uv": [0, 0, 2, 2], "texture": "#3"},
				"south": {"uv": [0, 0, 1, 2], "texture": "#3"},
				"west": {"uv": [0, 0, 2, 2], "texture": "#3"},
				"up": {"uv": [0, 0, 1, 2], "texture": "#3"},
				"down": {"uv": [0, 0, 1, 2], "texture": "#3"}
			}
		},
		{
			"from": [12, 7.25, 8],
			"to": [13, 9.25, 10],
			"rotation": {"angle": 0, "axis": "y", "origin": [12, 7.25, 8]},
			"faces": {
				"north": {"uv": [0, 0, 1, 2], "texture": "#3"},
				"east": {"uv": [0, 0, 2, 2], "texture": "#3"},
				"south": {"uv": [0, 0, 1, 2], "texture": "#3"},
				"west": {"uv": [0, 0, 2, 2], "texture": "#3"},
				"up": {"uv": [0, 0, 1, 2], "texture": "#3"},
				"down": {"uv": [0, 0, 1, 2], "texture": "#3"}
			}
		},
		{
			"from": [0, 0, 0],
			"to": [16, 0, 16],
			"faces": {
				"north": {"uv": [0, 0, 16, 0], "texture": "#4"},
				"east": {"uv": [0, 0, 16, 0], "texture": "#4"},
				"south": {"uv": [0, 0, 16, 0], "texture": "#4"},
				"west": {"uv": [0, 0, 16, 0], "texture": "#4"},
				"up": {"uv": [0, 0, 16, 16], "texture": "#4"},
				"down": {"uv": [0, 0, 16, 16], "texture": "#4"}
			}
		}
	]
}