{
	"credit": "Team DDG",
	"texture_size": [128, 128],
	"textures": {
		"0": "blocks/toolmashine",
		"1": "blocks/stonecutter_saw",
		"particle": "blocks/toolmashine"
	},
	"elements": [
		{
			"from": [0, 0, 0],
			"to": [16, 16, 16],
			"faces": {
				"north": {"uv": [0, 0, 2, 2], "texture": "#0"},
				"east": {"uv": [0, 2, 2, 4], "texture": "#0"},
				"south": {"uv": [2, 0, 4, 2], "texture": "#0"},
				"west": {"uv": [2, 2, 4, 4], "texture": "#0"},
				"up": {"uv": [2, 6, 0, 4], "texture": "#0"},
				"down": {"uv": [6, 0, 4, 2], "texture": "#0"}
			}
		},
		{
			"from": [0, 16, 0],
			"to": [1, 18, 16],
			"faces": {
				"north": {"uv": [6, 3.125, 6.125, 3.375], "texture": "#0"},
				"east": {"uv": [6.5, 3.5, 8.5, 3.75], "texture": "#0"},
				"south": {"uv": [6.125, 3.125, 6.25, 3.375], "texture": "#0"},
				"west": {"uv": [6.5, 3.75, 8.5, 4], "texture": "#0"},
				"up": {"uv": [2, 8, 1.875, 6], "texture": "#0"},
				"down": {"uv": [6.875, 5, 6.75, 7], "texture": "#0"}
			}
		},
		{
			"from": [15, 16, 0],
			"to": [16, 18, 16],
			"rotation": {"angle": 0, "axis": "y", "origin": [16, 0, 0]},
			"faces": {
				"north": {"uv": [6.25, 3.125, 6.375, 3.375], "texture": "#0"},
				"east": {"uv": [6.5, 4, 8.5, 4.25], "texture": "#0"},
				"south": {"uv": [6.375, 3.125, 6.5, 3.375], "texture": "#0"},
				"west": {"uv": [6.5, 4.25, 8.5, 4.5], "texture": "#0"},
				"up": {"uv": [4.125, 8.875, 4, 6.875], "texture": "#0"},
				"down": {"uv": [4.25, 6.875, 4.125, 8.875], "texture": "#0"}
			}
		},
		{
			"from": [1, 16, 15],
			"to": [15, 18, 16],
			"rotation": {"angle": 0, "axis": "y", "origin": [16, 0, 0]},
			"faces": {
				"north": {"uv": [6.625, 0.5, 8.375, 0.75], "texture": "#0"},
				"east": {"uv": [7, 6.125, 7.125, 6.375], "texture": "#0"},
				"south": {"uv": [6.625, 0.75, 8.375, 1], "texture": "#0"},
				"west": {"uv": [7, 6.375, 7.125, 6.625], "texture": "#0"},
				"up": {"uv": [8.625, 5.375, 6.875, 5.25], "texture": "#0"},
				"down": {"uv": [8.625, 5.375, 6.875, 5.5], "texture": "#0"}
			}
		},
		{
			"from": [1, 16, 0],
			"to": [15, 18, 1],
			"rotation": {"angle": 0, "axis": "y", "origin": [16, 0, -16]},
			"faces": {
				"north": {"uv": [6.625, 0, 8.375, 0.25], "texture": "#0"},
				"east": {"uv": [6.625, 6.875, 6.75, 7.125], "texture": "#0"},
				"south": {"uv": [6.625, 0.25, 8.375, 0.5], "texture": "#0"},
				"west": {"uv": [6.875, 6.875, 7, 7.125], "texture": "#0"},
				"up": {"uv": [8.625, 5.125, 6.875, 5], "texture": "#0"},
				"down": {"uv": [8.625, 5.125, 6.875, 5.25], "texture": "#0"}
			}
		},
		{
			"from": [0, 18, 15],
			"to": [16, 29, 16],
			"faces": {
				"north": {"uv": [2, 4, 4, 5.375], "texture": "#0"},
				"east": {"uv": [4.75, 6.875, 4.875, 8.25], "texture": "#0"},
				"south": {"uv": [4, 2, 6, 3.375], "texture": "#0"},
				"west": {"uv": [4.875, 6.875, 5, 8.25], "texture": "#0"},
				"up": {"uv": [8.75, 2.375, 6.75, 2.25], "texture": "#0"},
				"down": {"uv": [8.75, 2.375, 6.75, 2.5], "texture": "#0"}
			}
		},
		{
			"from": [0, 28, 13],
			"to": [16, 29, 15],
			"rotation": {"angle": 0, "axis": "y", "origin": [0, 0, -1]},
			"faces": {
				"north": {"uv": [6.75, 2.5, 8.75, 2.625], "texture": "#0"},
				"east": {"uv": [7, 6.625, 7.25, 6.75], "texture": "#0"},
				"south": {"uv": [6.75, 2.625, 8.75, 2.75], "texture": "#0"},
				"west": {"uv": [7, 6.75, 7.25, 6.875], "texture": "#0"},
				"up": {"uv": [8.5, 4.75, 6.5, 4.5], "texture": "#0"},
				"down": {"uv": [8.5, 4.75, 6.5, 5], "texture": "#0"}
			}
		},
		{
			"from": [0.025, 13.84464, 10.78106],
			"to": [2.025, 28.84464, 18.78106],
			"rotation": {"angle": 22.5, "axis": "x", "origin": [8.025, 23.34464, 12.28106]},
			"faces": {
				"north": {"uv": [1.375, 6, 1.625, 7.875], "texture": "#0"},
				"east": {"uv": [2, 5.375, 3, 7.25], "texture": "#0"},
				"south": {"uv": [1.625, 6, 1.875, 7.875], "texture": "#0"},
				"west": {"uv": [3, 5.375, 4, 7.25], "texture": "#0"},
				"up": {"uv": [1.125, 7.75, 0.875, 6.75], "texture": "#0"},
				"down": {"uv": [1.375, 6.75, 1.125, 7.75], "texture": "#0"}
			}
		},
		{
			"from": [13.975, 13.84464, 10.78106],
			"to": [15.975, 28.84464, 18.78106],
			"rotation": {"angle": 22.5, "axis": "x", "origin": [7.975, 23.34464, 12.28106]},
			"faces": {
				"north": {"uv": [1.625, 6, 1.375, 7.875], "texture": "#0"},
				"east": {"uv": [4, 5.375, 3, 7.25], "texture": "#0"},
				"south": {"uv": [1.875, 6, 1.625, 7.875], "texture": "#0"},
				"west": {"uv": [3, 5.375, 2, 7.25], "texture": "#0"},
				"up": {"uv": [0.875, 7.75, 1.125, 6.75], "texture": "#0"},
				"down": {"uv": [1.125, 6.75, 1.375, 7.75], "texture": "#0"}
			}
		},
		{
			"from": [7, 17, 0],
			"to": [12, 17, 10],
			"rotation": {"angle": 0, "axis": "y", "origin": [7, 17, 0]},
			"faces": {
				"north": {"uv": [0, 0, 0.625, 0], "texture": "#0"},
				"east": {"uv": [0, 0, 1.25, 0], "texture": "#0"},
				"south": {"uv": [0, 0, 0.625, 0], "texture": "#0"},
				"west": {"uv": [0, 0, 1.25, 0], "texture": "#0"},
				"up": {"uv": [0.625, 7.25, 0, 6], "texture": "#0"},
				"down": {"uv": [6.625, 0, 6, 1.25], "texture": "#0"}
			}
		},
		{
			"from": [7, 17.1, 0],
			"to": [12, 17.1, 10],
			"rotation": {"angle": 0, "axis": "y", "origin": [7, 17.1, 0]},
			"faces": {
				"north": {"uv": [0, 0, 0.625, 0], "texture": "#0"},
				"east": {"uv": [0, 0, 1.25, 0], "texture": "#0"},
				"south": {"uv": [0, 0, 0.625, 0], "texture": "#0"},
				"west": {"uv": [0, 0, 1.25, 0], "texture": "#0"},
				"up": {"uv": [0.625, 7.25, 0, 6], "texture": "#0"},
				"down": {"uv": [6.625, 0, 6, 1.25], "texture": "#0"}
			}
		},
		{
			"from": [7, 17.2, 0],
			"to": [12, 17.2, 10],
			"rotation": {"angle": 0, "axis": "y", "origin": [7, 17.2, 0]},
			"faces": {
				"north": {"uv": [0, 0, 0.625, 0], "texture": "#0"},
				"east": {"uv": [0, 0, 1.25, 0], "texture": "#0"},
				"south": {"uv": [0, 0, 0.625, 0], "texture": "#0"},
				"west": {"uv": [0, 0, 1.25, 0], "texture": "#0"},
				"up": {"uv": [0.625, 7.25, 0, 6], "texture": "#0"},
				"down": {"uv": [6.625, 0, 6, 1.25], "texture": "#0"}
			}
		},
		{
			"from": [7, 17.3, 0],
			"to": [12, 17.3, 10],
			"rotation": {"angle": 0, "axis": "y", "origin": [7, 17.3, 0]},
			"faces": {
				"north": {"uv": [0, 0, 0.625, 0], "texture": "#0"},
				"east": {"uv": [0, 0, 1.25, 0], "texture": "#0"},
				"south": {"uv": [0, 0, 0.625, 0], "texture": "#0"},
				"west": {"uv": [0, 0, 1.25, 0], "texture": "#0"},
				"up": {"uv": [0.625, 7.25, 0, 6], "texture": "#0"},
				"down": {"uv": [6.625, 0, 6, 1.25], "texture": "#0"}
			}
		},
		{
			"from": [7, 17.4, 0],
			"to": [12, 17.4, 10],
			"rotation": {"angle": 0, "axis": "y", "origin": [7, 17.4, 0]},
			"faces": {
				"north": {"uv": [0, 0, 0.625, 0], "texture": "#0"},
				"east": {"uv": [0, 0, 1.25, 0], "texture": "#0"},
				"south": {"uv": [0, 0, 0.625, 0], "texture": "#0"},
				"west": {"uv": [0, 0, 1.25, 0], "texture": "#0"},
				"up": {"uv": [0.625, 7.25, 0, 6], "texture": "#0"},
				"down": {"uv": [6.625, 0, 6, 1.25], "texture": "#0"}
			}
		},
		{
			"from": [7, 17.5, 0],
			"to": [12, 17.5, 10],
			"rotation": {"angle": 0, "axis": "y", "origin": [7, 17.5, 0]},
			"faces": {
				"north": {"uv": [0, 0, 0.625, 0], "texture": "#0"},
				"east": {"uv": [0, 0, 1.25, 0], "texture": "#0"},
				"south": {"uv": [0, 0, 0.625, 0], "texture": "#0"},
				"west": {"uv": [0, 0, 1.25, 0], "texture": "#0"},
				"up": {"uv": [0.625, 7.25, 0, 6], "texture": "#0"},
				"down": {"uv": [6.625, 0, 6, 1.25], "texture": "#0"}
			}
		},
		{
			"from": [7, 17.6, 0],
			"to": [12, 17.6, 10],
			"rotation": {"angle": 0, "axis": "y", "origin": [7, 17.6, 0]},
			"faces": {
				"north": {"uv": [0, 0, 0.625, 0], "texture": "#0"},
				"east": {"uv": [0, 0, 1.25, 0], "texture": "#0"},
				"south": {"uv": [0, 0, 0.625, 0], "texture": "#0"},
				"west": {"uv": [0, 0, 1.25, 0], "texture": "#0"},
				"up": {"uv": [0.625, 7.25, 0, 6], "texture": "#0"},
				"down": {"uv": [6.625, 0, 6, 1.25], "texture": "#0"}
			}
		},
		{
			"from": [7, 17.7, 0],
			"to": [12, 17.7, 10],
			"rotation": {"angle": 0, "axis": "y", "origin": [7, 17.7, 0]},
			"faces": {
				"north": {"uv": [0, 0, 0.625, 0], "texture": "#0"},
				"east": {"uv": [0, 0, 1.25, 0], "texture": "#0"},
				"south": {"uv": [0, 0, 0.625, 0], "texture": "#0"},
				"west": {"uv": [0, 0, 1.25, 0], "texture": "#0"},
				"up": {"uv": [0.625, 7.25, 0, 6], "texture": "#0"},
				"down": {"uv": [6.625, 0, 6, 1.25], "texture": "#0"}
			}
		},
		{
			"from": [7, 17.8, 0],
			"to": [12, 17.8, 10],
			"rotation": {"angle": 0, "axis": "y", "origin": [7, 17.8, 0]},
			"faces": {
				"north": {"uv": [0, 0, 0.625, 0], "texture": "#0"},
				"east": {"uv": [0, 0, 1.25, 0], "texture": "#0"},
				"south": {"uv": [0, 0, 0.625, 0], "texture": "#0"},
				"west": {"uv": [0, 0, 1.25, 0], "texture": "#0"},
				"up": {"uv": [0.625, 7.25, 0, 6], "texture": "#0"},
				"down": {"uv": [6.625, 0, 6, 1.25], "texture": "#0"}
			}
		},
		{
			"from": [7, 17.9, 0],
			"to": [12, 17.9, 10],
			"rotation": {"angle": 0, "axis": "y", "origin": [7, 17.9, 0]},
			"faces": {
				"north": {"uv": [0, 0, 0.625, 0], "texture": "#0"},
				"east": {"uv": [0, 0, 1.25, 0], "texture": "#0"},
				"south": {"uv": [0, 0, 0.625, 0], "texture": "#0"},
				"west": {"uv": [0, 0, 1.25, 0], "texture": "#0"},
				"up": {"uv": [0.625, 7.25, 0, 6], "texture": "#0"},
				"down": {"uv": [6.625, 0, 6, 1.25], "texture": "#0"}
			}
		},
		{
			"from": [7, 18, 0],
			"to": [12, 18, 10],
			"rotation": {"angle": 0, "axis": "y", "origin": [7, 18, 0]},
			"faces": {
				"north": {"uv": [0, 0, 0.625, 0], "texture": "#0"},
				"east": {"uv": [0, 0, 1.25, 0], "texture": "#0"},
				"south": {"uv": [0, 0, 0.625, 0], "texture": "#0"},
				"west": {"uv": [0, 0, 1.25, 0], "texture": "#0"},
				"up": {"uv": [0.625, 7.25, 0, 6], "texture": "#0"},
				"down": {"uv": [6.625, 0, 6, 1.25], "texture": "#0"}
			}
		},
		{
			"from": [7, 18.1, 0],
			"to": [12, 18.1, 10],
			"rotation": {"angle": 0, "axis": "y", "origin": [7, 18.1, 0]},
			"faces": {
				"north": {"uv": [0, 0, 0.625, 0], "texture": "#0"},
				"east": {"uv": [0, 0, 1.25, 0], "texture": "#0"},
				"south": {"uv": [0, 0, 0.625, 0], "texture": "#0"},
				"west": {"uv": [0, 0, 1.25, 0], "texture": "#0"},
				"up": {"uv": [0.625, 7.25, 0, 6], "texture": "#0"},
				"down": {"uv": [6.625, 0, 6, 1.25], "texture": "#0"}
			}
		},
		{
			"from": [7, 18.2, 0],
			"to": [12, 18.2, 10],
			"rotation": {"angle": 0, "axis": "y", "origin": [7, 18.2, 0]},
			"faces": {
				"north": {"uv": [0, 0, 0.625, 0], "texture": "#0"},
				"east": {"uv": [0, 0, 1.25, 0], "texture": "#0"},
				"south": {"uv": [0, 0, 0.625, 0], "texture": "#0"},
				"west": {"uv": [0, 0, 1.25, 0], "texture": "#0"},
				"up": {"uv": [0.625, 7.25, 0, 6], "texture": "#0"},
				"down": {"uv": [6.625, 0, 6, 1.25], "texture": "#0"}
			}
		},
		{
			"from": [7, 18.3, 0],
			"to": [12, 18.3, 10],
			"rotation": {"angle": 0, "axis": "y", "origin": [7, 18.3, 0]},
			"faces": {
				"north": {"uv": [0, 0, 0.625, 0], "texture": "#0"},
				"east": {"uv": [0, 0, 1.25, 0], "texture": "#0"},
				"south": {"uv": [0, 0, 0.625, 0], "texture": "#0"},
				"west": {"uv": [0, 0, 1.25, 0], "texture": "#0"},
				"up": {"uv": [0.625, 7.25, 0, 6], "texture": "#0"},
				"down": {"uv": [6.625, 0, 6, 1.25], "texture": "#0"}
			}
		},
		{
			"from": [7, 18.4, 0],
			"to": [12, 18.4, 10],
			"rotation": {"angle": 0, "axis": "y", "origin": [7, 18.4, 0]},
			"faces": {
				"north": {"uv": [0, 0, 0.625, 0], "texture": "#0"},
				"east": {"uv": [0, 0, 1.25, 0], "texture": "#0"},
				"south": {"uv": [0, 0, 0.625, 0], "texture": "#0"},
				"west": {"uv": [0, 0, 1.25, 0], "texture": "#0"},
				"up": {"uv": [0.625, 7.25, 0, 6], "texture": "#0"},
				"down": {"uv": [6.625, 0, 6, 1.25], "texture": "#0"}
			}
		},
		{
			"from": [7, 18.5, 0],
			"to": [12, 18.5, 10],
			"rotation": {"angle": 0, "axis": "y", "origin": [7, 18.5, 0]},
			"faces": {
				"north": {"uv": [0, 0, 0.625, 0], "texture": "#0"},
				"east": {"uv": [0, 0, 1.25, 0], "texture": "#0"},
				"south": {"uv": [0, 0, 0.625, 0], "texture": "#0"},
				"west": {"uv": [0, 0, 1.25, 0], "texture": "#0"},
				"up": {"uv": [0.625, 7.25, 0, 6], "texture": "#0"},
				"down": {"uv": [6.625, 0, 6, 1.25], "texture": "#0"}
			}
		},
		{
			"from": [1, 16, 6],
			"to": [15, 17, 8],
			"rotation": {"angle": 0, "axis": "y", "origin": [9, 16, 0]},
			"faces": {
				"north": {"uv": [6.875, 5.5, 8.625, 5.625], "texture": "#0"},
				"east": {"uv": [7, 6.875, 7.25, 7], "texture": "#0"},
				"south": {"uv": [6.875, 5.625, 8.625, 5.75], "texture": "#0"},
				"west": {"uv": [7, 7, 7.25, 7.125], "texture": "#0"},
				"up": {"uv": [8.375, 1.25, 6.625, 1], "texture": "#0"},
				"down": {"uv": [8.5, 2, 6.75, 2.25], "texture": "#0"}
			}
		},
		{
			"from": [7, 13, -0.025],
			"to": [13, 19, -0.025],
			"rotation": {"angle": 0, "axis": "y", "origin": [7, 17, -1.025]},
			"faces": {
				"north": {"uv": [0.625, 6, 1.375, 6.75], "texture": "#0"},
				"east": {"uv": [0, 0, 0, 0.75], "texture": "#0"},
				"south": {"uv": [6, 2, 6.75, 2.75], "texture": "#0"},
				"west": {"uv": [0, 0, 0, 0.75], "texture": "#0"},
				"up": {"uv": [0.75, 0, 0, 0], "texture": "#0"},
				"down": {"uv": [0.75, 0, 0, 0], "texture": "#0"}
			}
		},
		{
			"name": "cube inverted",
			"from": [14, 5, 14],
			"to": [2, 2, 0],
			"rotation": {"angle": 0, "axis": "y", "origin": [2, 2, 0]},
			"faces": {
				"north": {"uv": [6.5, 3.5, 8, 3.125], "texture": "#0"},
				"east": {"uv": [6, 2, 7.75, 1.625], "texture": "#0"},
				"south": {"uv": [6, 3.125, 7.5, 2.75], "texture": "#0"},
				"west": {"uv": [6, 1.625, 7.75, 1.25], "texture": "#0"},
				"up": {"uv": [4, 5.125, 5.5, 6.875], "texture": "#0"},
				"down": {"uv": [4, 5.125, 5.5, 3.375], "texture": "#0"}
			}
		},
		{
			"from": [8.4, 18.7, -0.4],
			"to": [8.4, 28.7, 9.6],
			"rotation": {"angle": 0, "axis": "y", "origin": [6.4, 18.7, -0.4]},
			"faces": {
				"north": {"uv": [0, 0, 0, 1], "texture": "#missing"},
				"east": {"uv": [0, 0, 1.5, 1], "texture": "#1"},
				"south": {"uv": [0, 0, 0, 1], "texture": "#missing"},
				"west": {"uv": [0, 0, 16, 16], "texture": "#1"},
				"up": {"uv": [0, 0, 0, 1.5], "texture": "#missing"},
				"down": {"uv": [0, 0, 0, 1.5], "texture": "#missing"}
			}
		},
		{
			"from": [3.3, 16.2, 0.6],
			"to": [3.3, 26.2, 10.6],
			"rotation": {"angle": 0, "axis": "y", "origin": [1.3, 16.2, 0.6]},
			"faces": {
				"north": {"uv": [0, 0, 0, 1], "texture": "#missing"},
				"east": {"uv": [0, 0, 1.5, 1], "texture": "#1"},
				"south": {"uv": [0, 0, 0, 1], "texture": "#missing"},
				"west": {"uv": [0, 0, 16, 16], "texture": "#1"},
				"up": {"uv": [0, 0, 0, 1.5], "texture": "#missing"},
				"down": {"uv": [0, 0, 0, 1.5], "texture": "#missing"}
			}
		},
		{
			"from": [8.4, 8.5, -0.4],
			"to": [8.4, 18.5, 9.6],
			"rotation": {"angle": 0, "axis": "y", "origin": [8.4, 13.5, 4.6]},
			"faces": {
				"north": {"uv": [0, 1, 0, 0], "texture": "#missing"},
				"east": {"uv": [0, 1, 1.5, 0], "texture": "#1"},
				"south": {"uv": [0, 1, 0, 0], "texture": "#missing"},
				"west": {"uv": [0, 16, 16, 0], "texture": "#1"},
				"up": {"uv": [0, 1.5, 0, 0], "texture": "#missing"},
				"down": {"uv": [0, 1.5, 0, 0], "texture": "#missing"}
			}
		}
	],
	"display": {
		"thirdperson_righthand": {
			"rotation": [75, 45, 0],
			"translation": [0, 2.25, 0],
			"scale": [0.26, 0.26, 0.26]
		},
		"thirdperson_lefthand": {
			"rotation": [75, 45, 0],
			"translation": [0, 2.25, 0],
			"scale": [0.26, 0.26, 0.26]
		},
		"firstperson_righthand": {
			"rotation": [0, 45, 0],
			"scale": [0.4, 0.4, 0.4]
		},
		"firstperson_lefthand": {
			"rotation": [0, 225, 0],
			"scale": [0.4, 0.4, 0.4]
		},
		"ground": {
			"translation": [0, 3, 0],
			"scale": [0.25, 0.25, 0.25]
		},
		"gui": {
			"rotation": [30, 225, 0],
			"translation": [0, -2.25, 0],
			"scale": [0.42, 0.42, 0.42]
		},
		"head": {
			"translation": [0, 1.6, 0],
			"scale": [1.6, 1.6, 1.6]
		},
		"fixed": {
			"translation": [0, -2.75, -5.25],
			"scale": [0.5, 0.5, 0.5]
		}
	}
}