{
	"credit": "robinnoob220 ;p",
	"textures": {
		"1": "block/anvil_base",
		"2": "block/black_wool",
		"3": "block/iron_block",
		"4": "block/quartz_block_bottom",
		"5": "block/andesite",
		"6": "block/cyan_wool",
		"7": "block/itemframe_background",
		"particle": "block/anvil_base"
	},
	"elements": [
		{
			"from": [11, 5, -1],
			"to": [11.5, 16.5, 17],
			"faces": {
				"north": {"uv": [4.5, 0.5, 5, 12], "texture": "#1"},
				"east": {"uv": [0, 0.5, 16, 12], "texture": "#1"},
				"south": {"uv": [11, 0.5, 11.5, 12], "texture": "#1"},
				"west": {"uv": [0, 0.5, 16, 12], "texture": "#1"},
				"up": {"uv": [0, 4.5, 16, 5], "rotation": 90, "texture": "#1"},
				"down": {"uv": [16, 5, 0, 4.5], "rotation": 270, "texture": "#1"}
			}
		},
		{
			"from": [10.5, 1, 7],
			"to": [15, 1.5, 10],
			"faces": {
				"north": {"uv": [1, 15.5, 5.5, 16], "texture": "#1"},
				"east": {"uv": [6, 15.5, 9, 16], "texture": "#1"},
				"south": {"uv": [10.5, 15.5, 15, 16], "texture": "#1"},
				"west": {"uv": [7, 15.5, 10, 16], "texture": "#1"},
				"up": {"uv": [7, 1, 10, 5.5], "rotation": 90, "texture": "#1"},
				"down": {"uv": [9, 5.5, 6, 1], "rotation": 270, "texture": "#1"}
			}
		},
		{
			"from": [11.5, 6.5, 0.5],
			"to": [12.5, 15.5, 15.5],
			"faces": {
				"north": {"uv": [14.5, 2.5, 15.5, 11.5], "texture": "#1"},
				"east": {"uv": [0.5, 2.5, 15.5, 11.5], "texture": "#1"},
				"south": {"uv": [0.5, 2.5, 1.5, 11.5], "texture": "#1"},
				"west": {"uv": [7.5, 9, 9.5, 14.5], "texture": "#1"},
				"up": {"uv": [1, 3.5, 16, 2.5], "rotation": 90, "texture": "#1"},
				"down": {"uv": [0.5, 10.5, 15.5, 11.5], "rotation": 90, "texture": "#1"}
			}
		},
		{
			"from": [12.5, 1.5, 7.8125],
			"to": [14, 4.5, 9.3125],
			"faces": {
				"north": {"uv": [2, 9.5, 3.5, 15], "texture": "#1"},
				"east": {"uv": [6.5, 9.5, 8.5, 15], "texture": "#1"},
				"south": {"uv": [12.5, 9.5, 14, 15], "texture": "#1"},
				"west": {"uv": [7.5, 9.5, 9.5, 15], "texture": "#1"},
				"up": {"uv": [7.5, 2, 9.5, 3.5], "rotation": 90, "texture": "#1"},
				"down": {"uv": [8.5, 3.5, 6.5, 2], "rotation": 270, "texture": "#1"}
			}
		},
		{
			"from": [12, 4, 7.8127],
			"to": [13.5, 6.5, 9.3127],
			"faces": {
				"north": {"uv": [2.5, 10.5, 4, 13], "texture": "#1"},
				"east": {"uv": [6.75, 10.5, 8.25, 13], "texture": "#1"},
				"south": {"uv": [12, 10.5, 13.5, 13], "texture": "#1"},
				"west": {"uv": [7.75, 10.5, 9.25, 13], "texture": "#1"},
				"up": {"uv": [7.75, 2.5, 9.25, 4], "rotation": 90, "texture": "#1"},
				"down": {"uv": [8.25, 4, 6.75, 2.5], "rotation": 270, "texture": "#1"}
			}
		},
		{
			"from": [11.5, 5.5, 7.8125],
			"to": [13, 7, 9.3125],
			"faces": {
				"north": {"uv": [3, 10, 4.5, 11.5], "texture": "#1"},
				"east": {"uv": [6.75, 10, 8.25, 11.5], "texture": "#1"},
				"south": {"uv": [11.5, 10, 13, 11.5], "texture": "#1"},
				"west": {"uv": [7.75, 10, 9.25, 11.5], "texture": "#1"},
				"up": {"uv": [7.75, 3, 9.25, 4.5], "rotation": 90, "texture": "#1"},
				"down": {"uv": [8.25, 4.5, 6.75, 3], "rotation": 270, "texture": "#1"}
			}
		},
		{
			"from": [10.9375, 16, -1],
			"to": [11, 16.5, 17],
			"faces": {
				"north": {"uv": [7, 0, 7.5, 1], "texture": "#1"},
				"east": {"uv": [0, 0, 16, 1], "texture": "#1"},
				"south": {"uv": [8.5, 0, 9, 1], "texture": "#1"},
				"west": {"uv": [0, 0, 16, 1], "texture": "#1"},
				"up": {"uv": [0, 7, 16, 7.5], "rotation": 90, "texture": "#1"},
				"down": {"uv": [16, 7.5, 0, 7], "rotation": 270, "texture": "#1"}
			}
		},
		{
			"from": [10.9375, 5, -1],
			"to": [11, 6, 17],
			"faces": {
				"north": {"uv": [7, 0, 7.5, 1], "texture": "#1"},
				"east": {"uv": [0, 0, 16, 1], "texture": "#1"},
				"south": {"uv": [8.5, 0, 9, 1], "texture": "#1"},
				"west": {"uv": [0, 0, 16, 1], "texture": "#1"},
				"up": {"uv": [0, 7, 16, 7.5], "rotation": 90, "texture": "#1"},
				"down": {"uv": [16, 7.5, 0, 7], "rotation": 270, "texture": "#1"}
			}
		},
		{
			"from": [10.9375, 6, 16.5],
			"to": [11, 16, 17],
			"faces": {
				"north": {"uv": [7, 0, 7.5, 1], "texture": "#1"},
				"east": {"uv": [0, 0, 16, 1], "texture": "#1"},
				"south": {"uv": [8.5, 0, 9, 1], "texture": "#1"},
				"west": {"uv": [0, 15.5, 16, 16], "rotation": 90, "texture": "#1"},
				"up": {"uv": [0, 7, 16, 7.5], "rotation": 90, "texture": "#1"},
				"down": {"uv": [16, 7.5, 0, 7], "rotation": 270, "texture": "#1"}
			}
		},
		{
			"from": [10.9375, 6, -1],
			"to": [11, 16, -0.5],
			"faces": {
				"north": {"uv": [7, 0, 7.5, 1], "texture": "#1"},
				"east": {"uv": [0, 0, 16, 1], "texture": "#1"},
				"south": {"uv": [8.5, 0, 9, 1], "texture": "#1"},
				"west": {"uv": [0, 0, 16, 0.5], "rotation": 90, "texture": "#1"},
				"up": {"uv": [0, 7, 16, 7.5], "rotation": 90, "texture": "#1"},
				"down": {"uv": [16, 7.5, 0, 7], "rotation": 270, "texture": "#1"}
			}
		},
		{
			"from": [10.9375, 6, -0.5],
			"to": [11, 16, 16.5],
			"faces": {
				"north": {"uv": [5, 1, 5.0625, 11], "texture": "#2"},
				"east": {"uv": [0.5, 2.5, 15.5, 13], "texture": "#2"},
				"south": {"uv": [10.9375, 1, 11, 11], "texture": "#2"},
				"west": {"uv": [0.5, 3.5, 15.5, 13], "texture": "#2"},
				"up": {"uv": [0, 5, 16, 5.0625], "rotation": 90, "texture": "#2"},
				"down": {"uv": [16, 5.0625, 0, 5], "rotation": 270, "texture": "#2"}
			}
		},
		{
			"from": [10.8125, 5.25, 15.5],
			"to": [11.3125, 5.75, 16.5],
			"faces": {
				"north": {"uv": [7.5, 6, 8.5, 7], "texture": "#4"},
				"east": {"uv": [7.5, 6, 8.5, 7], "texture": "#4"},
				"south": {"uv": [7.5, 6, 8.5, 7], "texture": "#4"},
				"west": {"uv": [7.5, 6, 8.5, 7], "texture": "#4"},
				"up": {"uv": [7.5, 6, 8.5, 7], "rotation": 90, "texture": "#4"},
				"down": {"uv": [7.5, 6, 8.5, 7], "rotation": 270, "texture": "#4"}
			}
		},
		{
			"from": [4, 1, 0],
			"to": [8.5, 1.5, 13],
			"faces": {
				"north": {"uv": [7.5, 15.5, 14, 16], "texture": "#1"},
				"east": {"uv": [15.5, 15.5, 16, 16], "texture": "#1"},
				"south": {"uv": [2, 15.5, 8.5, 16], "texture": "#1"},
				"west": {"uv": [0, 15.5, 0.5, 16], "texture": "#1"},
				"up": {"uv": [0, 7.5, 0.5, 14], "rotation": 90, "texture": "#1"},
				"down": {"uv": [15.5, 14, 16, 7.5], "rotation": 270, "texture": "#1"}
			}
		},
		{
			"from": [4.5, 1.5, 0.5],
			"to": [8, 1.5625, 8.5],
			"faces": {
				"north": {"uv": [4.5, 15.4375, 8, 15.5], "texture": "#5"},
				"east": {"uv": [0.5, 15.4375, 8.5, 15.5], "texture": "#5"},
				"south": {"uv": [4.5, 15.4375, 8, 15.5], "texture": "#5"},
				"west": {"uv": [0.5, 15.4375, 8.5, 15.5], "texture": "#5"},
				"up": {"uv": [4.5, 0.5, 8, 8.5], "texture": "#5"},
				"down": {"uv": [4.5, 0.5, 8, 8.5], "texture": "#5"}
			}
		},
		{
			"from": [4.5, 1.5, 11],
			"to": [7.5, 1.5625, 12.5],
			"faces": {
				"north": {"uv": [4.5, 15.4375, 7.5, 15.5], "texture": "#5"},
				"east": {"uv": [11, 15.4375, 12.5, 15.5], "texture": "#5"},
				"south": {"uv": [4.5, 15.4375, 7.5, 15.5], "texture": "#5"},
				"west": {"uv": [11, 15.4375, 12.5, 15.5], "texture": "#5"},
				"up": {"uv": [4.5, 11, 7.5, 12.5], "texture": "#5"},
				"down": {"uv": [4.5, 11, 7.5, 12.5], "texture": "#5"}
			}
		},
		{
			"from": [6, 1.5, 9],
			"to": [8, 1.5625, 10.5],
			"faces": {
				"north": {"uv": [6, 15.4375, 8, 15.5], "texture": "#5"},
				"east": {"uv": [9, 15.4375, 10.5, 15.5], "texture": "#5"},
				"south": {"uv": [6, 15.4375, 8, 15.5], "texture": "#5"},
				"west": {"uv": [9, 15.4375, 10.5, 15.5], "texture": "#5"},
				"up": {"uv": [6, 9, 8, 10.5], "texture": "#5"},
				"down": {"uv": [6, 9, 8, 10.5], "texture": "#5"}
			}
		},
		{
			"from": [4.5, 1.5, 9],
			"to": [5, 1.5625, 10.5],
			"faces": {
				"north": {"uv": [4.5, 15.4375, 5, 15.5], "texture": "#5"},
				"east": {"uv": [9, 15.4375, 10.5, 15.5], "texture": "#5"},
				"south": {"uv": [4.5, 15.4375, 5, 15.5], "texture": "#5"},
				"west": {"uv": [9, 15.4375, 10.5, 15.5], "texture": "#5"},
				"up": {"uv": [4.5, 9, 5, 10.5], "texture": "#5"},
				"down": {"uv": [4.5, 9, 5, 10.5], "texture": "#5"}
			}
		},
		{
			"from": [5, 1.5, 9.5],
			"to": [5.5, 1.5625, 10],
			"faces": {
				"north": {"uv": [5, 15.4375, 5.5, 15.5], "texture": "#5"},
				"east": {"uv": [9.5, 15.4375, 10, 15.5], "texture": "#5"},
				"south": {"uv": [5, 15.4375, 5.5, 15.5], "texture": "#5"},
				"west": {"uv": [9.5, 15.4375, 10, 15.5], "texture": "#5"},
				"up": {"uv": [5, 9.5, 5.5, 10], "texture": "#5"},
				"down": {"uv": [5, 9.5, 5.5, 10], "texture": "#5"}
			}
		},
		{
			"from": [4.0625, 1, 13.455],
			"to": [8.0625, 1.0625, 15.955],
			"faces": {
				"north": {"uv": [8, 15.5, 12, 16], "texture": "#6"},
				"east": {"uv": [0, 15.5, 2.5, 16], "texture": "#6"},
				"south": {"uv": [4, 15.5, 8, 16], "texture": "#6"},
				"west": {"uv": [13.5, 15.5, 16, 16], "texture": "#6"},
				"up": {"uv": [13.5, 8, 16, 12], "rotation": 90, "texture": "#6"},
				"down": {"uv": [2.5, 12, 0, 8], "rotation": 270, "texture": "#6"}
			}
		},
		{
			"from": [4.4375, 0.9375, 13.75],
			"to": [7.5625, 1.75, 15.75],
			"faces": {
				"north": {"uv": [8.3125, 15.25, 11.4375, 16], "texture": "#3"},
				"east": {"uv": [0.25, 15.25, 2.25, 16], "texture": "#3"},
				"south": {"uv": [4.5625, 15.25, 7.6875, 16], "texture": "#3"},
				"west": {"uv": [13.75, 15.25, 15.75, 16], "texture": "#3"},
				"up": {"uv": [6, 3, 8, 6], "rotation": 90, "texture": "#3"},
				"down": {"uv": [8, 6, 6, 2.875], "rotation": 270, "texture": "#3"}
			}
		},
		{
			"from": [6.5, 1.375, 14.5],
			"to": [7.5, 1.875, 14.8125],
			"faces": {
				"north": {"uv": [8.375, 15.125, 9.375, 15.625], "texture": "#1"},
				"east": {"uv": [1.0625, 15.125, 1.375, 15.625], "texture": "#1"},
				"south": {"uv": [6.625, 15.125, 7.625, 15.625], "texture": "#1"},
				"west": {"uv": [14.625, 15.125, 14.9375, 15.625], "texture": "#1"},
				"up": {"uv": [14.625, 8.375, 14.9375, 9.375], "rotation": 90, "texture": "#1"},
				"down": {"uv": [1.375, 9.375, 1.0625, 8.375], "rotation": 270, "texture": "#1"}
			}
		},
		{
			"from": [0, 0, 0],
			"to": [16, 1, 16],
			"faces": {
				"north": {"uv": [0, 0, 16, 1], "texture": "#7"},
				"east": {"uv": [0, 0, 16, 1], "texture": "#7"},
				"south": {"uv": [0, 0, 16, 1], "texture": "#7"},
				"west": {"uv": [0, 0, 16, 1], "texture": "#7"},
				"up": {"uv": [0, 0, 16, 16], "texture": "#7"},
				"down": {"uv": [0, 0, 16, 16], "texture": "#7"}
			}
		}
	],
	"display": {
		"ground": {
			"translation": [0, 7.18, 0]
		},
		"gui": {
			"rotation": [30, 45, 0],
			"translation": [-0.38, 0, 0],
			"scale": [0.7, 0.7, 0.7]
		}
	},
	"groups": [
		{
			"name": "group",
			"origin": [0, 0, 0],
			"children": [0, 1, 2, 3, 4, 5, 6, 7, 8, 9, 10, 11, 12, 13, 14, 15, 16, 17, 18, 19, 20]
		}, 21]
}