{
	"credit": "Made with Blockbench",
	"textures": {
		"particle": "block/aa31",
		"telefoon_back": "block/aa31",
		"telefoon_front": "block/aa30"
	},
	"elements": [
		{
			"name": "Cube1",
			"from": [4.5, 8, 1],
			"to": [12.5, 8.5, 15],
			"faces": {
				"north": {"uv": [4.5, 1.5, 12.5, 1], "texture": "#telefoon_back"},
				"east": {"uv": [4.5, 1, 5, 15], "rotation": 90, "texture": "#telefoon_back"},
				"south": {"uv": [12.5, 15, 4.5, 14.5], "texture": "#telefoon_back"},
				"west": {"uv": [12.5, 15, 12, 1], "rotation": 90, "texture": "#telefoon_back"},
				"up": {"uv": [4.5, 15, 12.5, 1], "rotation": 180, "texture": "#telefoon_back"},
				"down": {"uv": [4.5, 1, 12.5, 15], "rotation": 180, "texture": "#telefoon_back"}
			}
		},
		{
			"name": "Cube2",
			"from": [5, 8, 0.5],
			"to": [12, 8.5, 15.5],
			"faces": {
				"north": {"uv": [5, 1, 12, 0.5], "texture": "#telefoon_back"},
				"east": {"uv": [5, 0.5, 5.5, 15.5], "rotation": 90, "texture": "#telefoon_back"},
				"south": {"uv": [12, 15.5, 5, 15], "texture": "#telefoon_back"},
				"west": {"uv": [12, 15.5, 11.5, 0.5], "rotation": 90, "texture": "#telefoon_back"},
				"up": {"uv": [5, 15.5, 12, 0.5], "rotation": 180, "texture": "#telefoon_back"},
				"down": {"uv": [5, 0.5, 12, 15.5], "rotation": 180, "texture": "#telefoon_back"}
			}
		},
		{
			"from": [4.5, 8.5, 0.5],
			"to": [12.5, 8.7, 15.6],
			"faces": {
				"north": {"uv": [0, 0, 7.1, 0.2], "texture": "#telefoon_front"},
				"east": {"uv": [0, 0, 13.6, 0.2], "texture": "#telefoon_front"},
				"south": {"uv": [0, 0, 7.1, 0.2], "texture": "#telefoon_front"},
				"west": {"uv": [0, 0, 13.6, 0.2], "texture": "#telefoon_front"},
				"up": {"uv": [4, 0, 11.95, 16], "texture": "#telefoon_front"},
				"down": {"uv": [0, 0, 7.1, 13.6], "texture": "#telefoon_front"}
			}
		}
	],
	"display": {
		"thirdperson_righthand": {
			"rotation": [90, 0, 0],
			"translation": [0, 2, 0.1],
			"scale": [0.3, 0.3, 0.3]
		},
		"thirdperson_lefthand": {
			"rotation": [90, 0, 0],
			"translation": [0, 2, 0.1],
			"scale": [0.3, 0.3, 0.3]
		},
		"firstperson_righthand": {
			"rotation": [82, 2, 16],
			"translation": [0, 2.7826, 0],
			"scale": [0.5, 0.5, 0.5]
		},
		"firstperson_lefthand": {
			"rotation": [82, 2, 16],
			"translation": [0, 2.7826, 0],
			"scale": [0.5, 0.5, 0.5]
		},
		"ground": {
			"rotation": [90, 0, 0],
			"translation": [0, 4.8695, 0],
			"scale": [0.4, 0.4, 0.4]
		},
		"gui": {
			"rotation": [90, 0, 0]
		},
		"head": {
			"scale": [0.1, 0.1, 0.1]
		},
		"fixed": {
			"rotation": [90, 0, 180],
			"translation": [0, 0, 1.3913]
		}
	}
}