{
	"credit": "Made with Blockbench",
	"textures": {
		"0": "block/aa27",
		"1": "block/anvil_base",
		"particle": "block/anvil_base"
	},
	"elements": [
		{
			"from": [12.83522, 4.77375, 0.002],
			"to": [13.83522, 6.77375, 15.999],
			"rotation": {"angle": 22.5, "axis": "z", "origin": [9.83522, 2.77375, 8]},
			"faces": {
				"north": {"uv": [2, 9.625, 2.125, 9.875], "texture": "#0"},
				"east": {"uv": [0, 9.625, 2, 9.875], "texture": "#0"},
				"south": {"uv": [4.125, 9.625, 4.25, 9.875], "texture": "#0"},
				"west": {"uv": [2.125, 9.625, 4.125, 9.875], "texture": "#0"},
				"up": {"uv": [2.125, 9.625, 2, 7.625], "texture": "#0"},
				"down": {"uv": [2.25, 7.625, 2.125, 9.625], "texture": "#0"}
			}
		},
		{
			"from": [3.52074, 5.88478, 0.002],
			"to": [4.52074, 7.88478, 15.999],
			"rotation": {"angle": -22.5, "axis": "z", "origin": [4.02074, 6.88478, 8]},
			"faces": {
				"north": {"uv": [8.25, 8.25, 8.375, 8.5], "texture": "#0"},
				"east": {"uv": [6.25, 8.25, 8.25, 8.5], "texture": "#0"},
				"south": {"uv": [10.375, 8.25, 10.5, 8.5], "texture": "#0"},
				"west": {"uv": [8.375, 8.25, 10.375, 8.5], "texture": "#0"},
				"up": {"uv": [8.375, 8.25, 8.25, 6.25], "texture": "#0"},
				"down": {"uv": [8.5, 6.25, 8.375, 8.25], "texture": "#0"}
			}
		},
		{
			"from": [3.22074, 6.38478, 1],
			"to": [3.52074, 8.08478, 15],
			"rotation": {"angle": -22.5, "axis": "z", "origin": [4.02074, 6.88478, 8]},
			"faces": {
				"north": {"uv": [8, 5.875, 8.125, 6], "texture": "#0"},
				"east": {"uv": [6.25, 5.875, 8, 6], "texture": "#0"},
				"south": {"uv": [9.875, 5.875, 10, 6], "texture": "#0"},
				"west": {"uv": [8.125, 5.875, 9.875, 6], "texture": "#0"},
				"up": {"uv": [8.125, 5.875, 8, 4.125], "texture": "#0"},
				"down": {"uv": [8.25, 4.125, 8.125, 5.875], "texture": "#0"}
			}
		},
		{
			"from": [12.37926, 6.38478, 1],
			"to": [12.67926, 8.08478, 15],
			"rotation": {"angle": 22.5, "axis": "z", "origin": [11.87926, 6.88478, 8]},
			"faces": {
				"north": {"uv": [6, 3.625, 6.125, 3.75], "texture": "#0"},
				"east": {"uv": [4.25, 3.625, 6, 3.75], "texture": "#0"},
				"south": {"uv": [7.875, 3.625, 8, 3.75], "texture": "#0"},
				"west": {"uv": [6.125, 3.625, 7.875, 3.75], "texture": "#0"},
				"up": {"uv": [6.125, 3.625, 6, 1.875], "texture": "#0"},
				"down": {"uv": [6.25, 1.875, 6.125, 3.625], "texture": "#0"}
			}
		},
		{
			"from": [12.117, 6.56568, 1],
			"to": [12.817, 7.06568, 15],
			"rotation": {"angle": -22.5, "axis": "z", "origin": [11.967, 6.91568, 8]},
			"faces": {
				"north": {"uv": [6, 3.625, 6.125, 3.75], "rotation": 90, "texture": "#0"},
				"east": {"uv": [6.25, 1.875, 6.125, 3.625], "rotation": 270, "texture": "#0"},
				"south": {"uv": [7.875, 3.625, 8, 3.75], "rotation": 270, "texture": "#0"},
				"west": {"uv": [6.125, 3.625, 6, 1.875], "rotation": 270, "texture": "#0"},
				"up": {"uv": [4.25, 3.625, 6, 3.75], "rotation": 270, "texture": "#0"},
				"down": {"uv": [6.125, 3.625, 7.875, 3.75], "rotation": 270, "texture": "#0"}
			}
		},
		{
			"from": [11.42074, 0.18478, 0],
			"to": [12.42074, 2.18478, 16],
			"rotation": {"angle": -22.5, "axis": "z", "origin": [11.92074, 1.18478, 8]},
			"faces": {
				"north": {"uv": [4.25, 8.5, 4.375, 8.75], "texture": "#0"},
				"east": {"uv": [2.25, 8.5, 4.25, 8.75], "texture": "#0"},
				"south": {"uv": [6.375, 8.5, 6.5, 8.75], "texture": "#0"},
				"west": {"uv": [4.375, 8.5, 6.375, 8.75], "texture": "#0"},
				"up": {"uv": [4.375, 8.5, 4.25, 6.5], "texture": "#0"},
				"down": {"uv": [4.5, 6.5, 4.375, 8.5], "texture": "#0"}
			}
		},
		{
			"from": [12.12074, 0.08478, -0.1],
			"to": [12.57074, 0.93478, 16.1],
			"rotation": {"angle": -22.5, "axis": "z", "origin": [11.92074, 1.18478, 8]},
			"faces": {
				"north": {"uv": [6.5, 10.5, 6.625, 10.625], "texture": "#0"},
				"east": {"uv": [4.5, 10.5, 6.5, 10.625], "texture": "#0"},
				"south": {"uv": [8.625, 10.5, 8.75, 10.625], "texture": "#0"},
				"west": {"uv": [6.625, 10.5, 8.625, 10.625], "texture": "#0"},
				"up": {"uv": [6.625, 10.5, 6.5, 8.5], "texture": "#0"},
				"down": {"uv": [6.75, 8.5, 6.625, 10.5], "texture": "#0"}
			}
		},
		{
			"from": [3.71866, -0.08388, -0.1],
			"to": [4.16866, 0.76612, 16.1],
			"rotation": {"angle": 22.5, "axis": "z", "origin": [3.79366, 0.34112, 8]},
			"faces": {
				"north": {"uv": [10.25, 6.125, 10.375, 6.25], "texture": "#0"},
				"east": {"uv": [8.25, 6.125, 10.25, 6.25], "texture": "#0"},
				"south": {"uv": [12.375, 6.125, 12.5, 6.25], "texture": "#0"},
				"west": {"uv": [10.375, 6.125, 12.375, 6.25], "texture": "#0"},
				"up": {"uv": [10.375, 6.125, 10.25, 4.125], "texture": "#0"},
				"down": {"uv": [10.5, 4.125, 10.375, 6.125], "texture": "#0"}
			}
		},
		{
			"from": [3.52074, 0.18478, 0],
			"to": [4.52074, 2.18478, 16],
			"rotation": {"angle": 22.5, "axis": "z", "origin": [4.02074, 1.18478, 8]},
			"faces": {
				"north": {"uv": [8.25, 3.875, 8.375, 4.125], "texture": "#0"},
				"east": {"uv": [6.25, 3.875, 8.25, 4.125], "texture": "#0"},
				"south": {"uv": [10.375, 3.875, 10.5, 4.125], "texture": "#0"},
				"west": {"uv": [8.375, 3.875, 10.375, 4.125], "texture": "#0"},
				"up": {"uv": [8.375, 3.875, 8.25, 1.875], "texture": "#0"},
				"down": {"uv": [8.5, 1.875, 8.375, 3.875], "texture": "#0"}
			}
		},
		{
			"from": [3.42074, 0.88478, 2],
			"to": [4.52074, 2.18478, 3.5],
			"rotation": {"angle": 22.5, "axis": "z", "origin": [4.02074, 1.18478, 8]},
			"faces": {
				"north": {"uv": [1.625, 4, 1.75, 4.125], "texture": "#0"},
				"east": {"uv": [1.5, 4, 1.625, 4.125], "texture": "#0"},
				"south": {"uv": [1.875, 4, 2, 4.125], "texture": "#0"},
				"west": {"uv": [1.75, 4, 1.875, 4.125], "texture": "#0"},
				"up": {"uv": [1.75, 4, 1.625, 3.875], "texture": "#0"},
				"down": {"uv": [1.875, 3.875, 1.75, 4], "texture": "#0"}
			}
		},
		{
			"from": [11.37926, 0.88478, 2],
			"to": [12.47926, 2.18478, 3.5],
			"rotation": {"angle": -22.5, "axis": "z", "origin": [11.87926, 1.18478, 8]},
			"faces": {
				"north": {"uv": [0.625, 4, 0.75, 4.125], "texture": "#0"},
				"east": {"uv": [0.5, 4, 0.625, 4.125], "texture": "#0"},
				"south": {"uv": [0.875, 4, 1, 4.125], "texture": "#0"},
				"west": {"uv": [0.75, 4, 0.875, 4.125], "texture": "#0"},
				"up": {"uv": [0.75, 4, 0.625, 3.875], "texture": "#0"},
				"down": {"uv": [0.875, 3.875, 0.75, 4], "texture": "#0"}
			}
		},
		{
			"from": [3.08373, 1.87905, 2],
			"to": [4.18373, 6.19896, 3.5],
			"rotation": {"angle": 0, "axis": "y", "origin": [3.63373, 2.52905, 8]},
			"faces": {
				"north": {"uv": [0.625, 3.125, 0.75, 3.625], "texture": "#0"},
				"east": {"uv": [0.5, 3.125, 0.625, 3.625], "texture": "#0"},
				"south": {"uv": [0.875, 3.125, 1, 3.625], "texture": "#0"},
				"west": {"uv": [0.75, 3.125, 0.875, 3.625], "texture": "#0"},
				"up": {"uv": [0.75, 3.125, 0.625, 3], "texture": "#0"},
				"down": {"uv": [0.875, 3, 0.75, 3.125], "texture": "#0"}
			}
		},
		{
			"from": [11.71627, 1.87905, 2],
			"to": [12.81627, 6.19896, 3.5],
			"rotation": {"angle": 0, "axis": "y", "origin": [12.26627, 2.52905, 8]},
			"faces": {
				"north": {"uv": [0.125, 0.125, 0.25, 0.625], "texture": "#0"},
				"east": {"uv": [0, 0.125, 0.125, 0.625], "texture": "#0"},
				"south": {"uv": [0.375, 0.125, 0.5, 0.625], "texture": "#0"},
				"west": {"uv": [0.25, 0.125, 0.375, 0.625], "texture": "#0"},
				"up": {"uv": [0.25, 0.125, 0.125, 0], "texture": "#0"},
				"down": {"uv": [0.375, 0, 0.25, 0.125], "texture": "#0"}
			}
		},
		{
			"from": [3.29061, 5.939, 2],
			"to": [4.39061, 7.939, 3.5],
			"rotation": {"angle": -22.5, "axis": "z", "origin": [3.84061, 6.589, 8]},
			"faces": {
				"north": {"uv": [1.125, 3.375, 1.25, 3.625], "texture": "#0"},
				"east": {"uv": [1, 3.375, 1.125, 3.625], "texture": "#0"},
				"south": {"uv": [1.375, 3.375, 1.5, 3.625], "texture": "#0"},
				"west": {"uv": [1.25, 3.375, 1.375, 3.625], "texture": "#0"},
				"up": {"uv": [1.25, 3.375, 1.125, 3.25], "texture": "#0"},
				"down": {"uv": [1.375, 3.25, 1.25, 3.375], "texture": "#0"}
			}
		},
		{
			"from": [11.50939, 5.939, 2],
			"to": [12.60939, 7.939, 3.5],
			"rotation": {"angle": 22.5, "axis": "z", "origin": [12.05939, 6.589, 8]},
			"faces": {
				"north": {"uv": [0.125, 1.125, 0.25, 1.375], "texture": "#0"},
				"east": {"uv": [0, 1.125, 0.125, 1.375], "texture": "#0"},
				"south": {"uv": [0.375, 1.125, 0.5, 1.375], "texture": "#0"},
				"west": {"uv": [0.25, 1.125, 0.375, 1.375], "texture": "#0"},
				"up": {"uv": [0.25, 1.125, 0.125, 1], "texture": "#0"},
				"down": {"uv": [0.375, 1, 0.25, 1.125], "texture": "#0"}
			}
		},
		{
			"from": [2.99061, 6.339, 2],
			"to": [4.39061, 8.139, 3.5],
			"rotation": {"angle": -22.5, "axis": "z", "origin": [3.84061, 6.589, 8]},
			"faces": {
				"north": {"uv": [1.625, 3.75, 1.75, 3.875], "texture": "#0"},
				"east": {"uv": [1.5, 3.75, 1.625, 3.875], "texture": "#0"},
				"south": {"uv": [1.875, 3.75, 2, 3.875], "texture": "#0"},
				"west": {"uv": [1.75, 3.75, 1.875, 3.875], "texture": "#0"},
				"up": {"uv": [1.75, 3.75, 1.625, 3.625], "texture": "#0"},
				"down": {"uv": [1.875, 3.625, 1.75, 3.75], "texture": "#0"}
			}
		},
		{
			"from": [2.99061, 5.339, 2.25],
			"to": [3.14061, 6.389, 3.25],
			"rotation": {"angle": -22.5, "axis": "z", "origin": [3.84061, 6.589, 8]},
			"faces": {
				"north": {"uv": [1.625, 3.75, 1.75, 3.875], "texture": "#0"},
				"east": {"uv": [1.5, 3.75, 1.625, 3.875], "texture": "#0"},
				"south": {"uv": [1.875, 3.75, 2, 3.875], "texture": "#0"},
				"west": {"uv": [1.75, 3.75, 1.875, 3.875], "texture": "#0"},
				"up": {"uv": [1.75, 3.75, 1.625, 3.625], "texture": "#0"},
				"down": {"uv": [1.875, 3.625, 1.75, 3.75], "texture": "#0"}
			}
		},
		{
			"from": [2.99061, 5.339, 12.7],
			"to": [3.14061, 6.389, 13.7],
			"rotation": {"angle": -22.5, "axis": "z", "origin": [3.84061, 6.589, 18.45]},
			"faces": {
				"north": {"uv": [1.625, 3.75, 1.75, 3.875], "texture": "#0"},
				"east": {"uv": [1.5, 3.75, 1.625, 3.875], "texture": "#0"},
				"south": {"uv": [1.875, 3.75, 2, 3.875], "texture": "#0"},
				"west": {"uv": [1.75, 3.75, 1.875, 3.875], "texture": "#0"},
				"up": {"uv": [1.75, 3.75, 1.625, 3.625], "texture": "#0"},
				"down": {"uv": [1.875, 3.625, 1.75, 3.75], "texture": "#0"}
			}
		},
		{
			"from": [2.99061, 6.939, 2.3],
			"to": [3.19061, 7.339, 3.2],
			"rotation": {"angle": -22.5, "axis": "z", "origin": [4.04061, 6.589, 8]},
			"faces": {
				"north": {"uv": [4.5, 4.5, 4.625, 4.625], "texture": "#1"},
				"east": {"uv": [4.375, 4.5, 4.5, 4.625], "texture": "#1"},
				"south": {"uv": [4.75, 4.5, 4.875, 4.625], "texture": "#1"},
				"west": {"uv": [4.625, 4.5, 4.75, 4.625], "texture": "#1"},
				"up": {"uv": [4.625, 4.5, 4.5, 4.375], "texture": "#1"},
				"down": {"uv": [4.75, 4.375, 4.625, 4.5], "texture": "#1"}
			}
		},
		{
			"from": [2.99061, 6.939, 12.75],
			"to": [3.19061, 7.339, 13.65],
			"rotation": {"angle": -22.5, "axis": "z", "origin": [4.04061, 6.589, 18.45]},
			"faces": {
				"north": {"uv": [1.625, 4.25, 1.75, 4.375], "texture": "#1"},
				"east": {"uv": [1.5, 4.25, 1.625, 4.375], "texture": "#1"},
				"south": {"uv": [1.875, 4.25, 2, 4.375], "texture": "#1"},
				"west": {"uv": [1.75, 4.25, 1.875, 4.375], "texture": "#1"},
				"up": {"uv": [1.75, 4.25, 1.625, 4.125], "texture": "#1"},
				"down": {"uv": [1.875, 4.125, 1.75, 4.25], "texture": "#1"}
			}
		},
		{
			"from": [2.89061, 7.139, 12.75],
			"to": [2.99061, 7.339, 13.65],
			"rotation": {"angle": -22.5, "axis": "z", "origin": [4.04061, 6.589, 18.45]},
			"faces": {
				"north": {"uv": [1.125, 4.25, 1.25, 4.375], "texture": "#1"},
				"east": {"uv": [1, 4.25, 1.125, 4.375], "texture": "#1"},
				"south": {"uv": [1.375, 4.25, 1.5, 4.375], "texture": "#1"},
				"west": {"uv": [1.25, 4.25, 1.375, 4.375], "texture": "#1"},
				"up": {"uv": [1.25, 4.25, 1.125, 4.125], "texture": "#1"},
				"down": {"uv": [1.375, 4.125, 1.25, 4.25], "texture": "#1"}
			}
		},
		{
			"from": [2.89061, 7.139, 2.25],
			"to": [2.99061, 7.339, 3.25],
			"rotation": {"angle": -22.5, "axis": "z", "origin": [4.04061, 6.589, 7.95]},
			"faces": {
				"north": {"uv": [4.125, 4.125, 4.25, 4.25], "texture": "#1"},
				"east": {"uv": [4, 4.125, 4.125, 4.25], "texture": "#1"},
				"south": {"uv": [4.375, 4.125, 4.5, 4.25], "texture": "#1"},
				"west": {"uv": [4.25, 4.125, 4.375, 4.25], "texture": "#1"},
				"up": {"uv": [4.25, 4.125, 4.125, 4], "texture": "#1"},
				"down": {"uv": [4.375, 4, 4.25, 4.125], "texture": "#1"}
			}
		},
		{
			"from": [2.79061, 6.439, 2.3],
			"to": [2.99061, 6.639, 3.2],
			"rotation": {"angle": -22.5, "axis": "z", "origin": [3.84061, 6.589, 8]},
			"faces": {
				"north": {"uv": [1.625, 4.5, 1.75, 4.625], "texture": "#1"},
				"east": {"uv": [1.5, 4.5, 1.625, 4.625], "texture": "#1"},
				"south": {"uv": [1.875, 4.5, 2, 4.625], "texture": "#1"},
				"west": {"uv": [1.75, 4.5, 1.875, 4.625], "texture": "#1"},
				"up": {"uv": [1.75, 4.5, 1.625, 4.375], "texture": "#1"},
				"down": {"uv": [1.875, 4.375, 1.75, 4.5], "texture": "#1"}
			}
		},
		{
			"from": [2.79061, 6.439, 12.75],
			"to": [2.99061, 6.639, 13.65],
			"rotation": {"angle": -22.5, "axis": "z", "origin": [3.84061, 6.589, 18.45]},
			"faces": {
				"north": {"uv": [1.625, 4.5, 1.75, 4.625], "texture": "#1"},
				"east": {"uv": [1.5, 4.5, 1.625, 4.625], "texture": "#1"},
				"south": {"uv": [1.875, 4.5, 2, 4.625], "texture": "#1"},
				"west": {"uv": [1.75, 4.5, 1.875, 4.625], "texture": "#1"},
				"up": {"uv": [1.75, 4.5, 1.625, 4.375], "texture": "#1"},
				"down": {"uv": [1.875, 4.375, 1.75, 4.5], "texture": "#1"}
			}
		},
		{
			"from": [2.89061, 5.939, 2.3],
			"to": [3.19061, 6.139, 3.2],
			"rotation": {"angle": -22.5, "axis": "z", "origin": [4.04061, 6.589, 8]},
			"faces": {
				"north": {"uv": [1.125, 4.5, 1.25, 4.625], "texture": "#1"},
				"east": {"uv": [1, 4.5, 1.125, 4.625], "texture": "#1"},
				"south": {"uv": [1.375, 4.5, 1.5, 4.625], "texture": "#1"},
				"west": {"uv": [1.25, 4.5, 1.375, 4.625], "texture": "#1"},
				"up": {"uv": [1.25, 4.5, 1.125, 4.375], "texture": "#1"},
				"down": {"uv": [1.375, 4.375, 1.25, 4.5], "texture": "#1"}
			}
		},
		{
			"from": [2.89061, 5.939, 12.75],
			"to": [3.19061, 6.139, 13.65],
			"rotation": {"angle": -22.5, "axis": "z", "origin": [4.04061, 6.589, 18.45]},
			"faces": {
				"north": {"uv": [0.125, 4.5, 0.25, 4.625], "texture": "#1"},
				"east": {"uv": [0, 4.5, 0.125, 4.625], "texture": "#1"},
				"south": {"uv": [0.375, 4.5, 0.5, 4.625], "texture": "#1"},
				"west": {"uv": [0.25, 4.5, 0.375, 4.625], "texture": "#1"},
				"up": {"uv": [0.25, 4.5, 0.125, 4.375], "texture": "#1"},
				"down": {"uv": [0.375, 4.375, 0.25, 4.5], "texture": "#1"}
			}
		},
		{
			"from": [2.89061, 5.939, 2.2],
			"to": [3.19061, 7.339, 2.3],
			"rotation": {"angle": -22.5, "axis": "z", "origin": [4.04061, 6.589, 8]},
			"faces": {
				"north": {"uv": [0.625, 4.25, 0.75, 4.375], "texture": "#1"},
				"east": {"uv": [0.5, 4.25, 0.625, 4.375], "texture": "#1"},
				"south": {"uv": [0.875, 4.25, 1, 4.375], "texture": "#1"},
				"west": {"uv": [0.75, 4.25, 0.875, 4.375], "texture": "#1"},
				"up": {"uv": [0.75, 4.25, 0.625, 4.125], "texture": "#1"},
				"down": {"uv": [0.875, 4.125, 0.75, 4.25], "texture": "#1"}
			}
		},
		{
			"from": [2.89061, 5.939, 12.65],
			"to": [3.19061, 7.339, 12.75],
			"rotation": {"angle": -22.5, "axis": "z", "origin": [4.04061, 6.589, 18.45]},
			"faces": {
				"north": {"uv": [4.125, 3.125, 4.25, 3.25], "texture": "#1"},
				"east": {"uv": [4, 3.125, 4.125, 3.25], "texture": "#1"},
				"south": {"uv": [4.375, 3.125, 4.5, 3.25], "texture": "#1"},
				"west": {"uv": [4.25, 3.125, 4.375, 3.25], "texture": "#1"},
				"up": {"uv": [4.25, 3.125, 4.125, 3], "texture": "#1"},
				"down": {"uv": [4.375, 3, 4.25, 3.125], "texture": "#1"}
			}
		},
		{
			"from": [2.89061, 5.939, 3.2],
			"to": [3.19061, 7.339, 3.3],
			"rotation": {"angle": -22.5, "axis": "z", "origin": [4.04061, 6.589, 9]},
			"faces": {
				"north": {"uv": [0.125, 4.25, 0.25, 4.375], "texture": "#1"},
				"east": {"uv": [0, 4.25, 0.125, 4.375], "texture": "#1"},
				"south": {"uv": [0.375, 4.25, 0.5, 4.375], "texture": "#1"},
				"west": {"uv": [0.25, 4.25, 0.375, 4.375], "texture": "#1"},
				"up": {"uv": [0.25, 4.25, 0.125, 4.125], "texture": "#1"},
				"down": {"uv": [0.375, 4.125, 0.25, 4.25], "texture": "#1"}
			}
		},
		{
			"from": [2.89061, 5.939, 13.65],
			"to": [3.19061, 7.339, 13.75],
			"rotation": {"angle": -22.5, "axis": "z", "origin": [4.04061, 6.589, 19.45]},
			"faces": {
				"north": {"uv": [4.125, 3.375, 4.25, 3.5], "texture": "#1"},
				"east": {"uv": [4, 3.375, 4.125, 3.5], "texture": "#1"},
				"south": {"uv": [4.375, 3.375, 4.5, 3.5], "texture": "#1"},
				"west": {"uv": [4.25, 3.375, 4.375, 3.5], "texture": "#1"},
				"up": {"uv": [4.25, 3.375, 4.125, 3.25], "texture": "#1"},
				"down": {"uv": [4.375, 3.25, 4.25, 3.375], "texture": "#1"}
			}
		},
		{
			"from": [11.50939, 6.339, 2],
			"to": [12.90939, 8.139, 3.5],
			"rotation": {"angle": 22.5, "axis": "z", "origin": [12.05939, 6.589, 8]},
			"faces": {
				"north": {"uv": [0.125, 3.75, 0.25, 3.875], "texture": "#0"},
				"east": {"uv": [0, 3.75, 0.125, 3.875], "texture": "#0"},
				"south": {"uv": [0.375, 3.75, 0.5, 3.875], "texture": "#0"},
				"west": {"uv": [0.25, 3.75, 0.375, 3.875], "texture": "#0"},
				"up": {"uv": [0.25, 3.75, 0.125, 3.625], "texture": "#0"},
				"down": {"uv": [0.375, 3.625, 0.25, 3.75], "texture": "#0"}
			}
		},
		{
			"from": [4.05077, 8.54693, 2],
			"to": [7.15077, 8.74693, 3.5],
			"rotation": {"angle": 22.5, "axis": "z", "origin": [4.95077, 8.04693, 8]},
			"faces": {
				"north": {"uv": [1.125, 1.75, 1.5, 1.875], "texture": "#0"},
				"east": {"uv": [1, 1.75, 1.125, 1.875], "texture": "#0"},
				"south": {"uv": [1.625, 1.75, 2, 1.875], "texture": "#0"},
				"west": {"uv": [1.5, 1.75, 1.625, 1.875], "texture": "#0"},
				"up": {"uv": [1.5, 1.75, 1.125, 1.625], "texture": "#0"},
				"down": {"uv": [1.875, 1.625, 1.5, 1.75], "texture": "#0"}
			}
		},
		{
			"from": [8.77168, 8.75, 2],
			"to": [11.87168, 8.95, 3.5],
			"rotation": {"angle": -22.5, "axis": "z", "origin": [10.32168, 8.85, 8]},
			"faces": {
				"north": {"uv": [0.875, 1.375, 1.25, 1.5], "texture": "#0"},
				"east": {"uv": [0.75, 1.375, 0.875, 1.5], "texture": "#0"},
				"south": {"uv": [1.375, 1.375, 1.75, 1.5], "texture": "#0"},
				"west": {"uv": [1.25, 1.375, 1.375, 1.5], "texture": "#0"},
				"up": {"uv": [1.25, 1.375, 0.875, 1.25], "texture": "#0"},
				"down": {"uv": [1.625, 1.25, 1.25, 1.375], "texture": "#0"}
			}
		},
		{
			"from": [6.71543, 9.33555, 2],
			"to": [8.92794, 9.53555, 3.5],
			"rotation": {"angle": 0, "axis": "y", "origin": [7.37794, 9.43555, 8]},
			"faces": {
				"north": {"uv": [1.125, 3.125, 1.375, 3.25], "texture": "#0"},
				"east": {"uv": [1, 3.125, 1.125, 3.25], "texture": "#0"},
				"south": {"uv": [1.5, 3.125, 1.75, 3.25], "texture": "#0"},
				"west": {"uv": [1.375, 3.125, 1.5, 3.25], "texture": "#0"},
				"up": {"uv": [1.375, 3.125, 1.125, 3], "texture": "#0"},
				"down": {"uv": [1.625, 3, 1.375, 3.125], "texture": "#0"}
			}
		},
		{
			"from": [7.16543, 9.33555, 4.5],
			"to": [8.47794, 9.53555, 11.5],
			"rotation": {"angle": 0, "axis": "y", "origin": [7.37794, 9.43555, 9.5]},
			"faces": {
				"north": {"uv": [0.875, 0.875, 1, 1], "texture": "#0"},
				"east": {"uv": [0, 0.875, 0.875, 1], "texture": "#0"},
				"south": {"uv": [1.875, 0.875, 2, 1], "texture": "#0"},
				"west": {"uv": [1, 0.875, 1.875, 1], "texture": "#0"},
				"up": {"uv": [1, 0.875, 0.875, 0], "texture": "#0"},
				"down": {"uv": [1.125, 0, 1, 0.875], "texture": "#0"}
			}
		},
		{
			"from": [7.06543, 9.23555, 5.75],
			"to": [8.57794, 9.63555, 10.25],
			"rotation": {"angle": 0, "axis": "y", "origin": [7.37794, 9.43555, 9.5]},
			"faces": {
				"north": {"uv": [0.5, 1.5, 0.625, 1.625], "texture": "#0"},
				"east": {"uv": [0, 1.5, 0.5, 1.625], "texture": "#0"},
				"south": {"uv": [1.125, 1.5, 1.25, 1.625], "texture": "#0"},
				"west": {"uv": [0.625, 1.5, 1.125, 1.625], "texture": "#0"},
				"up": {"uv": [0.625, 1.5, 0.5, 1], "texture": "#0"},
				"down": {"uv": [0.75, 1, 0.625, 1.5], "texture": "#0"}
			}
		},
		{
			"from": [8.06095, 9.33555, 11.28294],
			"to": [8.67346, 9.53555, 12.78294],
			"rotation": {"angle": 22.5, "axis": "y", "origin": [8.3672, 9.43555, 12.03294]},
			"faces": {
				"north": {"uv": [4.125, 0.875, 4.25, 1], "texture": "#0"},
				"east": {"uv": [4, 0.875, 4.125, 1], "texture": "#0"},
				"south": {"uv": [4.375, 0.875, 4.5, 1], "texture": "#0"},
				"west": {"uv": [4.25, 0.875, 4.375, 1], "texture": "#0"},
				"up": {"uv": [4.25, 0.875, 4.125, 0.75], "texture": "#0"},
				"down": {"uv": [4.375, 0.75, 4.25, 0.875], "texture": "#0"}
			}
		},
		{
			"from": [6.86095, 9.33555, 2.88294],
			"to": [7.47346, 9.53555, 4.38294],
			"rotation": {"angle": 22.5, "axis": "y", "origin": [8.2672, 9.43555, 3.63294]},
			"faces": {
				"north": {"uv": [4.125, 0.125, 4.25, 0.25], "texture": "#0"},
				"east": {"uv": [4, 0.125, 4.125, 0.25], "texture": "#0"},
				"south": {"uv": [4.375, 0.125, 4.5, 0.25], "texture": "#0"},
				"west": {"uv": [4.25, 0.125, 4.375, 0.25], "texture": "#0"},
				"up": {"uv": [4.25, 0.125, 4.125, 0], "texture": "#0"},
				"down": {"uv": [4.375, 0, 4.25, 0.125], "texture": "#0"}
			}
		},
		{
			"from": [6.96095, 9.33555, 11.28294],
			"to": [7.57346, 9.53555, 12.78294],
			"rotation": {"angle": -22.5, "axis": "y", "origin": [7.2672, 9.43555, 12.03294]},
			"faces": {
				"north": {"uv": [4.125, 0.625, 4.25, 0.75], "texture": "#0"},
				"east": {"uv": [4, 0.625, 4.125, 0.75], "texture": "#0"},
				"south": {"uv": [4.375, 0.625, 4.5, 0.75], "texture": "#0"},
				"west": {"uv": [4.25, 0.625, 4.375, 0.75], "texture": "#0"},
				"up": {"uv": [4.25, 0.625, 4.125, 0.5], "texture": "#0"},
				"down": {"uv": [4.375, 0.5, 4.25, 0.625], "texture": "#0"}
			}
		},
		{
			"from": [8.06095, 9.33555, 3.28294],
			"to": [8.67346, 9.53555, 4.78294],
			"rotation": {"angle": -22.5, "axis": "y", "origin": [8.3672, 9.43555, 4.03294]},
			"faces": {
				"north": {"uv": [4.125, 0.375, 4.25, 0.5], "texture": "#0"},
				"east": {"uv": [4, 0.375, 4.125, 0.5], "texture": "#0"},
				"south": {"uv": [4.375, 0.375, 4.5, 0.5], "texture": "#0"},
				"west": {"uv": [4.25, 0.375, 4.375, 0.5], "texture": "#0"},
				"up": {"uv": [4.25, 0.375, 4.125, 0.25], "texture": "#0"},
				"down": {"uv": [4.375, 0.25, 4.25, 0.375], "texture": "#0"}
			}
		},
		{
			"from": [3.64847, 7.74672, 2],
			"to": [12.25153, 8.3463, 3.5],
			"rotation": {"angle": 0, "axis": "y", "origin": [11.0509, 8.49672, 8]},
			"faces": {
				"north": {"uv": [4.125, 3.875, 5.125, 4], "texture": "#0"},
				"east": {"uv": [4, 3.875, 4.125, 4], "texture": "#0"},
				"south": {"uv": [5.25, 3.875, 6.25, 4], "texture": "#0"},
				"west": {"uv": [5.125, 3.875, 5.25, 4], "texture": "#0"},
				"up": {"uv": [5.125, 3.875, 4.125, 3.75], "texture": "#0"},
				"down": {"uv": [6.125, 3.75, 5.125, 3.875], "texture": "#0"}
			}
		},
		{
			"from": [3.42074, 0.88478, 12.5],
			"to": [4.52074, 2.18478, 14],
			"rotation": {"angle": 22.5, "axis": "z", "origin": [4.02074, 1.18478, 18.5]},
			"faces": {
				"north": {"uv": [1.125, 4, 1.25, 4.125], "texture": "#0"},
				"east": {"uv": [1, 4, 1.125, 4.125], "texture": "#0"},
				"south": {"uv": [1.375, 4, 1.5, 4.125], "texture": "#0"},
				"west": {"uv": [1.25, 4, 1.375, 4.125], "texture": "#0"},
				"up": {"uv": [1.25, 4, 1.125, 3.875], "texture": "#0"},
				"down": {"uv": [1.375, 3.875, 1.25, 4], "texture": "#0"}
			}
		},
		{
			"from": [11.37926, 0.88478, 12.5],
			"to": [12.47926, 2.18478, 14],
			"rotation": {"angle": -22.5, "axis": "z", "origin": [11.87926, 1.18478, 18.5]},
			"faces": {
				"north": {"uv": [0.125, 4, 0.25, 4.125], "texture": "#0"},
				"east": {"uv": [0, 4, 0.125, 4.125], "texture": "#0"},
				"south": {"uv": [0.375, 4, 0.5, 4.125], "texture": "#0"},
				"west": {"uv": [0.25, 4, 0.375, 4.125], "texture": "#0"},
				"up": {"uv": [0.25, 4, 0.125, 3.875], "texture": "#0"},
				"down": {"uv": [0.375, 3.875, 0.25, 4], "texture": "#0"}
			}
		},
		{
			"from": [3.08373, 1.87905, 12.5],
			"to": [4.18373, 6.19896, 14],
			"rotation": {"angle": 0, "axis": "y", "origin": [3.63373, 2.52905, 8]},
			"faces": {
				"north": {"uv": [0.125, 3.125, 0.25, 3.625], "texture": "#0"},
				"east": {"uv": [0, 3.125, 0.125, 3.625], "texture": "#0"},
				"south": {"uv": [0.375, 3.125, 0.5, 3.625], "texture": "#0"},
				"west": {"uv": [0.25, 3.125, 0.375, 3.625], "texture": "#0"},
				"up": {"uv": [0.25, 3.125, 0.125, 3], "texture": "#0"},
				"down": {"uv": [0.375, 3, 0.25, 3.125], "texture": "#0"}
			}
		},
		{
			"from": [11.71627, 1.87905, 12.5],
			"to": [12.81627, 6.19896, 14],
			"rotation": {"angle": 0, "axis": "y", "origin": [12.26627, 2.52905, 8]},
			"faces": {
				"north": {"uv": [1.25, 0.125, 1.375, 0.625], "texture": "#0"},
				"east": {"uv": [1.125, 0.125, 1.25, 0.625], "texture": "#0"},
				"south": {"uv": [1.5, 0.125, 1.625, 0.625], "texture": "#0"},
				"west": {"uv": [1.375, 0.125, 1.5, 0.625], "texture": "#0"},
				"up": {"uv": [1.375, 0.125, 1.25, 0], "texture": "#0"},
				"down": {"uv": [1.5, 0, 1.375, 0.125], "texture": "#0"}
			}
		},
		{
			"from": [3.29061, 5.939, 12.5],
			"to": [4.39061, 7.939, 14],
			"rotation": {"angle": -22.5, "axis": "z", "origin": [3.84061, 6.589, 8]},
			"faces": {
				"north": {"uv": [1.625, 3.375, 1.75, 3.625], "texture": "#0"},
				"east": {"uv": [1.5, 3.375, 1.625, 3.625], "texture": "#0"},
				"south": {"uv": [1.875, 3.375, 2, 3.625], "texture": "#0"},
				"west": {"uv": [1.75, 3.375, 1.875, 3.625], "texture": "#0"},
				"up": {"uv": [1.75, 3.375, 1.625, 3.25], "texture": "#0"},
				"down": {"uv": [1.875, 3.25, 1.75, 3.375], "texture": "#0"}
			}
		},
		{
			"from": [11.50939, 5.939, 12.5],
			"to": [12.60939, 7.939, 14],
			"rotation": {"angle": 22.5, "axis": "z", "origin": [12.05939, 6.589, 8]},
			"faces": {
				"north": {"uv": [0.5, 0.625, 0.625, 0.875], "texture": "#0"},
				"east": {"uv": [0.375, 0.625, 0.5, 0.875], "texture": "#0"},
				"south": {"uv": [0.75, 0.625, 0.875, 0.875], "texture": "#0"},
				"west": {"uv": [0.625, 0.625, 0.75, 0.875], "texture": "#0"},
				"up": {"uv": [0.625, 0.625, 0.5, 0.5], "texture": "#0"},
				"down": {"uv": [0.75, 0.5, 0.625, 0.625], "texture": "#0"}
			}
		},
		{
			"from": [2.99061, 6.339, 12.5],
			"to": [4.39061, 8.139, 14],
			"rotation": {"angle": -22.5, "axis": "z", "origin": [3.84061, 6.589, 8]},
			"faces": {
				"north": {"uv": [1.125, 3.75, 1.25, 3.875], "texture": "#0"},
				"east": {"uv": [1, 3.75, 1.125, 3.875], "texture": "#0"},
				"south": {"uv": [1.375, 3.75, 1.5, 3.875], "texture": "#0"},
				"west": {"uv": [1.25, 3.75, 1.375, 3.875], "texture": "#0"},
				"up": {"uv": [1.25, 3.75, 1.125, 3.625], "texture": "#0"},
				"down": {"uv": [1.375, 3.625, 1.25, 3.75], "texture": "#0"}
			}
		},
		{
			"from": [11.50939, 6.339, 12.5],
			"to": [12.90939, 8.139, 14],
			"rotation": {"angle": 22.5, "axis": "z", "origin": [12.05939, 6.589, 8]},
			"faces": {
				"north": {"uv": [0.625, 3.75, 0.75, 3.875], "texture": "#0"},
				"east": {"uv": [0.5, 3.75, 0.625, 3.875], "texture": "#0"},
				"south": {"uv": [0.875, 3.75, 1, 3.875], "texture": "#0"},
				"west": {"uv": [0.75, 3.75, 0.875, 3.875], "texture": "#0"},
				"up": {"uv": [0.75, 3.75, 0.625, 3.625], "texture": "#0"},
				"down": {"uv": [0.875, 3.625, 0.75, 3.75], "texture": "#0"}
			}
		},
		{
			"from": [11.49797, 6.47022, 12.5],
			"to": [12.89797, 6.97022, 14],
			"rotation": {"angle": -22.5, "axis": "z", "origin": [12.19797, 6.72022, 13.25]},
			"faces": {
				"north": {"uv": [0.625, 3.75, 0.75, 3.875], "texture": "#0"},
				"east": {"uv": [0.5, 3.75, 0.625, 3.875], "texture": "#0"},
				"south": {"uv": [0.875, 3.75, 1, 3.875], "texture": "#0"},
				"west": {"uv": [0.75, 3.75, 0.875, 3.875], "texture": "#0"},
				"up": {"uv": [0.75, 3.75, 0.625, 3.625], "texture": "#0"},
				"down": {"uv": [0.875, 3.625, 0.75, 3.75], "texture": "#0"}
			}
		},
		{
			"from": [11.49797, 6.47022, 2],
			"to": [12.89797, 6.97022, 3.5],
			"rotation": {"angle": -22.5, "axis": "z", "origin": [12.19797, 6.72022, 2.75]},
			"faces": {
				"north": {"uv": [0.625, 3.75, 0.75, 3.875], "texture": "#0"},
				"east": {"uv": [0.5, 3.75, 0.625, 3.875], "texture": "#0"},
				"south": {"uv": [0.875, 3.75, 1, 3.875], "texture": "#0"},
				"west": {"uv": [0.75, 3.75, 0.875, 3.875], "texture": "#0"},
				"up": {"uv": [0.75, 3.75, 0.625, 3.625], "texture": "#0"},
				"down": {"uv": [0.875, 3.625, 0.75, 3.75], "texture": "#0"}
			}
		},
		{
			"from": [4.05077, 8.54693, 12.5],
			"to": [7.15077, 8.74693, 14],
			"rotation": {"angle": 22.5, "axis": "z", "origin": [4.95077, 8.04693, 8]},
			"faces": {
				"north": {"uv": [0.125, 1.75, 0.5, 1.875], "texture": "#0"},
				"east": {"uv": [0, 1.75, 0.125, 1.875], "texture": "#0"},
				"south": {"uv": [0.625, 1.75, 1, 1.875], "texture": "#0"},
				"west": {"uv": [0.5, 1.75, 0.625, 1.875], "texture": "#0"},
				"up": {"uv": [0.5, 1.75, 0.125, 1.625], "texture": "#0"},
				"down": {"uv": [0.875, 1.625, 0.5, 1.75], "texture": "#0"}
			}
		},
		{
			"from": [8.77168, 8.75, 12.5],
			"to": [11.87168, 8.95, 14],
			"rotation": {"angle": -22.5, "axis": "z", "origin": [10.32168, 8.85, 8]},
			"faces": {
				"north": {"uv": [0.875, 1.125, 1.25, 1.25], "texture": "#0"},
				"east": {"uv": [0.75, 1.125, 0.875, 1.25], "texture": "#0"},
				"south": {"uv": [1.375, 1.125, 1.75, 1.25], "texture": "#0"},
				"west": {"uv": [1.25, 1.125, 1.375, 1.25], "texture": "#0"},
				"up": {"uv": [1.25, 1.125, 0.875, 1], "texture": "#0"},
				"down": {"uv": [1.625, 1, 1.25, 1.125], "texture": "#0"}
			}
		},
		{
			"from": [6.71543, 9.33555, 12.5],
			"to": [8.92794, 9.53555, 14],
			"rotation": {"angle": 0, "axis": "y", "origin": [7.37794, 9.43555, 8]},
			"faces": {
				"north": {"uv": [1.25, 0.75, 1.5, 0.875], "texture": "#0"},
				"east": {"uv": [1.125, 0.75, 1.25, 0.875], "texture": "#0"},
				"south": {"uv": [1.625, 0.75, 1.875, 0.875], "texture": "#0"},
				"west": {"uv": [1.5, 0.75, 1.625, 0.875], "texture": "#0"},
				"up": {"uv": [1.5, 0.75, 1.25, 0.625], "texture": "#0"},
				"down": {"uv": [1.75, 0.625, 1.5, 0.75], "texture": "#0"}
			}
		},
		{
			"from": [3.64847, 7.74672, 12.5],
			"to": [12.25153, 8.3463, 14],
			"rotation": {"angle": 0, "axis": "y", "origin": [11.0509, 8.49672, 8]},
			"faces": {
				"north": {"uv": [4.625, 6.625, 5.625, 6.75], "texture": "#0"},
				"east": {"uv": [4.5, 6.625, 4.625, 6.75], "texture": "#0"},
				"south": {"uv": [5.75, 6.625, 6.75, 6.75], "texture": "#0"},
				"west": {"uv": [5.625, 6.625, 5.75, 6.75], "texture": "#0"},
				"up": {"uv": [5.625, 6.625, 4.625, 6.5], "texture": "#0"},
				"down": {"uv": [6.625, 6.5, 5.625, 6.625], "texture": "#0"}
			}
		},
		{
			"from": [11.76537, 1.91732, 0],
			"to": [12.76537, 6.15224, 16],
			"rotation": {"angle": 0, "axis": "y", "origin": [12.26537, 2.91732, 8]},
			"faces": {
				"north": {"uv": [2, 7.125, 2.125, 7.625], "texture": "#0"},
				"east": {"uv": [0, 7.125, 2, 7.625], "texture": "#0"},
				"south": {"uv": [4.125, 7.125, 4.25, 7.625], "texture": "#0"},
				"west": {"uv": [2.125, 7.125, 4.125, 7.625], "texture": "#0"},
				"up": {"uv": [2.125, 7.125, 2, 5.125], "texture": "#0"},
				"down": {"uv": [2.25, 5.125, 2.125, 7.125], "texture": "#0"}
			}
		},
		{
			"from": [3.16537, 1.91732, 0],
			"to": [4.16537, 6.15224, 16],
			"rotation": {"angle": 0, "axis": "y", "origin": [3.43562, 4.03478, 8]},
			"faces": {
				"north": {"uv": [6, 6, 6.125, 6.5], "texture": "#0"},
				"east": {"uv": [4, 6, 6, 6.5], "texture": "#0"},
				"south": {"uv": [8.125, 6, 8.25, 6.5], "texture": "#0"},
				"west": {"uv": [6.125, 6, 8.125, 6.5], "texture": "#0"},
				"up": {"uv": [6.125, 6, 6, 4], "texture": "#0"},
				"down": {"uv": [6.25, 4, 6.125, 6], "texture": "#0"}
			}
		},
		{
			"from": [3.94149, 0, 0],
			"to": [12, 8, 16],
			"rotation": {"angle": 0, "axis": "y", "origin": [17, 8, 8]},
			"faces": {
				"north": {"uv": [2, 2, 3, 3], "texture": "#0"},
				"east": {"uv": [0, 2, 2, 3], "texture": "#0"},
				"south": {"uv": [5, 2, 6, 3], "texture": "#0"},
				"west": {"uv": [3, 2, 5, 3], "texture": "#0"},
				"up": {"uv": [3, 2, 2, 0], "texture": "#0"},
				"down": {"uv": [4, 0, 3, 2], "texture": "#0"}
			}
		},
		{
			"from": [3.24149, 4, -0.002],
			"to": [12.7, 6, -0.002],
			"rotation": {"angle": 0, "axis": "y", "origin": [17, 8, 8]},
			"faces": {
				"north": {"uv": [2.375, 5.625, 3.5, 5.875], "texture": "#0"},
				"east": {"uv": [2.25, 5.625, 2.375, 5.875], "texture": "#0"},
				"south": {"uv": [3.625, 5.625, 4.75, 5.875], "texture": "#0"},
				"west": {"uv": [3.5, 5.625, 3.625, 5.875], "texture": "#0"},
				"up": {"uv": [3.5, 5.625, 2.375, 5.5], "texture": "#0"},
				"down": {"uv": [4.625, 5.5, 3.5, 5.625], "texture": "#0"}
			}
		},
		{
			"from": [3.24149, 4, 16.001],
			"to": [12.7, 6, 16.001],
			"rotation": {"angle": 0, "axis": "y", "origin": [17, 8, 24]},
			"faces": {
				"north": {"uv": [2.375, 5.25, 3.5, 5.5], "texture": "#0"},
				"east": {"uv": [2.25, 5.25, 2.375, 5.5], "texture": "#0"},
				"south": {"uv": [3.625, 5.25, 4.75, 5.5], "texture": "#0"},
				"west": {"uv": [3.5, 5.25, 3.625, 5.5], "texture": "#0"},
				"up": {"uv": [3.5, 5.25, 2.375, 5.125], "texture": "#0"},
				"down": {"uv": [4.625, 5.125, 3.5, 5.25], "texture": "#0"}
			}
		},
		{
			"from": [3.74086, 8, 1],
			"to": [12.16746, 8.29958, 15],
			"rotation": {"angle": 0, "axis": "y", "origin": [17, 8, 8]},
			"faces": {
				"north": {"uv": [5.75, 1.75, 6.75, 1.875], "texture": "#0"},
				"east": {"uv": [4, 1.75, 5.75, 1.875], "texture": "#0"},
				"south": {"uv": [8.5, 1.75, 9.5, 1.875], "texture": "#0"},
				"west": {"uv": [6.75, 1.75, 8.5, 1.875], "texture": "#0"},
				"up": {"uv": [6.75, 1.75, 5.75, 0], "texture": "#0"},
				"down": {"uv": [7.75, 0, 6.75, 1.75], "texture": "#0"}
			}
		},
		{
			"from": [3.97748, -0.02273, -0.1],
			"to": [12.00985, 0.87727, 16.1],
			"rotation": {"angle": 0, "axis": "y", "origin": [17.00985, 7.97727, 8]},
			"faces": {
				"north": {"uv": [2, 5, 3, 5.125], "texture": "#0"},
				"east": {"uv": [0, 5, 2, 5.125], "texture": "#0"},
				"south": {"uv": [5, 5, 6, 5.125], "texture": "#0"},
				"west": {"uv": [3, 5, 5, 5.125], "texture": "#0"},
				"up": {"uv": [3, 5, 2, 3], "texture": "#0"},
				"down": {"uv": [4, 3, 3, 5], "texture": "#0"}
			}
		}
	],
	"display": {
		"thirdperson_righthand": {
			"rotation": [76, 15.5, 0],
			"translation": [0, -2.5, -1],
			"scale": [-0.75, 0.75, -0.75]
		},
		"thirdperson_lefthand": {
			"rotation": [76, 15.5, 0],
			"translation": [0, -2.5, -1],
			"scale": [0.75, 0.75, 0.75]
		},
		"firstperson_righthand": {
			"rotation": [8.25, 0, 0],
			"translation": [5.75, 0.25, 0.5]
		},
		"firstperson_lefthand": {
			"rotation": [8.25, 0, 0],
			"translation": [5.75, 0.25, 0.5],
			"scale": [-1, 1, -1]
		},
		"ground": {
			"scale": [0.44727, 0.44727, 0.44727]
		},
		"gui": {
			"rotation": [25, 45, 0],
			"translation": [0, 2, 0],
			"scale": [0.74219, 0.74219, 0.74219]
		},
		"fixed": {
			"rotation": [0, -90, 0],
			"translation": [0, 3, 0]
		}
	}
}