{
	"parent": "item/handheld_rod",
	"textures": {
		"layer0": "items/carrot_on_a_stick"
	},
	"overrides": [
		{ "predicate": { "damage": 0 }, "model": "item/carrot_on_a_stick" },
		{ "predicate": { "damaged": 0, "damage": 0.038461538461538 }, "model": "custom/items/relic_koffer" },
		{ "predicate": { "damaged": 0, "damage": 0.076923076923077 }, "model": "custom/items/handtaspurple" },
		{ "predicate": { "damaged": 0, "damage": 0.115384615384615 }, "model": "custom/items/handtasgoud" },
		{ "predicate": { "damaged": 0, "damage": 0.153846153846154 }, "model": "item/carrot_on_a_stick4" },
		{ "predicate": { "damaged": 0, "damage": 0.192307692307692 }, "model": "item/carrot_on_a_stick5" },
		{ "predicate": { "damaged": 0, "damage": 0.230769230769231 }, "model": "item/carrot_on_a_stick6" },
		{ "predicate": { "damaged": 0, "damage": 0.269230769230769 }, "model": "item/carrot_on_a_stick7" },
		{ "predicate": { "damaged": 0, "damage": 0.307692307692308 }, "model": "item/carrot_on_a_stick8" },
		{ "predicate": { "damaged": 0, "damage": 0.346153846153846 }, "model": "custom/items/relic_koffer" },
		{ "predicate": { "damaged": 0, "damage": 0.384615384615385 }, "model": "custom/items/reiskluis_matrix" },
		{ "predicate": { "damaged": 0, "damage": 0.423076923076923 }, "model": "custom/items/rugzak" },
		{ "predicate": { "damaged": 0, "damage": 0.461538461538462 }, "model": "custom/items/reiskoffermini" },
		{ "predicate": { "damaged": 0, "damage": 0.5 }, "model": "custom/items/reiskoffer" },
		{ "predicate": { "damaged": 0, "damage": 0.538461538461539 }, "model": "custom/items/handtasemerald" },
		{ "predicate": { "damaged": 0, "damage": 0.576923076923077 }, "model": "custom/items/handtasdiamond" },
		{ "predicate": { "damaged": 0, "damage": 0.615384615384615 }, "model": "custom/items/handtas" },
		{ "predicate": { "damaged": 0, "damage": 0.653846153846154 }, "model": "custom/items/kerstkoffer" },
		{ "predicate": { "damaged": 0, "damage": 0.692307692307692 }, "model": "custom/items/6yrkoffer" },
		{ "predicate": { "damaged": 0, "damage": 0.730769230769231 }, "model": "custom/items/nektasje" },
		{ "predicate": { "damaged": 0, "damage": 0.769230769230769 }, "model": "custom/items/rotjochbag" },
		{ "predicate": { "damaged": 0, "damage": 0.807692307692308 }, "model": "custom/items/ddgback" },
		{ "predicate": { "damaged": 0, "damage": 0.846153846153846 }, "model": "custom/items/minetopiabag" },
		{ "predicate": { "damaged": 0, "damage": 0.884615384615385 }, "model": "custom/items/egsbag" },
		{ "predicate": { "damaged": 0, "damage": 0.923076923076923 }, "model": "custom/items/duffybag" },
		{ "predicate": { "damaged": 0, "damage": 0.961538461538462 }, "model": "custom/items/koffer" },
		{ "predicate": { "damaged": 1 }, "model": "item/carrot_on_a_stick" }
	]
}