{
	"credit": "Made with Blockbench",
	"texture_size": [64, 64],
	"textures": {
		"0": "block/aa28"
	},
	"elements": [
		{
			"from": [-5.58333, 4.91667, 7],
			"to": [0.41667, 6.91667, 9],
			"rotation": {"angle": 0, "axis": "y", "origin": [0.41667, 4.91667, 3]},
			"faces": {
				"north": {"uv": [0.75, 3.5, 2.25, 4], "texture": "#0"},
				"east": {"uv": [0.25, 3.5, 0.75, 4], "texture": "#0"},
				"south": {"uv": [2.75, 3.5, 4.25, 4], "texture": "#0"},
				"west": {"uv": [2.25, 3.5, 2.75, 4], "texture": "#0"},
				"up": {"uv": [2.25, 3.5, 0.75, 3], "texture": "#0"},
				"down": {"uv": [3.75, 3, 2.25, 3.5], "texture": "#0"}
			}
		},
		{
			"from": [0.41667, 5.41667, 7.5],
			"to": [19.41667, 6.41667, 8.5],
			"rotation": {"angle": 0, "axis": "y", "origin": [0.41667, 4.91667, 3]},
			"faces": {
				"north": {"uv": [0.5, 0.5, 5.25, 0.75], "texture": "#0"},
				"east": {"uv": [0.25, 0.5, 0.5, 0.75], "texture": "#0"},
				"south": {"uv": [5.5, 0.5, 10.25, 0.75], "texture": "#0"},
				"west": {"uv": [5.25, 0.5, 5.5, 0.75], "texture": "#0"},
				"up": {"uv": [5.25, 0.5, 0.5, 0.25], "texture": "#0"},
				"down": {"uv": [10, 0.25, 5.25, 0.5], "texture": "#0"}
			}
		},
		{
			"from": [2.41667, 4.91667, 8],
			"to": [19.41667, 5.91667, 8],
			"rotation": {"angle": 0, "axis": "y", "origin": [0.41667, 4.91667, 3]},
			"faces": {
				"north": {"uv": [0.25, 1.25, 4.5, 1.5], "texture": "#0"},
				"east": {"uv": [0.25, 1.25, 0.25, 1.5], "texture": "#0"},
				"south": {"uv": [4.5, 1.25, 8.75, 1.5], "texture": "#0"},
				"west": {"uv": [4.5, 1.25, 4.5, 1.5], "texture": "#0"},
				"up": {"uv": [4.5, 1.25, 0.25, 1.25], "texture": "#0"},
				"down": {"uv": [8.75, 1.25, 4.5, 1.25], "texture": "#0"}
			}
		},
		{
			"from": [1.41667, 6.41667, 7.5],
			"to": [2.41667, 12.41667, 8.5],
			"rotation": {"angle": 0, "axis": "y", "origin": [0.41667, 4.91667, 3]},
			"faces": {
				"north": {"uv": [0.5, 4.75, 0.75, 6.25], "texture": "#0"},
				"east": {"uv": [0.25, 4.75, 0.5, 6.25], "texture": "#0"},
				"south": {"uv": [1, 4.75, 1.25, 6.25], "texture": "#0"},
				"west": {"uv": [0.75, 4.75, 1, 6.25], "texture": "#0"},
				"up": {"uv": [0.75, 4.75, 0.5, 4.5], "texture": "#0"},
				"down": {"uv": [1, 4.5, 0.75, 4.75], "texture": "#0"}
			}
		},
		{
			"from": [2.41667, 11.41667, 7.5],
			"to": [17.41667, 12.41667, 8.5],
			"rotation": {"angle": 0, "axis": "y", "origin": [0.41667, 4.91667, 3]},
			"faces": {
				"north": {"uv": [0.5, 2.25, 4.25, 2.5], "texture": "#0"},
				"east": {"uv": [0.25, 2.25, 0.5, 2.5], "texture": "#0"},
				"south": {"uv": [4.5, 2.25, 8.25, 2.5], "texture": "#0"},
				"west": {"uv": [4.25, 2.25, 4.5, 2.5], "texture": "#0"},
				"up": {"uv": [4.25, 2.25, 0.5, 2], "texture": "#0"},
				"down": {"uv": [8, 2, 4.25, 2.25], "texture": "#0"}
			}
		},
		{
			"from": [17.41667, 6.41667, 7.5],
			"to": [18.41667, 12.41667, 8.5],
			"rotation": {"angle": 0, "axis": "y", "origin": [0.41667, 4.91667, 3]},
			"faces": {
				"north": {"uv": [1.75, 4.75, 2, 6.25], "texture": "#0"},
				"east": {"uv": [1.5, 4.75, 1.75, 6.25], "texture": "#0"},
				"south": {"uv": [2.25, 4.75, 2.5, 6.25], "texture": "#0"},
				"west": {"uv": [2, 4.75, 2.25, 6.25], "texture": "#0"},
				"up": {"uv": [2, 4.75, 1.75, 4.5], "texture": "#0"},
				"down": {"uv": [2.25, 4.5, 2, 4.75], "texture": "#0"}
			}
		}
	],
	"display": {
		"thirdperson_righthand": {
			"rotation": [0, 90, 90],
			"translation": [0, 5, 1.5],
			"scale": [0.5, 0.5, 0.5]
		},
		"thirdperson_lefthand": {
			"rotation": [0, -90, -90],
			"translation": [0, 5, 1.5],
			"scale": [0.5, 0.5, 0.5]
		},
		"firstperson_righthand": {
			"rotation": [0, 125, 90],
			"translation": [2, 4.75, 0],
			"scale": [0.55, 0.55, 0.55]
		},
		"firstperson_lefthand": {
			"rotation": [0, -60, -90],
			"translation": [2, 4.75, 0],
			"scale": [0.55, 0.55, 0.55]
		},
		"ground": {
			"translation": [0, 2, 0],
			"scale": [0.5, 0.5, 0.5]
		},
		"gui": {
			"rotation": [30, 225, 0],
			"translation": [-0.5, -0.75, 0],
			"scale": [0.75, 0.75, 0.75]
		},
		"head": {
			"translation": [-1.75, 5.5, 0]
		},
		"fixed": {
			"translation": [-2, 0, -0.5],
			"scale": [1.5, 1.5, 1.5]
		}
	}
}