{
	"parent": "item/handheld",
	"textures": {
		"layer0": "item/diamond_hoe"
	},
	"overrides": [
		{ "predicate": { "damage": 0 }, "model": "item/diamond_hoe" },
		{ "predicate": { "damaged": 0, "damage": 0.000640204865557 }, "model": "custom/items/dusdavidpoppetje_lootcrate" },
		{ "predicate": { "damaged": 0, "damage": 0.001280409731114 }, "model": "custom/empty_space" },
		{ "predicate": { "damaged": 0, "damage": 0.001920614596671 }, "model": "custom/items/myreleiospoppetje" },
		{ "predicate": { "damaged": 0, "damage": 0.002560819462228 }, "model": "custom/items/myreclypsapoppetje" },
		{ "predicate": { "damaged": 0, "damage": 0.003201024327785 }, "model": "custom/empty_space" },
		{ "predicate": { "damaged": 0, "damage": 0.003841229193342 }, "model": "custom/items/ballon_rood" },
		{ "predicate": { "damaged": 0, "damage": 0.004481434058899 }, "model": "custom/items/ballon_geel" },
		{ "predicate": { "damaged": 0, "damage": 0.005121638924456 }, "model": "custom/items/ballon_groen" },
		{ "predicate": { "damaged": 0, "damage": 0.005761843790013 }, "model": "custom/items/ballon_blauw" },
		{ "predicate": { "damaged": 0, "damage": 0.00640204865557 }, "model": "custom/items/ballon_oranje" },
		{ "predicate": { "damaged": 0, "damage": 0.007042253521127 }, "model": "custom/items/ballon_roze" },
		{ "predicate": { "damaged": 0, "damage": 0.007682458386684 }, "model": "custom/items/dinopoppetje" },
		{ "predicate": { "damaged": 0, "damage": 0.008322663252241 }, "model": "custom/empty_space" },
		{ "predicate": { "damaged": 0, "damage": 0.008962868117798 }, "model": "custom/items/thewizpoppetje" },
		{ "predicate": { "damaged": 0, "damage": 0.009603072983355 }, "model": "custom/empty_space" },
		{ "predicate": { "damaged": 0, "damage": 0.010243277848912 }, "model": "custom/empty_space" },
		{ "predicate": { "damaged": 0, "damage": 0.010883482714469 }, "model": "custom/items/microfoon" },
		{ "predicate": { "damaged": 0, "damage": 0.011523687580026 }, "model": "custom/items/filmcamera" },
		{ "predicate": { "damaged": 0, "damage": 0.012163892445583 }, "model": "custom/items/gitaar" },
		{ "predicate": { "damaged": 0, "damage": 0.01280409731114 }, "model": "custom/items/ddgzwaard" },
		{ "predicate": { "damaged": 0, "damage": 0.013444302176697 }, "model": "custom/items/duffygameszwaard" },
		{ "predicate": { "damaged": 0, "damage": 0.014084507042254 }, "model": "custom/items/rotjochzwaard" },
		{ "predicate": { "damaged": 0, "damage": 0.01472471190781 }, "model": "custom/items/egszwaard" },
		{ "predicate": { "damaged": 0, "damage": 0.015364916773367 }, "model": "custom/items/teddybeer" },
		{ "predicate": { "damaged": 0, "damage": 0.016005121638924 }, "model": "custom/empty_space" },
		{ "predicate": { "damaged": 0, "damage": 0.017925736235595 }, "model": "custom/items/horloge" },
		{ "predicate": { "damaged": 0, "damage": 0.018565941101152 }, "model": "custom/items/minionpoppetje" },
		{ "predicate": { "damaged": 0, "damage": 0.019206145966709 }, "model": "custom/items/giantskeletonpoppetje" },
		{ "predicate": { "damaged": 0, "damage": 0.019846350832266 }, "model": "custom/empty_space" },
		{ "predicate": { "damaged": 0, "damage": 0.021766965428937 }, "model": "custom/empty_space" },
		{ "predicate": { "damaged": 0, "damage": 0.022407170294494 }, "model": "custom/empty_space" },
		{ "predicate": { "damaged": 0, "damage": 0.023047375160051 }, "model": "custom/items/danny026poppetje" },
		{ "predicate": { "damaged": 0, "damage": 0.024967989756722 }, "model": "custom/items/ijsbeerpoppetje" },
		{ "predicate": { "damaged": 0, "damage": 0.025608194622279 }, "model": "custom/items/wandeltak" },
		{ "predicate": { "damaged": 0, "damage": 0.026888604353393 }, "model": "custom/items/pinguinpoppetje" },
		{ "predicate": { "damaged": 0, "damage": 0.02752880921895 }, "model": "custom/items/lantaarnclean" },
		{ "predicate": { "damaged": 0, "damage": 0.028169014084507 }, "model": "custom/empty_space" },
		{ "predicate": { "damaged": 0, "damage": 0.028809218950064 }, "model": "custom/empty_space" },
		{ "predicate": { "damaged": 0, "damage": 0.029449423815621 }, "model": "custom/empty_space" },
		{ "predicate": { "damaged": 0, "damage": 0.030089628681178 }, "model": "custom/empty_space" },
		{ "predicate": { "damaged": 0, "damage": 0.030729833546735 }, "model": "custom/items/haaipoppetje" },
		{ "predicate": { "damaged": 0, "damage": 0.031370038412292 }, "model": "custom/items/rendierpoppetje" },
		{ "predicate": { "damaged": 0, "damage": 0.032010243277849 }, "model": "custom/items/kerstmanpoppetje" },
		{ "predicate": { "damaged": 0, "damage": 0.032650448143406 }, "model": "custom/items/sleutel" },
		{ "predicate": { "damaged": 0, "damage": 0.03393085787452 }, "model": "custom/empty_space" },
		{ "predicate": { "damaged": 0, "damage": 0.035211267605634 }, "model": "custom/empty_space" },
		{ "predicate": { "damaged": 0, "damage": 0.035851472471191 }, "model": "custom/empty_space" },
		{ "predicate": { "damaged": 0, "damage": 0.036491677336748 }, "model": "custom/empty_space" },
		{ "predicate": { "damaged": 0, "damage": 0.037131882202305 }, "model": "custom/items/jerrycan_full" },
		{ "predicate": { "damaged": 0, "damage": 0.037772087067862 }, "model": "custom/items/jerrycan_empty" },
		{ "predicate": { "damaged": 0, "damage": 0.038412291933419 }, "model": "custom/items/easterbunnypoppetje" },
		{ "predicate": { "damaged": 0, "damage": 0.039052496798976 }, "model": "custom/items/pepperspray" },
		{ "predicate": { "damaged": 0, "damage": 0.039692701664533 }, "model": "custom/items/sporthorloge" },
		{ "predicate": { "damaged": 0, "damage": 0.04033290653009 }, "model": "custom/items/paraplu_roodwit" },
		{ "predicate": { "damaged": 0, "damage": 0.040973111395647 }, "model": "custom/items/paraplu_rainbow" },
		{ "predicate": { "damaged": 0, "damage": 0.041613316261204 }, "model": "custom/items/paraplu_blauwwit" },
		{ "predicate": { "damaged": 0, "damage": 0.042253521126761 }, "model": "custom/items/tijgerpoppetje" },
		{ "predicate": { "damaged": 0, "damage": 0.042893725992318 }, "model": "custom/items/walkietalkie" },
		{ "predicate": { "damaged": 0, "damage": 0.044174135723432 }, "model": "custom/items/olifantpoppetje" },
		{ "predicate": { "damaged": 0, "damage": 0.044814340588988 }, "model": "custom/items/cowpoppetje" },
		{ "predicate": { "damaged": 0, "damage": 0.045454545454545 }, "model": "custom/items/duckpoppetje" },
		{ "predicate": { "damaged": 0, "damage": 0.046094750320102 }, "model": "custom/items/gopro" },
		{ "predicate": { "damaged": 0, "damage": 0.046734955185659 }, "model": "custom/items/diamondbluesmall" },
		{ "predicate": { "damaged": 0, "damage": 0.047375160051216 }, "model": "custom/items/diamondbluebig" },
		{ "predicate": { "damaged": 0, "damage": 0.048015364916773 }, "model": "custom/items/diamondpinksmall" },
		{ "predicate": { "damaged": 0, "damage": 0.04865556978233 }, "model": "custom/items/diamondpinkbig" },
		{ "predicate": { "damaged": 0, "damage": 0.049295774647887 }, "model": "custom/items/silverstaafsmall" },
		{ "predicate": { "damaged": 0, "damage": 0.049935979513444 }, "model": "custom/items/silverstaafbig" },
		{ "predicate": { "damaged": 0, "damage": 0.050576184379001 }, "model": "custom/items/flamingopoppetje" },
		{ "predicate": { "damaged": 0, "damage": 0.051216389244558 }, "model": "custom/items/leeuwpoppetje" },
		{ "predicate": { "damaged": 0, "damage": 0.052496798975672 }, "model": "custom/items/shannyriapoppetje" },
		{ "predicate": { "damaged": 0, "damage": 0.053137003841229 }, "model": "custom/empty_space" },
		{ "predicate": { "damaged": 0, "damage": 0.053777208706786 }, "model": "custom/empty_space" },
		{ "predicate": { "damaged": 0, "damage": 0.054417413572343 }, "model": "custom/empty_space" },
		{ "predicate": { "damaged": 0, "damage": 0.0550576184379 }, "model": "custom/items/schaappoppetje" },
		{ "predicate": { "damaged": 0, "damage": 0.055697823303457 }, "model": "custom/empty_space" },
		{ "predicate": { "damaged": 0, "damage": 0.056338028169014 }, "model": "custom/items/boombox" },
		{ "predicate": { "damaged": 0, "damage": 0.057618437900128 }, "model": "custom/items/rijbewijs" },
		{ "predicate": { "damaged": 0, "damage": 0.062740076824584 }, "model": "custom/empty_space" },
		{ "predicate": { "damaged": 0, "damage": 0.063380281690141 }, "model": "custom/items/goudenhorloge" },
		{ "predicate": { "damaged": 0, "damage": 0.064020486555698 }, "model": "custom/items/zebrapoppetje" },
		{ "predicate": { "damaged": 0, "damage": 0.065300896286812 }, "model": "custom/empty_space" },
		{ "predicate": { "damaged": 0, "damage": 0.065941101152369 }, "model": "custom/empty_space" },
		{ "predicate": { "damaged": 0, "damage": 0.066581306017926 }, "model": "custom/empty_space" },
		{ "predicate": { "damaged": 0, "damage": 0.067221510883483 }, "model": "custom/empty_space" },
		{ "predicate": { "damaged": 0, "damage": 0.06786171574904 }, "model": "custom/items/pompoenlantaarn" },
		{ "predicate": { "damaged": 0, "damage": 0.068501920614597 }, "model": "custom/items/ring" },
		{ "predicate": { "damaged": 0, "damage": 0.069142125480154 }, "model": "custom/items/fabriceei" },
		{ "predicate": { "damaged": 0, "damage": 0.071062740076825 }, "model": "custom/items/davidoscar" },
		{ "predicate": { "damaged": 0, "damage": 0.071702944942382 }, "model": "custom/items/pikachupoppetje" },
		{ "predicate": { "damaged": 0, "damage": 0.072343149807939 }, "model": "custom/empty_space" },
		{ "predicate": { "damaged": 0, "damage": 0.072983354673496 }, "model": "custom/empty_space" },
		{ "predicate": { "damaged": 0, "damage": 0.074263764404609 }, "model": "custom/empty_space" },
		{ "predicate": { "damaged": 0, "damage": 0.077464788732394 }, "model": "custom/empty_space" },
		{ "predicate": { "damaged": 0, "damage": 0.320742637644046 }, "model": "custom/items/trafficsign1" },
		{ "predicate": { "damaged": 0, "damage": 0.321382842509603 }, "model": "custom/items/trafficsign2" },
		{ "predicate": { "damaged": 0, "damage": 0.32202304737516 }, "model": "custom/items/trafficsign3" },
		{ "predicate": { "damaged": 0, "damage": 0.322663252240717 }, "model": "custom/items/trafficsign4" },
		{ "predicate": { "damaged": 0, "damage": 0.323303457106274 }, "model": "custom/items/trafficsign5" },
		{ "predicate": { "damaged": 0, "damage": 0.323943661971831 }, "model": "custom/items/trafficsign6" },
		{ "predicate": { "damaged": 0, "damage": 0.324583866837388 }, "model": "custom/items/trafficsign7" },
		{ "predicate": { "damaged": 0, "damage": 0.325224071702945 }, "model": "custom/items/trafficsign8" },
		{ "predicate": { "damaged": 0, "damage": 0.449423815620999 }, "model": "custom/items/temp/krans" },
		{ "predicate": { "damaged": 0, "damage": 0.450064020486556 }, "model": "custom/items/temp/mistletoe" },
		{ "predicate": { "damaged": 0, "damage": 0.576824583866837 }, "model": "custom/items/pas_blauw" },
		{ "predicate": { "damaged": 0, "damage": 0.577464788732394 }, "model": "custom/items/pas_geel" },
		{ "predicate": { "damaged": 0, "damage": 0.578104993597951 }, "model": "custom/items/pas_goud" },
		{ "predicate": { "damaged": 0, "damage": 0.578745198463508 }, "model": "custom/items/pas_lichtblauw" },
		{ "predicate": { "damaged": 0, "damage": 0.579385403329065 }, "model": "custom/items/pas_lichtblauw1" },
		{ "predicate": { "damaged": 0, "damage": 0.580025608194622 }, "model": "custom/items/pas_rood" },
		{ "predicate": { "damaged": 0, "damage": 0.63764404609475 }, "model": "custom/items/zeis" },
		{ "predicate": { "damaged": 0, "damage": 0.638924455825864 }, "model": "custom/items/goudstaafgroot" },
		{ "predicate": { "damaged": 0, "damage": 0.639564660691421 }, "model": "custom/items/vendingbag" },
		{ "predicate": { "damaged": 0, "damage": 0.640204865556978 }, "model": "custom/items/goldcoin" },
		{ "predicate": { "damaged": 0, "damage": 0.771446862996159 }, "model": "custom/items/sneeuwpoppetje" },
		{ "predicate": { "damaged": 0, "damage": 0.772087067861716 }, "model": "custom/items/wandelstok_clean" },
		{ "predicate": { "damaged": 1 }, "model": "item/diamond_hoe" }
	]
}
