{
	"credit": "Made with Blockbench",
	"textures": {
		"particle": "block/asfalt_side",
		"mesh_palette": "block/asfalt_side"
	},
	"elements": [
		{
			"name": "Voxels-626262",
			"from": [6, -3, 7],
			"to": [6.5, -2, 7.5],
			"faces": {
				"north": {"uv": [4.96, 0.96, 7.04, 3.04], "texture": "#mesh_palette"},
				"east": {"uv": [4.96, 0.96, 7.04, 3.04], "texture": "#mesh_palette"},
				"south": {"uv": [4.96, 0.96, 7.04, 3.04], "texture": "#mesh_palette"},
				"west": {"uv": [4.96, 0.96, 7.04, 3.04], "texture": "#mesh_palette"},
				"up": {"uv": [4.96, 0.96, 7.04, 3.04], "texture": "#mesh_palette"},
				"down": {"uv": [4.96, 0.96, 7.04, 3.04], "texture": "#mesh_palette"}
			}
		},
		{
			"name": "Voxels-626262",
			"from": [6, -3, 8.5],
			"to": [6.5, -2, 9],
			"faces": {
				"north": {"uv": [4.96, 0.96, 7.04, 3.04], "texture": "#mesh_palette"},
				"east": {"uv": [4.96, 0.96, 7.04, 3.04], "texture": "#mesh_palette"},
				"south": {"uv": [4.96, 0.96, 7.04, 3.04], "texture": "#mesh_palette"},
				"west": {"uv": [4.96, 0.96, 7.04, 3.04], "texture": "#mesh_palette"},
				"up": {"uv": [4.96, 0.96, 7.04, 3.04], "texture": "#mesh_palette"},
				"down": {"uv": [4.96, 0.96, 7.04, 3.04], "texture": "#mesh_palette"}
			}
		},
		{
			"name": "Voxels-626262",
			"from": [6.5, -2.5, 7],
			"to": [7, -1, 7.5],
			"faces": {
				"north": {"uv": [4.96, 0.96, 7.04, 3.04], "texture": "#mesh_palette"},
				"east": {"uv": [4.96, 0.96, 7.04, 3.04], "texture": "#mesh_palette"},
				"south": {"uv": [4.96, 0.96, 7.04, 3.04], "texture": "#mesh_palette"},
				"west": {"uv": [4.96, 0.96, 7.04, 3.04], "texture": "#mesh_palette"},
				"up": {"uv": [4.96, 0.96, 7.04, 3.04], "texture": "#mesh_palette"},
				"down": {"uv": [4.96, 0.96, 7.04, 3.04], "texture": "#mesh_palette"}
			}
		},
		{
			"name": "Voxels-626262",
			"from": [6.5, -2.5, 8.5],
			"to": [7, -1, 9],
			"faces": {
				"north": {"uv": [4.96, 0.96, 7.04, 3.04], "texture": "#mesh_palette"},
				"east": {"uv": [4.96, 0.96, 7.04, 3.04], "texture": "#mesh_palette"},
				"south": {"uv": [4.96, 0.96, 7.04, 3.04], "texture": "#mesh_palette"},
				"west": {"uv": [4.96, 0.96, 7.04, 3.04], "texture": "#mesh_palette"},
				"up": {"uv": [4.96, 0.96, 7.04, 3.04], "texture": "#mesh_palette"},
				"down": {"uv": [4.96, 0.96, 7.04, 3.04], "texture": "#mesh_palette"}
			}
		},
		{
			"name": "Voxels-626262",
			"from": [6.5, -1.5, 7.5],
			"to": [8, -0.5, 8.5],
			"faces": {
				"north": {"uv": [4.96, 0.96, 7.04, 3.04], "texture": "#mesh_palette"},
				"east": {"uv": [4.96, 0.96, 7.04, 3.04], "texture": "#mesh_palette"},
				"south": {"uv": [4.96, 0.96, 7.04, 3.04], "texture": "#mesh_palette"},
				"west": {"uv": [4.96, 0.96, 7.04, 3.04], "texture": "#mesh_palette"},
				"up": {"uv": [4.96, 0.96, 7.04, 3.04], "texture": "#mesh_palette"},
				"down": {"uv": [4.96, 0.96, 7.04, 3.04], "texture": "#mesh_palette"}
			}
		},
		{
			"name": "Voxels-626262",
			"from": [7, -2, 7.5],
			"to": [7.5, -1.5, 8.5],
			"faces": {
				"north": {"uv": [4.96, 0.96, 7.04, 3.04], "texture": "#mesh_palette"},
				"east": {"uv": [4.96, 0.96, 7.04, 3.04], "texture": "#mesh_palette"},
				"south": {"uv": [4.96, 0.96, 7.04, 3.04], "texture": "#mesh_palette"},
				"west": {"uv": [4.96, 0.96, 7.04, 3.04], "texture": "#mesh_palette"},
				"up": {"uv": [4.96, 0.96, 7.04, 3.04], "texture": "#mesh_palette"},
				"down": {"uv": [4.96, 0.96, 7.04, 3.04], "texture": "#mesh_palette"}
			}
		},
		{
			"name": "Voxels-626262",
			"from": [7, -1.5, 7],
			"to": [7.5, -0.5, 7.5],
			"faces": {
				"north": {"uv": [4.96, 0.96, 7.04, 3.04], "texture": "#mesh_palette"},
				"east": {"uv": [4.96, 0.96, 7.04, 3.04], "texture": "#mesh_palette"},
				"south": {"uv": [4.96, 0.96, 7.04, 3.04], "texture": "#mesh_palette"},
				"west": {"uv": [4.96, 0.96, 7.04, 3.04], "texture": "#mesh_palette"},
				"up": {"uv": [4.96, 0.96, 7.04, 3.04], "texture": "#mesh_palette"},
				"down": {"uv": [4.96, 0.96, 7.04, 3.04], "texture": "#mesh_palette"}
			}
		},
		{
			"name": "Voxels-626262",
			"from": [7, -1.5, 8.5],
			"to": [7.5, -0.5, 9],
			"faces": {
				"north": {"uv": [4.96, 0.96, 7.04, 3.04], "texture": "#mesh_palette"},
				"east": {"uv": [4.96, 0.96, 7.04, 3.04], "texture": "#mesh_palette"},
				"south": {"uv": [4.96, 0.96, 7.04, 3.04], "texture": "#mesh_palette"},
				"west": {"uv": [4.96, 0.96, 7.04, 3.04], "texture": "#mesh_palette"},
				"up": {"uv": [4.96, 0.96, 7.04, 3.04], "texture": "#mesh_palette"},
				"down": {"uv": [4.96, 0.96, 7.04, 3.04], "texture": "#mesh_palette"}
			}
		},
		{
			"name": "Voxels-626262",
			"from": [7, -0.5, 7.5],
			"to": [8.5, 2, 8.5],
			"faces": {
				"north": {"uv": [4.96, 0.96, 7.04, 3.04], "texture": "#mesh_palette"},
				"east": {"uv": [4.96, 0.96, 7.04, 3.04], "texture": "#mesh_palette"},
				"south": {"uv": [4.96, 0.96, 7.04, 3.04], "texture": "#mesh_palette"},
				"west": {"uv": [4.96, 0.96, 7.04, 3.04], "texture": "#mesh_palette"},
				"up": {"uv": [4.96, 0.96, 7.04, 3.04], "texture": "#mesh_palette"},
				"down": {"uv": [4.96, 0.96, 7.04, 3.04], "texture": "#mesh_palette"}
			}
		},
		{
			"name": "Voxels-5C5C5C",
			"from": [7, 2, 7.5],
			"to": [9, 2.5, 8.5],
			"faces": {
				"north": {"uv": [8.96, 0.96, 11.04, 3.04], "texture": "#mesh_palette"},
				"east": {"uv": [8.96, 0.96, 11.04, 3.04], "texture": "#mesh_palette"},
				"south": {"uv": [8.96, 0.96, 11.04, 3.04], "texture": "#mesh_palette"},
				"west": {"uv": [8.96, 0.96, 11.04, 3.04], "texture": "#mesh_palette"},
				"up": {"uv": [8.96, 0.96, 11.04, 3.04], "texture": "#mesh_palette"},
				"down": {"uv": [8.96, 0.96, 11.04, 3.04], "texture": "#mesh_palette"}
			}
		},
		{
			"name": "Voxels-535353",
			"from": [7, 2.5, 7.5],
			"to": [9, 3, 8.5],
			"faces": {
				"north": {"uv": [12.96, 0.96, 15.04, 3.04], "texture": "#mesh_palette"},
				"east": {"uv": [12.96, 0.96, 15.04, 3.04], "texture": "#mesh_palette"},
				"south": {"uv": [12.96, 0.96, 15.04, 3.04], "texture": "#mesh_palette"},
				"west": {"uv": [12.96, 0.96, 15.04, 3.04], "texture": "#mesh_palette"},
				"up": {"uv": [12.96, 0.96, 15.04, 3.04], "texture": "#mesh_palette"},
				"down": {"uv": [12.96, 0.96, 15.04, 3.04], "texture": "#mesh_palette"}
			}
		},
		{
			"name": "Voxels-4F4F4F",
			"from": [7, 3, 7.5],
			"to": [9, 3.5, 8.5],
			"faces": {
				"north": {"uv": [0.96, 4.96, 3.04, 7.04], "texture": "#mesh_palette"},
				"east": {"uv": [0.96, 4.96, 3.04, 7.04], "texture": "#mesh_palette"},
				"south": {"uv": [0.96, 4.96, 3.04, 7.04], "texture": "#mesh_palette"},
				"west": {"uv": [0.96, 4.96, 3.04, 7.04], "texture": "#mesh_palette"},
				"up": {"uv": [0.96, 4.96, 3.04, 7.04], "texture": "#mesh_palette"},
				"down": {"uv": [0.96, 4.96, 3.04, 7.04], "texture": "#mesh_palette"}
			}
		},
		{
			"name": "Voxels-535353",
			"from": [7, 3.5, 7.5],
			"to": [8.5, 4, 8.5],
			"faces": {
				"north": {"uv": [12.96, 0.96, 15.04, 3.04], "texture": "#mesh_palette"},
				"east": {"uv": [12.96, 0.96, 15.04, 3.04], "texture": "#mesh_palette"},
				"south": {"uv": [12.96, 0.96, 15.04, 3.04], "texture": "#mesh_palette"},
				"west": {"uv": [12.96, 0.96, 15.04, 3.04], "texture": "#mesh_palette"},
				"up": {"uv": [12.96, 0.96, 15.04, 3.04], "texture": "#mesh_palette"},
				"down": {"uv": [12.96, 0.96, 15.04, 3.04], "texture": "#mesh_palette"}
			}
		},
		{
			"name": "Voxels-4F4F4F",
			"from": [7, 4, 7.5],
			"to": [9, 4.5, 8.5],
			"faces": {
				"north": {"uv": [0.96, 4.96, 3.04, 7.04], "texture": "#mesh_palette"},
				"east": {"uv": [0.96, 4.96, 3.04, 7.04], "texture": "#mesh_palette"},
				"south": {"uv": [0.96, 4.96, 3.04, 7.04], "texture": "#mesh_palette"},
				"west": {"uv": [0.96, 4.96, 3.04, 7.04], "texture": "#mesh_palette"},
				"up": {"uv": [0.96, 4.96, 3.04, 7.04], "texture": "#mesh_palette"},
				"down": {"uv": [0.96, 4.96, 3.04, 7.04], "texture": "#mesh_palette"}
			}
		},
		{
			"name": "Voxels-535353",
			"from": [7, 4.5, 7.5],
			"to": [9, 5, 8.5],
			"faces": {
				"north": {"uv": [12.96, 0.96, 15.04, 3.04], "texture": "#mesh_palette"},
				"east": {"uv": [12.96, 0.96, 15.04, 3.04], "texture": "#mesh_palette"},
				"south": {"uv": [12.96, 0.96, 15.04, 3.04], "texture": "#mesh_palette"},
				"west": {"uv": [12.96, 0.96, 15.04, 3.04], "texture": "#mesh_palette"},
				"up": {"uv": [12.96, 0.96, 15.04, 3.04], "texture": "#mesh_palette"},
				"down": {"uv": [12.96, 0.96, 15.04, 3.04], "texture": "#mesh_palette"}
			}
		},
		{
			"name": "Voxels-4F4F4F",
			"from": [7, 5, 7.5],
			"to": [9, 5.5, 8.5],
			"faces": {
				"north": {"uv": [0.96, 4.96, 3.04, 7.04], "texture": "#mesh_palette"},
				"east": {"uv": [0.96, 4.96, 3.04, 7.04], "texture": "#mesh_palette"},
				"south": {"uv": [0.96, 4.96, 3.04, 7.04], "texture": "#mesh_palette"},
				"west": {"uv": [0.96, 4.96, 3.04, 7.04], "texture": "#mesh_palette"},
				"up": {"uv": [0.96, 4.96, 3.04, 7.04], "texture": "#mesh_palette"},
				"down": {"uv": [0.96, 4.96, 3.04, 7.04], "texture": "#mesh_palette"}
			}
		},
		{
			"name": "Voxels-535353",
			"from": [7, 5.5, 7.5],
			"to": [9, 6, 8.5],
			"faces": {
				"north": {"uv": [12.96, 0.96, 15.04, 3.04], "texture": "#mesh_palette"},
				"east": {"uv": [12.96, 0.96, 15.04, 3.04], "texture": "#mesh_palette"},
				"south": {"uv": [12.96, 0.96, 15.04, 3.04], "texture": "#mesh_palette"},
				"west": {"uv": [12.96, 0.96, 15.04, 3.04], "texture": "#mesh_palette"},
				"up": {"uv": [12.96, 0.96, 15.04, 3.04], "texture": "#mesh_palette"},
				"down": {"uv": [12.96, 0.96, 15.04, 3.04], "texture": "#mesh_palette"}
			}
		},
		{
			"name": "Voxels-4F4F4F",
			"from": [7, 6, 7.5],
			"to": [9, 6.5, 8.5],
			"faces": {
				"north": {"uv": [0.96, 4.96, 3.04, 7.04], "texture": "#mesh_palette"},
				"east": {"uv": [0.96, 4.96, 3.04, 7.04], "texture": "#mesh_palette"},
				"south": {"uv": [0.96, 4.96, 3.04, 7.04], "texture": "#mesh_palette"},
				"west": {"uv": [0.96, 4.96, 3.04, 7.04], "texture": "#mesh_palette"},
				"up": {"uv": [0.96, 4.96, 3.04, 7.04], "texture": "#mesh_palette"},
				"down": {"uv": [0.96, 4.96, 3.04, 7.04], "texture": "#mesh_palette"}
			}
		},
		{
			"name": "Voxels-535353",
			"from": [7, 6.5, 7.5],
			"to": [9, 7, 8.5],
			"faces": {
				"north": {"uv": [12.96, 0.96, 15.04, 3.04], "texture": "#mesh_palette"},
				"east": {"uv": [12.96, 0.96, 15.04, 3.04], "texture": "#mesh_palette"},
				"south": {"uv": [12.96, 0.96, 15.04, 3.04], "texture": "#mesh_palette"},
				"west": {"uv": [12.96, 0.96, 15.04, 3.04], "texture": "#mesh_palette"},
				"up": {"uv": [12.96, 0.96, 15.04, 3.04], "texture": "#mesh_palette"},
				"down": {"uv": [12.96, 0.96, 15.04, 3.04], "texture": "#mesh_palette"}
			}
		},
		{
			"name": "Voxels-4F4F4F",
			"from": [7, 7, 7.5],
			"to": [9, 7.5, 8.5],
			"faces": {
				"north": {"uv": [0.96, 4.96, 3.04, 7.04], "texture": "#mesh_palette"},
				"east": {"uv": [0.96, 4.96, 3.04, 7.04], "texture": "#mesh_palette"},
				"south": {"uv": [0.96, 4.96, 3.04, 7.04], "texture": "#mesh_palette"},
				"west": {"uv": [0.96, 4.96, 3.04, 7.04], "texture": "#mesh_palette"},
				"up": {"uv": [0.96, 4.96, 3.04, 7.04], "texture": "#mesh_palette"},
				"down": {"uv": [0.96, 4.96, 3.04, 7.04], "texture": "#mesh_palette"}
			}
		},
		{
			"name": "Voxels-535353",
			"from": [7, 7.5, 7.5],
			"to": [9, 8, 8.5],
			"faces": {
				"north": {"uv": [12.96, 0.96, 15.04, 3.04], "texture": "#mesh_palette"},
				"east": {"uv": [12.96, 0.96, 15.04, 3.04], "texture": "#mesh_palette"},
				"south": {"uv": [12.96, 0.96, 15.04, 3.04], "texture": "#mesh_palette"},
				"west": {"uv": [12.96, 0.96, 15.04, 3.04], "texture": "#mesh_palette"},
				"up": {"uv": [12.96, 0.96, 15.04, 3.04], "texture": "#mesh_palette"},
				"down": {"uv": [12.96, 0.96, 15.04, 3.04], "texture": "#mesh_palette"}
			}
		},
		{
			"name": "Voxels-4F4F4F",
			"from": [7, 8, 7.5],
			"to": [9, 8.5, 8.5],
			"faces": {
				"north": {"uv": [0.96, 4.96, 3.04, 7.04], "texture": "#mesh_palette"},
				"east": {"uv": [0.96, 4.96, 3.04, 7.04], "texture": "#mesh_palette"},
				"south": {"uv": [0.96, 4.96, 3.04, 7.04], "texture": "#mesh_palette"},
				"west": {"uv": [0.96, 4.96, 3.04, 7.04], "texture": "#mesh_palette"},
				"up": {"uv": [0.96, 4.96, 3.04, 7.04], "texture": "#mesh_palette"},
				"down": {"uv": [0.96, 4.96, 3.04, 7.04], "texture": "#mesh_palette"}
			}
		},
		{
			"name": "Voxels-535353",
			"from": [7, 8.5, 7.5],
			"to": [9, 9, 8.5],
			"faces": {
				"north": {"uv": [12.96, 0.96, 15.04, 3.04], "texture": "#mesh_palette"},
				"east": {"uv": [12.96, 0.96, 15.04, 3.04], "texture": "#mesh_palette"},
				"south": {"uv": [12.96, 0.96, 15.04, 3.04], "texture": "#mesh_palette"},
				"west": {"uv": [12.96, 0.96, 15.04, 3.04], "texture": "#mesh_palette"},
				"up": {"uv": [12.96, 0.96, 15.04, 3.04], "texture": "#mesh_palette"},
				"down": {"uv": [12.96, 0.96, 15.04, 3.04], "texture": "#mesh_palette"}
			}
		},
		{
			"name": "Voxels-5C5C5C",
			"from": [7, 9, 7.5],
			"to": [9, 9.5, 8.5],
			"faces": {
				"north": {"uv": [8.96, 0.96, 11.04, 3.04], "texture": "#mesh_palette"},
				"east": {"uv": [8.96, 0.96, 11.04, 3.04], "texture": "#mesh_palette"},
				"south": {"uv": [8.96, 0.96, 11.04, 3.04], "texture": "#mesh_palette"},
				"west": {"uv": [8.96, 0.96, 11.04, 3.04], "texture": "#mesh_palette"},
				"up": {"uv": [8.96, 0.96, 11.04, 3.04], "texture": "#mesh_palette"},
				"down": {"uv": [8.96, 0.96, 11.04, 3.04], "texture": "#mesh_palette"}
			}
		},
		{
			"name": "Voxels-626262",
			"from": [7, 9.5, 7.5],
			"to": [9, 16, 8.5],
			"faces": {
				"north": {"uv": [4.96, 0.96, 7.04, 3.04], "texture": "#mesh_palette"},
				"east": {"uv": [4.96, 0.96, 7.04, 3.04], "texture": "#mesh_palette"},
				"south": {"uv": [4.96, 0.96, 7.04, 3.04], "texture": "#mesh_palette"},
				"west": {"uv": [4.96, 0.96, 7.04, 3.04], "texture": "#mesh_palette"},
				"up": {"uv": [4.96, 0.96, 7.04, 3.04], "texture": "#mesh_palette"},
				"down": {"uv": [4.96, 0.96, 7.04, 3.04], "texture": "#mesh_palette"}
			}
		},
		{
			"name": "Voxels-626262",
			"from": [7.5, -1, 7],
			"to": [8, 2, 7.5],
			"faces": {
				"north": {"uv": [4.96, 0.96, 7.04, 3.04], "texture": "#mesh_palette"},
				"east": {"uv": [4.96, 0.96, 7.04, 3.04], "texture": "#mesh_palette"},
				"south": {"uv": [4.96, 0.96, 7.04, 3.04], "texture": "#mesh_palette"},
				"west": {"uv": [4.96, 0.96, 7.04, 3.04], "texture": "#mesh_palette"},
				"up": {"uv": [4.96, 0.96, 7.04, 3.04], "texture": "#mesh_palette"},
				"down": {"uv": [4.96, 0.96, 7.04, 3.04], "texture": "#mesh_palette"}
			}
		},
		{
			"name": "Voxels-626262",
			"from": [7.5, -1, 8.5],
			"to": [8, 2, 9],
			"faces": {
				"north": {"uv": [4.96, 0.96, 7.04, 3.04], "texture": "#mesh_palette"},
				"east": {"uv": [4.96, 0.96, 7.04, 3.04], "texture": "#mesh_palette"},
				"south": {"uv": [4.96, 0.96, 7.04, 3.04], "texture": "#mesh_palette"},
				"west": {"uv": [4.96, 0.96, 7.04, 3.04], "texture": "#mesh_palette"},
				"up": {"uv": [4.96, 0.96, 7.04, 3.04], "texture": "#mesh_palette"},
				"down": {"uv": [4.96, 0.96, 7.04, 3.04], "texture": "#mesh_palette"}
			}
		},
		{
			"name": "Voxels-5C5C5C",
			"from": [7.5, 2, 7],
			"to": [8.5, 2.5, 7.5],
			"faces": {
				"north": {"uv": [8.96, 0.96, 11.04, 3.04], "texture": "#mesh_palette"},
				"east": {"uv": [8.96, 0.96, 11.04, 3.04], "texture": "#mesh_palette"},
				"south": {"uv": [8.96, 0.96, 11.04, 3.04], "texture": "#mesh_palette"},
				"west": {"uv": [8.96, 0.96, 11.04, 3.04], "texture": "#mesh_palette"},
				"up": {"uv": [8.96, 0.96, 11.04, 3.04], "texture": "#mesh_palette"},
				"down": {"uv": [8.96, 0.96, 11.04, 3.04], "texture": "#mesh_palette"}
			}
		},
		{
			"name": "Voxels-5C5C5C",
			"from": [7.5, 2, 8.5],
			"to": [8.5, 2.5, 9],
			"faces": {
				"north": {"uv": [8.96, 0.96, 11.04, 3.04], "texture": "#mesh_palette"},
				"east": {"uv": [8.96, 0.96, 11.04, 3.04], "texture": "#mesh_palette"},
				"south": {"uv": [8.96, 0.96, 11.04, 3.04], "texture": "#mesh_palette"},
				"west": {"uv": [8.96, 0.96, 11.04, 3.04], "texture": "#mesh_palette"},
				"up": {"uv": [8.96, 0.96, 11.04, 3.04], "texture": "#mesh_palette"},
				"down": {"uv": [8.96, 0.96, 11.04, 3.04], "texture": "#mesh_palette"}
			}
		},
		{
			"name": "Voxels-535353",
			"from": [7.5, 2.5, 7],
			"to": [8.5, 3, 7.5],
			"faces": {
				"north": {"uv": [12.96, 0.96, 15.04, 3.04], "texture": "#mesh_palette"},
				"east": {"uv": [12.96, 0.96, 15.04, 3.04], "texture": "#mesh_palette"},
				"south": {"uv": [12.96, 0.96, 15.04, 3.04], "texture": "#mesh_palette"},
				"west": {"uv": [12.96, 0.96, 15.04, 3.04], "texture": "#mesh_palette"},
				"up": {"uv": [12.96, 0.96, 15.04, 3.04], "texture": "#mesh_palette"},
				"down": {"uv": [12.96, 0.96, 15.04, 3.04], "texture": "#mesh_palette"}
			}
		},
		{
			"name": "Voxels-535353",
			"from": [7.5, 2.5, 8.5],
			"to": [8.5, 3, 9],
			"faces": {
				"north": {"uv": [12.96, 0.96, 15.04, 3.04], "texture": "#mesh_palette"},
				"east": {"uv": [12.96, 0.96, 15.04, 3.04], "texture": "#mesh_palette"},
				"south": {"uv": [12.96, 0.96, 15.04, 3.04], "texture": "#mesh_palette"},
				"west": {"uv": [12.96, 0.96, 15.04, 3.04], "texture": "#mesh_palette"},
				"up": {"uv": [12.96, 0.96, 15.04, 3.04], "texture": "#mesh_palette"},
				"down": {"uv": [12.96, 0.96, 15.04, 3.04], "texture": "#mesh_palette"}
			}
		},
		{
			"name": "Voxels-4F4F4F",
			"from": [7.5, 3, 7],
			"to": [8.5, 3.5, 7.5],
			"faces": {
				"north": {"uv": [0.96, 4.96, 3.04, 7.04], "texture": "#mesh_palette"},
				"east": {"uv": [0.96, 4.96, 3.04, 7.04], "texture": "#mesh_palette"},
				"south": {"uv": [0.96, 4.96, 3.04, 7.04], "texture": "#mesh_palette"},
				"west": {"uv": [0.96, 4.96, 3.04, 7.04], "texture": "#mesh_palette"},
				"up": {"uv": [0.96, 4.96, 3.04, 7.04], "texture": "#mesh_palette"},
				"down": {"uv": [0.96, 4.96, 3.04, 7.04], "texture": "#mesh_palette"}
			}
		},
		{
			"name": "Voxels-4F4F4F",
			"from": [7.5, 3, 8.5],
			"to": [8.5, 3.5, 9],
			"faces": {
				"north": {"uv": [0.96, 4.96, 3.04, 7.04], "texture": "#mesh_palette"},
				"east": {"uv": [0.96, 4.96, 3.04, 7.04], "texture": "#mesh_palette"},
				"south": {"uv": [0.96, 4.96, 3.04, 7.04], "texture": "#mesh_palette"},
				"west": {"uv": [0.96, 4.96, 3.04, 7.04], "texture": "#mesh_palette"},
				"up": {"uv": [0.96, 4.96, 3.04, 7.04], "texture": "#mesh_palette"},
				"down": {"uv": [0.96, 4.96, 3.04, 7.04], "texture": "#mesh_palette"}
			}
		},
		{
			"name": "Voxels-535353",
			"from": [7.5, 3.5, 7],
			"to": [8.5, 4, 7.5],
			"faces": {
				"north": {"uv": [12.96, 0.96, 15.04, 3.04], "texture": "#mesh_palette"},
				"east": {"uv": [12.96, 0.96, 15.04, 3.04], "texture": "#mesh_palette"},
				"south": {"uv": [12.96, 0.96, 15.04, 3.04], "texture": "#mesh_palette"},
				"west": {"uv": [12.96, 0.96, 15.04, 3.04], "texture": "#mesh_palette"},
				"up": {"uv": [12.96, 0.96, 15.04, 3.04], "texture": "#mesh_palette"},
				"down": {"uv": [12.96, 0.96, 15.04, 3.04], "texture": "#mesh_palette"}
			}
		},
		{
			"name": "Voxels-535353",
			"from": [7.5, 3.5, 8.5],
			"to": [8.5, 4, 9],
			"faces": {
				"north": {"uv": [12.96, 0.96, 15.04, 3.04], "texture": "#mesh_palette"},
				"east": {"uv": [12.96, 0.96, 15.04, 3.04], "texture": "#mesh_palette"},
				"south": {"uv": [12.96, 0.96, 15.04, 3.04], "texture": "#mesh_palette"},
				"west": {"uv": [12.96, 0.96, 15.04, 3.04], "texture": "#mesh_palette"},
				"up": {"uv": [12.96, 0.96, 15.04, 3.04], "texture": "#mesh_palette"},
				"down": {"uv": [12.96, 0.96, 15.04, 3.04], "texture": "#mesh_palette"}
			}
		},
		{
			"name": "Voxels-4F4F4F",
			"from": [7.5, 4, 7],
			"to": [8.5, 4.5, 7.5],
			"faces": {
				"north": {"uv": [0.96, 4.96, 3.04, 7.04], "texture": "#mesh_palette"},
				"east": {"uv": [0.96, 4.96, 3.04, 7.04], "texture": "#mesh_palette"},
				"south": {"uv": [0.96, 4.96, 3.04, 7.04], "texture": "#mesh_palette"},
				"west": {"uv": [0.96, 4.96, 3.04, 7.04], "texture": "#mesh_palette"},
				"up": {"uv": [0.96, 4.96, 3.04, 7.04], "texture": "#mesh_palette"},
				"down": {"uv": [0.96, 4.96, 3.04, 7.04], "texture": "#mesh_palette"}
			}
		},
		{
			"name": "Voxels-4F4F4F",
			"from": [7.5, 4, 8.5],
			"to": [8.5, 4.5, 9],
			"faces": {
				"north": {"uv": [0.96, 4.96, 3.04, 7.04], "texture": "#mesh_palette"},
				"east": {"uv": [0.96, 4.96, 3.04, 7.04], "texture": "#mesh_palette"},
				"south": {"uv": [0.96, 4.96, 3.04, 7.04], "texture": "#mesh_palette"},
				"west": {"uv": [0.96, 4.96, 3.04, 7.04], "texture": "#mesh_palette"},
				"up": {"uv": [0.96, 4.96, 3.04, 7.04], "texture": "#mesh_palette"},
				"down": {"uv": [0.96, 4.96, 3.04, 7.04], "texture": "#mesh_palette"}
			}
		},
		{
			"name": "Voxels-535353",
			"from": [7.5, 4.5, 7],
			"to": [8.5, 5, 7.5],
			"faces": {
				"north": {"uv": [12.96, 0.96, 15.04, 3.04], "texture": "#mesh_palette"},
				"east": {"uv": [12.96, 0.96, 15.04, 3.04], "texture": "#mesh_palette"},
				"south": {"uv": [12.96, 0.96, 15.04, 3.04], "texture": "#mesh_palette"},
				"west": {"uv": [12.96, 0.96, 15.04, 3.04], "texture": "#mesh_palette"},
				"up": {"uv": [12.96, 0.96, 15.04, 3.04], "texture": "#mesh_palette"},
				"down": {"uv": [12.96, 0.96, 15.04, 3.04], "texture": "#mesh_palette"}
			}
		},
		{
			"name": "Voxels-535353",
			"from": [7.5, 4.5, 8.5],
			"to": [8.5, 5, 9],
			"faces": {
				"north": {"uv": [12.96, 0.96, 15.04, 3.04], "texture": "#mesh_palette"},
				"east": {"uv": [12.96, 0.96, 15.04, 3.04], "texture": "#mesh_palette"},
				"south": {"uv": [12.96, 0.96, 15.04, 3.04], "texture": "#mesh_palette"},
				"west": {"uv": [12.96, 0.96, 15.04, 3.04], "texture": "#mesh_palette"},
				"up": {"uv": [12.96, 0.96, 15.04, 3.04], "texture": "#mesh_palette"},
				"down": {"uv": [12.96, 0.96, 15.04, 3.04], "texture": "#mesh_palette"}
			}
		},
		{
			"name": "Voxels-4F4F4F",
			"from": [7.5, 5, 7],
			"to": [8.5, 5.5, 7.5],
			"faces": {
				"north": {"uv": [0.96, 4.96, 3.04, 7.04], "texture": "#mesh_palette"},
				"east": {"uv": [0.96, 4.96, 3.04, 7.04], "texture": "#mesh_palette"},
				"south": {"uv": [0.96, 4.96, 3.04, 7.04], "texture": "#mesh_palette"},
				"west": {"uv": [0.96, 4.96, 3.04, 7.04], "texture": "#mesh_palette"},
				"up": {"uv": [0.96, 4.96, 3.04, 7.04], "texture": "#mesh_palette"},
				"down": {"uv": [0.96, 4.96, 3.04, 7.04], "texture": "#mesh_palette"}
			}
		},
		{
			"name": "Voxels-4F4F4F",
			"from": [7.5, 5, 8.5],
			"to": [8.5, 5.5, 9],
			"faces": {
				"north": {"uv": [0.96, 4.96, 3.04, 7.04], "texture": "#mesh_palette"},
				"east": {"uv": [0.96, 4.96, 3.04, 7.04], "texture": "#mesh_palette"},
				"south": {"uv": [0.96, 4.96, 3.04, 7.04], "texture": "#mesh_palette"},
				"west": {"uv": [0.96, 4.96, 3.04, 7.04], "texture": "#mesh_palette"},
				"up": {"uv": [0.96, 4.96, 3.04, 7.04], "texture": "#mesh_palette"},
				"down": {"uv": [0.96, 4.96, 3.04, 7.04], "texture": "#mesh_palette"}
			}
		},
		{
			"name": "Voxels-535353",
			"from": [7.5, 5.5, 7],
			"to": [8.5, 6, 7.5],
			"faces": {
				"north": {"uv": [12.96, 0.96, 15.04, 3.04], "texture": "#mesh_palette"},
				"east": {"uv": [12.96, 0.96, 15.04, 3.04], "texture": "#mesh_palette"},
				"south": {"uv": [12.96, 0.96, 15.04, 3.04], "texture": "#mesh_palette"},
				"west": {"uv": [12.96, 0.96, 15.04, 3.04], "texture": "#mesh_palette"},
				"up": {"uv": [12.96, 0.96, 15.04, 3.04], "texture": "#mesh_palette"},
				"down": {"uv": [12.96, 0.96, 15.04, 3.04], "texture": "#mesh_palette"}
			}
		},
		{
			"name": "Voxels-535353",
			"from": [7.5, 5.5, 8.5],
			"to": [8.5, 6, 9],
			"faces": {
				"north": {"uv": [12.96, 0.96, 15.04, 3.04], "texture": "#mesh_palette"},
				"east": {"uv": [12.96, 0.96, 15.04, 3.04], "texture": "#mesh_palette"},
				"south": {"uv": [12.96, 0.96, 15.04, 3.04], "texture": "#mesh_palette"},
				"west": {"uv": [12.96, 0.96, 15.04, 3.04], "texture": "#mesh_palette"},
				"up": {"uv": [12.96, 0.96, 15.04, 3.04], "texture": "#mesh_palette"},
				"down": {"uv": [12.96, 0.96, 15.04, 3.04], "texture": "#mesh_palette"}
			}
		},
		{
			"name": "Voxels-4F4F4F",
			"from": [7.5, 6, 7],
			"to": [8.5, 6.5, 7.5],
			"faces": {
				"north": {"uv": [0.96, 4.96, 3.04, 7.04], "texture": "#mesh_palette"},
				"east": {"uv": [0.96, 4.96, 3.04, 7.04], "texture": "#mesh_palette"},
				"south": {"uv": [0.96, 4.96, 3.04, 7.04], "texture": "#mesh_palette"},
				"west": {"uv": [0.96, 4.96, 3.04, 7.04], "texture": "#mesh_palette"},
				"up": {"uv": [0.96, 4.96, 3.04, 7.04], "texture": "#mesh_palette"},
				"down": {"uv": [0.96, 4.96, 3.04, 7.04], "texture": "#mesh_palette"}
			}
		},
		{
			"name": "Voxels-4F4F4F",
			"from": [7.5, 6, 8.5],
			"to": [8.5, 6.5, 9],
			"faces": {
				"north": {"uv": [0.96, 4.96, 3.04, 7.04], "texture": "#mesh_palette"},
				"east": {"uv": [0.96, 4.96, 3.04, 7.04], "texture": "#mesh_palette"},
				"south": {"uv": [0.96, 4.96, 3.04, 7.04], "texture": "#mesh_palette"},
				"west": {"uv": [0.96, 4.96, 3.04, 7.04], "texture": "#mesh_palette"},
				"up": {"uv": [0.96, 4.96, 3.04, 7.04], "texture": "#mesh_palette"},
				"down": {"uv": [0.96, 4.96, 3.04, 7.04], "texture": "#mesh_palette"}
			}
		},
		{
			"name": "Voxels-535353",
			"from": [7.5, 6.5, 7],
			"to": [8.5, 7, 7.5],
			"faces": {
				"north": {"uv": [12.96, 0.96, 15.04, 3.04], "texture": "#mesh_palette"},
				"east": {"uv": [12.96, 0.96, 15.04, 3.04], "texture": "#mesh_palette"},
				"south": {"uv": [12.96, 0.96, 15.04, 3.04], "texture": "#mesh_palette"},
				"west": {"uv": [12.96, 0.96, 15.04, 3.04], "texture": "#mesh_palette"},
				"up": {"uv": [12.96, 0.96, 15.04, 3.04], "texture": "#mesh_palette"},
				"down": {"uv": [12.96, 0.96, 15.04, 3.04], "texture": "#mesh_palette"}
			}
		},
		{
			"name": "Voxels-535353",
			"from": [7.5, 6.5, 8.5],
			"to": [8.5, 7, 9],
			"faces": {
				"north": {"uv": [12.96, 0.96, 15.04, 3.04], "texture": "#mesh_palette"},
				"east": {"uv": [12.96, 0.96, 15.04, 3.04], "texture": "#mesh_palette"},
				"south": {"uv": [12.96, 0.96, 15.04, 3.04], "texture": "#mesh_palette"},
				"west": {"uv": [12.96, 0.96, 15.04, 3.04], "texture": "#mesh_palette"},
				"up": {"uv": [12.96, 0.96, 15.04, 3.04], "texture": "#mesh_palette"},
				"down": {"uv": [12.96, 0.96, 15.04, 3.04], "texture": "#mesh_palette"}
			}
		},
		{
			"name": "Voxels-4F4F4F",
			"from": [7.5, 7, 7],
			"to": [8.5, 7.5, 7.5],
			"faces": {
				"north": {"uv": [0.96, 4.96, 3.04, 7.04], "texture": "#mesh_palette"},
				"east": {"uv": [0.96, 4.96, 3.04, 7.04], "texture": "#mesh_palette"},
				"south": {"uv": [0.96, 4.96, 3.04, 7.04], "texture": "#mesh_palette"},
				"west": {"uv": [0.96, 4.96, 3.04, 7.04], "texture": "#mesh_palette"},
				"up": {"uv": [0.96, 4.96, 3.04, 7.04], "texture": "#mesh_palette"},
				"down": {"uv": [0.96, 4.96, 3.04, 7.04], "texture": "#mesh_palette"}
			}
		},
		{
			"name": "Voxels-4F4F4F",
			"from": [7.5, 7, 8.5],
			"to": [8.5, 7.5, 9],
			"faces": {
				"north": {"uv": [0.96, 4.96, 3.04, 7.04], "texture": "#mesh_palette"},
				"east": {"uv": [0.96, 4.96, 3.04, 7.04], "texture": "#mesh_palette"},
				"south": {"uv": [0.96, 4.96, 3.04, 7.04], "texture": "#mesh_palette"},
				"west": {"uv": [0.96, 4.96, 3.04, 7.04], "texture": "#mesh_palette"},
				"up": {"uv": [0.96, 4.96, 3.04, 7.04], "texture": "#mesh_palette"},
				"down": {"uv": [0.96, 4.96, 3.04, 7.04], "texture": "#mesh_palette"}
			}
		},
		{
			"name": "Voxels-535353",
			"from": [7.5, 7.5, 7],
			"to": [8.5, 8, 7.5],
			"faces": {
				"north": {"uv": [12.96, 0.96, 15.04, 3.04], "texture": "#mesh_palette"},
				"east": {"uv": [12.96, 0.96, 15.04, 3.04], "texture": "#mesh_palette"},
				"south": {"uv": [12.96, 0.96, 15.04, 3.04], "texture": "#mesh_palette"},
				"west": {"uv": [12.96, 0.96, 15.04, 3.04], "texture": "#mesh_palette"},
				"up": {"uv": [12.96, 0.96, 15.04, 3.04], "texture": "#mesh_palette"},
				"down": {"uv": [12.96, 0.96, 15.04, 3.04], "texture": "#mesh_palette"}
			}
		},
		{
			"name": "Voxels-535353",
			"from": [7.5, 7.5, 8.5],
			"to": [8.5, 8, 9],
			"faces": {
				"north": {"uv": [12.96, 0.96, 15.04, 3.04], "texture": "#mesh_palette"},
				"east": {"uv": [12.96, 0.96, 15.04, 3.04], "texture": "#mesh_palette"},
				"south": {"uv": [12.96, 0.96, 15.04, 3.04], "texture": "#mesh_palette"},
				"west": {"uv": [12.96, 0.96, 15.04, 3.04], "texture": "#mesh_palette"},
				"up": {"uv": [12.96, 0.96, 15.04, 3.04], "texture": "#mesh_palette"},
				"down": {"uv": [12.96, 0.96, 15.04, 3.04], "texture": "#mesh_palette"}
			}
		},
		{
			"name": "Voxels-4F4F4F",
			"from": [7.5, 8, 7],
			"to": [8.5, 8.5, 7.5],
			"faces": {
				"north": {"uv": [0.96, 4.96, 3.04, 7.04], "texture": "#mesh_palette"},
				"east": {"uv": [0.96, 4.96, 3.04, 7.04], "texture": "#mesh_palette"},
				"south": {"uv": [0.96, 4.96, 3.04, 7.04], "texture": "#mesh_palette"},
				"west": {"uv": [0.96, 4.96, 3.04, 7.04], "texture": "#mesh_palette"},
				"up": {"uv": [0.96, 4.96, 3.04, 7.04], "texture": "#mesh_palette"},
				"down": {"uv": [0.96, 4.96, 3.04, 7.04], "texture": "#mesh_palette"}
			}
		},
		{
			"name": "Voxels-4F4F4F",
			"from": [7.5, 8, 8.5],
			"to": [8.5, 8.5, 9],
			"faces": {
				"north": {"uv": [0.96, 4.96, 3.04, 7.04], "texture": "#mesh_palette"},
				"east": {"uv": [0.96, 4.96, 3.04, 7.04], "texture": "#mesh_palette"},
				"south": {"uv": [0.96, 4.96, 3.04, 7.04], "texture": "#mesh_palette"},
				"west": {"uv": [0.96, 4.96, 3.04, 7.04], "texture": "#mesh_palette"},
				"up": {"uv": [0.96, 4.96, 3.04, 7.04], "texture": "#mesh_palette"},
				"down": {"uv": [0.96, 4.96, 3.04, 7.04], "texture": "#mesh_palette"}
			}
		},
		{
			"name": "Voxels-535353",
			"from": [7.5, 8.5, 7],
			"to": [8.5, 9, 7.5],
			"faces": {
				"north": {"uv": [12.96, 0.96, 15.04, 3.04], "texture": "#mesh_palette"},
				"east": {"uv": [12.96, 0.96, 15.04, 3.04], "texture": "#mesh_palette"},
				"south": {"uv": [12.96, 0.96, 15.04, 3.04], "texture": "#mesh_palette"},
				"west": {"uv": [12.96, 0.96, 15.04, 3.04], "texture": "#mesh_palette"},
				"up": {"uv": [12.96, 0.96, 15.04, 3.04], "texture": "#mesh_palette"},
				"down": {"uv": [12.96, 0.96, 15.04, 3.04], "texture": "#mesh_palette"}
			}
		},
		{
			"name": "Voxels-535353",
			"from": [7.5, 8.5, 8.5],
			"to": [8.5, 9, 9],
			"faces": {
				"north": {"uv": [12.96, 0.96, 15.04, 3.04], "texture": "#mesh_palette"},
				"east": {"uv": [12.96, 0.96, 15.04, 3.04], "texture": "#mesh_palette"},
				"south": {"uv": [12.96, 0.96, 15.04, 3.04], "texture": "#mesh_palette"},
				"west": {"uv": [12.96, 0.96, 15.04, 3.04], "texture": "#mesh_palette"},
				"up": {"uv": [12.96, 0.96, 15.04, 3.04], "texture": "#mesh_palette"},
				"down": {"uv": [12.96, 0.96, 15.04, 3.04], "texture": "#mesh_palette"}
			}
		},
		{
			"name": "Voxels-5C5C5C",
			"from": [7.5, 9, 7],
			"to": [8.5, 9.5, 7.5],
			"faces": {
				"north": {"uv": [8.96, 0.96, 11.04, 3.04], "texture": "#mesh_palette"},
				"east": {"uv": [8.96, 0.96, 11.04, 3.04], "texture": "#mesh_palette"},
				"south": {"uv": [8.96, 0.96, 11.04, 3.04], "texture": "#mesh_palette"},
				"west": {"uv": [8.96, 0.96, 11.04, 3.04], "texture": "#mesh_palette"},
				"up": {"uv": [8.96, 0.96, 11.04, 3.04], "texture": "#mesh_palette"},
				"down": {"uv": [8.96, 0.96, 11.04, 3.04], "texture": "#mesh_palette"}
			}
		},
		{
			"name": "Voxels-5C5C5C",
			"from": [7.5, 9, 8.5],
			"to": [8.5, 9.5, 9],
			"faces": {
				"north": {"uv": [8.96, 0.96, 11.04, 3.04], "texture": "#mesh_palette"},
				"east": {"uv": [8.96, 0.96, 11.04, 3.04], "texture": "#mesh_palette"},
				"south": {"uv": [8.96, 0.96, 11.04, 3.04], "texture": "#mesh_palette"},
				"west": {"uv": [8.96, 0.96, 11.04, 3.04], "texture": "#mesh_palette"},
				"up": {"uv": [8.96, 0.96, 11.04, 3.04], "texture": "#mesh_palette"},
				"down": {"uv": [8.96, 0.96, 11.04, 3.04], "texture": "#mesh_palette"}
			}
		},
		{
			"name": "Voxels-626262",
			"from": [7.5, 9.5, 7],
			"to": [8.5, 16, 7.5],
			"faces": {
				"north": {"uv": [4.96, 0.96, 7.04, 3.04], "texture": "#mesh_palette"},
				"east": {"uv": [4.96, 0.96, 7.04, 3.04], "texture": "#mesh_palette"},
				"south": {"uv": [4.96, 0.96, 7.04, 3.04], "texture": "#mesh_palette"},
				"west": {"uv": [4.96, 0.96, 7.04, 3.04], "texture": "#mesh_palette"},
				"up": {"uv": [4.96, 0.96, 7.04, 3.04], "texture": "#mesh_palette"},
				"down": {"uv": [4.96, 0.96, 7.04, 3.04], "texture": "#mesh_palette"}
			}
		},
		{
			"name": "Voxels-626262",
			"from": [7.5, 9.5, 8.5],
			"to": [8.5, 16, 9],
			"faces": {
				"north": {"uv": [4.96, 0.96, 7.04, 3.04], "texture": "#mesh_palette"},
				"east": {"uv": [4.96, 0.96, 7.04, 3.04], "texture": "#mesh_palette"},
				"south": {"uv": [4.96, 0.96, 7.04, 3.04], "texture": "#mesh_palette"},
				"west": {"uv": [4.96, 0.96, 7.04, 3.04], "texture": "#mesh_palette"},
				"up": {"uv": [4.96, 0.96, 7.04, 3.04], "texture": "#mesh_palette"},
				"down": {"uv": [4.96, 0.96, 7.04, 3.04], "texture": "#mesh_palette"}
			}
		},
		{
			"name": "Voxels-626262",
			"from": [7.5, 16, 7.5],
			"to": [9.5, 17.5, 8.5],
			"faces": {
				"north": {"uv": [4.96, 0.96, 7.04, 3.04], "texture": "#mesh_palette"},
				"east": {"uv": [4.96, 0.96, 7.04, 3.04], "texture": "#mesh_palette"},
				"south": {"uv": [4.96, 0.96, 7.04, 3.04], "texture": "#mesh_palette"},
				"west": {"uv": [4.96, 0.96, 7.04, 3.04], "texture": "#mesh_palette"},
				"up": {"uv": [4.96, 0.96, 7.04, 3.04], "texture": "#mesh_palette"},
				"down": {"uv": [4.96, 0.96, 7.04, 3.04], "texture": "#mesh_palette"}
			}
		},
		{
			"name": "Voxels-626262",
			"from": [8, -1, 7.5],
			"to": [8.5, -0.5, 8.5],
			"faces": {
				"north": {"uv": [4.96, 0.96, 7.04, 3.04], "texture": "#mesh_palette"},
				"east": {"uv": [4.96, 0.96, 7.04, 3.04], "texture": "#mesh_palette"},
				"south": {"uv": [4.96, 0.96, 7.04, 3.04], "texture": "#mesh_palette"},
				"west": {"uv": [4.96, 0.96, 7.04, 3.04], "texture": "#mesh_palette"},
				"up": {"uv": [4.96, 0.96, 7.04, 3.04], "texture": "#mesh_palette"},
				"down": {"uv": [4.96, 0.96, 7.04, 3.04], "texture": "#mesh_palette"}
			}
		},
		{
			"name": "Voxels-626262",
			"from": [8, 0, 7],
			"to": [8.5, 2, 7.5],
			"faces": {
				"north": {"uv": [4.96, 0.96, 7.04, 3.04], "texture": "#mesh_palette"},
				"east": {"uv": [4.96, 0.96, 7.04, 3.04], "texture": "#mesh_palette"},
				"south": {"uv": [4.96, 0.96, 7.04, 3.04], "texture": "#mesh_palette"},
				"west": {"uv": [4.96, 0.96, 7.04, 3.04], "texture": "#mesh_palette"},
				"up": {"uv": [4.96, 0.96, 7.04, 3.04], "texture": "#mesh_palette"},
				"down": {"uv": [4.96, 0.96, 7.04, 3.04], "texture": "#mesh_palette"}
			}
		},
		{
			"name": "Voxels-626262",
			"from": [8, 0, 8.5],
			"to": [8.5, 2, 9],
			"faces": {
				"north": {"uv": [4.96, 0.96, 7.04, 3.04], "texture": "#mesh_palette"},
				"east": {"uv": [4.96, 0.96, 7.04, 3.04], "texture": "#mesh_palette"},
				"south": {"uv": [4.96, 0.96, 7.04, 3.04], "texture": "#mesh_palette"},
				"west": {"uv": [4.96, 0.96, 7.04, 3.04], "texture": "#mesh_palette"},
				"up": {"uv": [4.96, 0.96, 7.04, 3.04], "texture": "#mesh_palette"},
				"down": {"uv": [4.96, 0.96, 7.04, 3.04], "texture": "#mesh_palette"}
			}
		},
		{
			"name": "Voxels-626262",
			"from": [8, 16, 7],
			"to": [9, 17.5, 7.5],
			"faces": {
				"north": {"uv": [4.96, 0.96, 7.04, 3.04], "texture": "#mesh_palette"},
				"east": {"uv": [4.96, 0.96, 7.04, 3.04], "texture": "#mesh_palette"},
				"south": {"uv": [4.96, 0.96, 7.04, 3.04], "texture": "#mesh_palette"},
				"west": {"uv": [4.96, 0.96, 7.04, 3.04], "texture": "#mesh_palette"},
				"up": {"uv": [4.96, 0.96, 7.04, 3.04], "texture": "#mesh_palette"},
				"down": {"uv": [4.96, 0.96, 7.04, 3.04], "texture": "#mesh_palette"}
			}
		},
		{
			"name": "Voxels-626262",
			"from": [8, 16, 8.5],
			"to": [9, 17.5, 9],
			"faces": {
				"north": {"uv": [4.96, 0.96, 7.04, 3.04], "texture": "#mesh_palette"},
				"east": {"uv": [4.96, 0.96, 7.04, 3.04], "texture": "#mesh_palette"},
				"south": {"uv": [4.96, 0.96, 7.04, 3.04], "texture": "#mesh_palette"},
				"west": {"uv": [4.96, 0.96, 7.04, 3.04], "texture": "#mesh_palette"},
				"up": {"uv": [4.96, 0.96, 7.04, 3.04], "texture": "#mesh_palette"},
				"down": {"uv": [4.96, 0.96, 7.04, 3.04], "texture": "#mesh_palette"}
			}
		},
		{
			"name": "Voxels-626262",
			"from": [8, 17.5, 7.5],
			"to": [11.5, 18, 8.5],
			"faces": {
				"north": {"uv": [4.96, 0.96, 7.04, 3.04], "texture": "#mesh_palette"},
				"east": {"uv": [4.96, 0.96, 7.04, 3.04], "texture": "#mesh_palette"},
				"south": {"uv": [4.96, 0.96, 7.04, 3.04], "texture": "#mesh_palette"},
				"west": {"uv": [4.96, 0.96, 7.04, 3.04], "texture": "#mesh_palette"},
				"up": {"uv": [4.96, 0.96, 7.04, 3.04], "texture": "#mesh_palette"},
				"down": {"uv": [4.96, 0.96, 7.04, 3.04], "texture": "#mesh_palette"}
			}
		},
		{
			"name": "Voxels-626262",
			"from": [8.5, 0, 7.5],
			"to": [9, 2, 8.5],
			"faces": {
				"north": {"uv": [4.96, 0.96, 7.04, 3.04], "texture": "#mesh_palette"},
				"east": {"uv": [4.96, 0.96, 7.04, 3.04], "texture": "#mesh_palette"},
				"south": {"uv": [4.96, 0.96, 7.04, 3.04], "texture": "#mesh_palette"},
				"west": {"uv": [4.96, 0.96, 7.04, 3.04], "texture": "#mesh_palette"},
				"up": {"uv": [4.96, 0.96, 7.04, 3.04], "texture": "#mesh_palette"},
				"down": {"uv": [4.96, 0.96, 7.04, 3.04], "texture": "#mesh_palette"}
			}
		},
		{
			"name": "Voxels-4F4F4F",
			"from": [8.5, 3.5, 7.5],
			"to": [9, 4, 8.5],
			"faces": {
				"north": {"uv": [0.96, 4.96, 3.04, 7.04], "texture": "#mesh_palette"},
				"east": {"uv": [0.96, 4.96, 3.04, 7.04], "texture": "#mesh_palette"},
				"south": {"uv": [0.96, 4.96, 3.04, 7.04], "texture": "#mesh_palette"},
				"west": {"uv": [0.96, 4.96, 3.04, 7.04], "texture": "#mesh_palette"},
				"up": {"uv": [0.96, 4.96, 3.04, 7.04], "texture": "#mesh_palette"},
				"down": {"uv": [0.96, 4.96, 3.04, 7.04], "texture": "#mesh_palette"}
			}
		},
		{
			"name": "Voxels-626262",
			"from": [8.5, 17.5, 7],
			"to": [11, 18, 7.5],
			"faces": {
				"north": {"uv": [4.96, 0.96, 7.04, 3.04], "texture": "#mesh_palette"},
				"east": {"uv": [4.96, 0.96, 7.04, 3.04], "texture": "#mesh_palette"},
				"south": {"uv": [4.96, 0.96, 7.04, 3.04], "texture": "#mesh_palette"},
				"west": {"uv": [4.96, 0.96, 7.04, 3.04], "texture": "#mesh_palette"},
				"up": {"uv": [4.96, 0.96, 7.04, 3.04], "texture": "#mesh_palette"},
				"down": {"uv": [4.96, 0.96, 7.04, 3.04], "texture": "#mesh_palette"}
			}
		},
		{
			"name": "Voxels-626262",
			"from": [8.5, 17.5, 8.5],
			"to": [11, 18, 9],
			"faces": {
				"north": {"uv": [4.96, 0.96, 7.04, 3.04], "texture": "#mesh_palette"},
				"east": {"uv": [4.96, 0.96, 7.04, 3.04], "texture": "#mesh_palette"},
				"south": {"uv": [4.96, 0.96, 7.04, 3.04], "texture": "#mesh_palette"},
				"west": {"uv": [4.96, 0.96, 7.04, 3.04], "texture": "#mesh_palette"},
				"up": {"uv": [4.96, 0.96, 7.04, 3.04], "texture": "#mesh_palette"},
				"down": {"uv": [4.96, 0.96, 7.04, 3.04], "texture": "#mesh_palette"}
			}
		},
		{
			"name": "Voxels-626262",
			"from": [8.5, 18, 7.5],
			"to": [11, 18.5, 8.5],
			"faces": {
				"north": {"uv": [4.96, 0.96, 7.04, 3.04], "texture": "#mesh_palette"},
				"east": {"uv": [4.96, 0.96, 7.04, 3.04], "texture": "#mesh_palette"},
				"south": {"uv": [4.96, 0.96, 7.04, 3.04], "texture": "#mesh_palette"},
				"west": {"uv": [4.96, 0.96, 7.04, 3.04], "texture": "#mesh_palette"},
				"up": {"uv": [4.96, 0.96, 7.04, 3.04], "texture": "#mesh_palette"},
				"down": {"uv": [4.96, 0.96, 7.04, 3.04], "texture": "#mesh_palette"}
			}
		},
		{
			"name": "Voxels-626262",
			"from": [9, 17, 7],
			"to": [11.5, 17.5, 7.5],
			"faces": {
				"north": {"uv": [4.96, 0.96, 7.04, 3.04], "texture": "#mesh_palette"},
				"east": {"uv": [4.96, 0.96, 7.04, 3.04], "texture": "#mesh_palette"},
				"south": {"uv": [4.96, 0.96, 7.04, 3.04], "texture": "#mesh_palette"},
				"west": {"uv": [4.96, 0.96, 7.04, 3.04], "texture": "#mesh_palette"},
				"up": {"uv": [4.96, 0.96, 7.04, 3.04], "texture": "#mesh_palette"},
				"down": {"uv": [4.96, 0.96, 7.04, 3.04], "texture": "#mesh_palette"}
			}
		},
		{
			"name": "Voxels-626262",
			"from": [9, 17, 8.5],
			"to": [11.5, 17.5, 9],
			"faces": {
				"north": {"uv": [4.96, 0.96, 7.04, 3.04], "texture": "#mesh_palette"},
				"east": {"uv": [4.96, 0.96, 7.04, 3.04], "texture": "#mesh_palette"},
				"south": {"uv": [4.96, 0.96, 7.04, 3.04], "texture": "#mesh_palette"},
				"west": {"uv": [4.96, 0.96, 7.04, 3.04], "texture": "#mesh_palette"},
				"up": {"uv": [4.96, 0.96, 7.04, 3.04], "texture": "#mesh_palette"},
				"down": {"uv": [4.96, 0.96, 7.04, 3.04], "texture": "#mesh_palette"}
			}
		},
		{
			"name": "Voxels-626262",
			"from": [9.5, 16.5, 7.5],
			"to": [12, 17.5, 8.5],
			"faces": {
				"north": {"uv": [4.96, 0.96, 7.04, 3.04], "texture": "#mesh_palette"},
				"east": {"uv": [4.96, 0.96, 7.04, 3.04], "texture": "#mesh_palette"},
				"south": {"uv": [4.96, 0.96, 7.04, 3.04], "texture": "#mesh_palette"},
				"west": {"uv": [4.96, 0.96, 7.04, 3.04], "texture": "#mesh_palette"},
				"up": {"uv": [4.96, 0.96, 7.04, 3.04], "texture": "#mesh_palette"},
				"down": {"uv": [4.96, 0.96, 7.04, 3.04], "texture": "#mesh_palette"}
			}
		},
		{
			"name": "Voxels-6A6A6A",
			"from": [10.5, 16, 7.5],
			"to": [12, 16.5, 8.5],
			"faces": {
				"north": {"uv": [0.96, 8.96, 3.04, 11.04], "texture": "#mesh_palette"},
				"east": {"uv": [0.96, 8.96, 3.04, 11.04], "texture": "#mesh_palette"},
				"south": {"uv": [0.96, 8.96, 3.04, 11.04], "texture": "#mesh_palette"},
				"west": {"uv": [0.96, 8.96, 3.04, 11.04], "texture": "#mesh_palette"},
				"up": {"uv": [0.96, 8.96, 3.04, 11.04], "texture": "#mesh_palette"},
				"down": {"uv": [0.96, 8.96, 3.04, 11.04], "texture": "#mesh_palette"}
			}
		},
		{
			"name": "Voxels-626262",
			"from": [10.5, 16.5, 7],
			"to": [11, 17, 7.5],
			"faces": {
				"north": {"uv": [4.96, 0.96, 7.04, 3.04], "texture": "#mesh_palette"},
				"east": {"uv": [4.96, 0.96, 7.04, 3.04], "texture": "#mesh_palette"},
				"south": {"uv": [4.96, 0.96, 7.04, 3.04], "texture": "#mesh_palette"},
				"west": {"uv": [4.96, 0.96, 7.04, 3.04], "texture": "#mesh_palette"},
				"up": {"uv": [4.96, 0.96, 7.04, 3.04], "texture": "#mesh_palette"},
				"down": {"uv": [4.96, 0.96, 7.04, 3.04], "texture": "#mesh_palette"}
			}
		},
		{
			"name": "Voxels-626262",
			"from": [10.5, 16.5, 8.5],
			"to": [11, 17, 9],
			"faces": {
				"north": {"uv": [4.96, 0.96, 7.04, 3.04], "texture": "#mesh_palette"},
				"east": {"uv": [4.96, 0.96, 7.04, 3.04], "texture": "#mesh_palette"},
				"south": {"uv": [4.96, 0.96, 7.04, 3.04], "texture": "#mesh_palette"},
				"west": {"uv": [4.96, 0.96, 7.04, 3.04], "texture": "#mesh_palette"},
				"up": {"uv": [4.96, 0.96, 7.04, 3.04], "texture": "#mesh_palette"},
				"down": {"uv": [4.96, 0.96, 7.04, 3.04], "texture": "#mesh_palette"}
			}
		},
		{
			"name": "Voxels-717171",
			"from": [11, 15, 7.5],
			"to": [12.5, 15.5, 8.5],
			"faces": {
				"north": {"uv": [4.96, 4.96, 7.04, 7.04], "texture": "#mesh_palette"},
				"east": {"uv": [4.96, 4.96, 7.04, 7.04], "texture": "#mesh_palette"},
				"south": {"uv": [4.96, 4.96, 7.04, 7.04], "texture": "#mesh_palette"},
				"west": {"uv": [4.96, 4.96, 7.04, 7.04], "texture": "#mesh_palette"},
				"up": {"uv": [4.96, 4.96, 7.04, 7.04], "texture": "#mesh_palette"},
				"down": {"uv": [4.96, 4.96, 7.04, 7.04], "texture": "#mesh_palette"}
			}
		},
		{
			"name": "Voxels-6D6D6D",
			"from": [11, 15.5, 7.5],
			"to": [13, 16, 8.5],
			"faces": {
				"north": {"uv": [8.96, 4.96, 11.04, 7.04], "texture": "#mesh_palette"},
				"east": {"uv": [8.96, 4.96, 11.04, 7.04], "texture": "#mesh_palette"},
				"south": {"uv": [8.96, 4.96, 11.04, 7.04], "texture": "#mesh_palette"},
				"west": {"uv": [8.96, 4.96, 11.04, 7.04], "texture": "#mesh_palette"},
				"up": {"uv": [8.96, 4.96, 11.04, 7.04], "texture": "#mesh_palette"},
				"down": {"uv": [8.96, 4.96, 11.04, 7.04], "texture": "#mesh_palette"}
			}
		},
		{
			"name": "Voxels-6A6A6A",
			"from": [11, 16, 7],
			"to": [12, 17, 7.5],
			"faces": {
				"north": {"uv": [0.96, 8.96, 3.04, 11.04], "texture": "#mesh_palette"},
				"east": {"uv": [0.96, 8.96, 3.04, 11.04], "texture": "#mesh_palette"},
				"south": {"uv": [0.96, 8.96, 3.04, 11.04], "texture": "#mesh_palette"},
				"west": {"uv": [0.96, 8.96, 3.04, 11.04], "texture": "#mesh_palette"},
				"up": {"uv": [0.96, 8.96, 3.04, 11.04], "texture": "#mesh_palette"},
				"down": {"uv": [0.96, 8.96, 3.04, 11.04], "texture": "#mesh_palette"}
			}
		},
		{
			"name": "Voxels-6A6A6A",
			"from": [11, 16, 8.5],
			"to": [12, 17, 9],
			"faces": {
				"north": {"uv": [0.96, 8.96, 3.04, 11.04], "texture": "#mesh_palette"},
				"east": {"uv": [0.96, 8.96, 3.04, 11.04], "texture": "#mesh_palette"},
				"south": {"uv": [0.96, 8.96, 3.04, 11.04], "texture": "#mesh_palette"},
				"west": {"uv": [0.96, 8.96, 3.04, 11.04], "texture": "#mesh_palette"},
				"up": {"uv": [0.96, 8.96, 3.04, 11.04], "texture": "#mesh_palette"},
				"down": {"uv": [0.96, 8.96, 3.04, 11.04], "texture": "#mesh_palette"}
			}
		},
		{
			"name": "Voxels-767676",
			"from": [11.5, 14, 7.5],
			"to": [13.5, 15, 8.5],
			"faces": {
				"north": {"uv": [12.96, 4.96, 15.04, 7.04], "texture": "#mesh_palette"},
				"east": {"uv": [12.96, 4.96, 15.04, 7.04], "texture": "#mesh_palette"},
				"south": {"uv": [12.96, 4.96, 15.04, 7.04], "texture": "#mesh_palette"},
				"west": {"uv": [12.96, 4.96, 15.04, 7.04], "texture": "#mesh_palette"},
				"up": {"uv": [12.96, 4.96, 15.04, 7.04], "texture": "#mesh_palette"},
				"down": {"uv": [12.96, 4.96, 15.04, 7.04], "texture": "#mesh_palette"}
			}
		},
		{
			"name": "Voxels-717171",
			"from": [11.5, 15, 7],
			"to": [12.5, 15.5, 7.5],
			"faces": {
				"north": {"uv": [4.96, 4.96, 7.04, 7.04], "texture": "#mesh_palette"},
				"east": {"uv": [4.96, 4.96, 7.04, 7.04], "texture": "#mesh_palette"},
				"south": {"uv": [4.96, 4.96, 7.04, 7.04], "texture": "#mesh_palette"},
				"west": {"uv": [4.96, 4.96, 7.04, 7.04], "texture": "#mesh_palette"},
				"up": {"uv": [4.96, 4.96, 7.04, 7.04], "texture": "#mesh_palette"},
				"down": {"uv": [4.96, 4.96, 7.04, 7.04], "texture": "#mesh_palette"}
			}
		},
		{
			"name": "Voxels-717171",
			"from": [11.5, 15, 8.5],
			"to": [12.5, 15.5, 9],
			"faces": {
				"north": {"uv": [4.96, 4.96, 7.04, 7.04], "texture": "#mesh_palette"},
				"east": {"uv": [4.96, 4.96, 7.04, 7.04], "texture": "#mesh_palette"},
				"south": {"uv": [4.96, 4.96, 7.04, 7.04], "texture": "#mesh_palette"},
				"west": {"uv": [4.96, 4.96, 7.04, 7.04], "texture": "#mesh_palette"},
				"up": {"uv": [4.96, 4.96, 7.04, 7.04], "texture": "#mesh_palette"},
				"down": {"uv": [4.96, 4.96, 7.04, 7.04], "texture": "#mesh_palette"}
			}
		},
		{
			"name": "Voxels-6D6D6D",
			"from": [11.5, 15.5, 7],
			"to": [12.5, 16, 7.5],
			"faces": {
				"north": {"uv": [8.96, 4.96, 11.04, 7.04], "texture": "#mesh_palette"},
				"east": {"uv": [8.96, 4.96, 11.04, 7.04], "texture": "#mesh_palette"},
				"south": {"uv": [8.96, 4.96, 11.04, 7.04], "texture": "#mesh_palette"},
				"west": {"uv": [8.96, 4.96, 11.04, 7.04], "texture": "#mesh_palette"},
				"up": {"uv": [8.96, 4.96, 11.04, 7.04], "texture": "#mesh_palette"},
				"down": {"uv": [8.96, 4.96, 11.04, 7.04], "texture": "#mesh_palette"}
			}
		},
		{
			"name": "Voxels-6D6D6D",
			"from": [11.5, 15.5, 8.5],
			"to": [12.5, 16, 9],
			"faces": {
				"north": {"uv": [8.96, 4.96, 11.04, 7.04], "texture": "#mesh_palette"},
				"east": {"uv": [8.96, 4.96, 11.04, 7.04], "texture": "#mesh_palette"},
				"south": {"uv": [8.96, 4.96, 11.04, 7.04], "texture": "#mesh_palette"},
				"west": {"uv": [8.96, 4.96, 11.04, 7.04], "texture": "#mesh_palette"},
				"up": {"uv": [8.96, 4.96, 11.04, 7.04], "texture": "#mesh_palette"},
				"down": {"uv": [8.96, 4.96, 11.04, 7.04], "texture": "#mesh_palette"}
			}
		},
		{
			"name": "Voxels-767676",
			"from": [12, 13.5, 7.5],
			"to": [13.5, 14, 8.5],
			"faces": {
				"north": {"uv": [12.96, 4.96, 15.04, 7.04], "texture": "#mesh_palette"},
				"east": {"uv": [12.96, 4.96, 15.04, 7.04], "texture": "#mesh_palette"},
				"south": {"uv": [12.96, 4.96, 15.04, 7.04], "texture": "#mesh_palette"},
				"west": {"uv": [12.96, 4.96, 15.04, 7.04], "texture": "#mesh_palette"},
				"up": {"uv": [12.96, 4.96, 15.04, 7.04], "texture": "#mesh_palette"},
				"down": {"uv": [12.96, 4.96, 15.04, 7.04], "texture": "#mesh_palette"}
			}
		},
		{
			"name": "Voxels-767676",
			"from": [12, 14, 7],
			"to": [13, 15, 7.5],
			"faces": {
				"north": {"uv": [12.96, 4.96, 15.04, 7.04], "texture": "#mesh_palette"},
				"east": {"uv": [12.96, 4.96, 15.04, 7.04], "texture": "#mesh_palette"},
				"south": {"uv": [12.96, 4.96, 15.04, 7.04], "texture": "#mesh_palette"},
				"west": {"uv": [12.96, 4.96, 15.04, 7.04], "texture": "#mesh_palette"},
				"up": {"uv": [12.96, 4.96, 15.04, 7.04], "texture": "#mesh_palette"},
				"down": {"uv": [12.96, 4.96, 15.04, 7.04], "texture": "#mesh_palette"}
			}
		},
		{
			"name": "Voxels-767676",
			"from": [12, 14, 8.5],
			"to": [13, 15, 9],
			"faces": {
				"north": {"uv": [12.96, 4.96, 15.04, 7.04], "texture": "#mesh_palette"},
				"east": {"uv": [12.96, 4.96, 15.04, 7.04], "texture": "#mesh_palette"},
				"south": {"uv": [12.96, 4.96, 15.04, 7.04], "texture": "#mesh_palette"},
				"west": {"uv": [12.96, 4.96, 15.04, 7.04], "texture": "#mesh_palette"},
				"up": {"uv": [12.96, 4.96, 15.04, 7.04], "texture": "#mesh_palette"},
				"down": {"uv": [12.96, 4.96, 15.04, 7.04], "texture": "#mesh_palette"}
			}
		},
		{
			"name": "Voxels-6D6D6D",
			"from": [12, 16, 7.5],
			"to": [12.5, 16.5, 8.5],
			"faces": {
				"north": {"uv": [8.96, 4.96, 11.04, 7.04], "texture": "#mesh_palette"},
				"east": {"uv": [8.96, 4.96, 11.04, 7.04], "texture": "#mesh_palette"},
				"south": {"uv": [8.96, 4.96, 11.04, 7.04], "texture": "#mesh_palette"},
				"west": {"uv": [8.96, 4.96, 11.04, 7.04], "texture": "#mesh_palette"},
				"up": {"uv": [8.96, 4.96, 11.04, 7.04], "texture": "#mesh_palette"},
				"down": {"uv": [8.96, 4.96, 11.04, 7.04], "texture": "#mesh_palette"}
			}
		},
		{
			"name": "Voxels-6A6A6A",
			"from": [12, 16.5, 7.5],
			"to": [12.5, 17, 8.5],
			"faces": {
				"north": {"uv": [0.96, 8.96, 3.04, 11.04], "texture": "#mesh_palette"},
				"east": {"uv": [0.96, 8.96, 3.04, 11.04], "texture": "#mesh_palette"},
				"south": {"uv": [0.96, 8.96, 3.04, 11.04], "texture": "#mesh_palette"},
				"west": {"uv": [0.96, 8.96, 3.04, 11.04], "texture": "#mesh_palette"},
				"up": {"uv": [0.96, 8.96, 3.04, 11.04], "texture": "#mesh_palette"},
				"down": {"uv": [0.96, 8.96, 3.04, 11.04], "texture": "#mesh_palette"}
			}
		},
		{
			"name": "Voxels-767676",
			"from": [12.5, 13, 7],
			"to": [13.5, 14, 7.5],
			"faces": {
				"north": {"uv": [12.96, 4.96, 15.04, 7.04], "texture": "#mesh_palette"},
				"east": {"uv": [12.96, 4.96, 15.04, 7.04], "texture": "#mesh_palette"},
				"south": {"uv": [12.96, 4.96, 15.04, 7.04], "texture": "#mesh_palette"},
				"west": {"uv": [12.96, 4.96, 15.04, 7.04], "texture": "#mesh_palette"},
				"up": {"uv": [12.96, 4.96, 15.04, 7.04], "texture": "#mesh_palette"},
				"down": {"uv": [12.96, 4.96, 15.04, 7.04], "texture": "#mesh_palette"}
			}
		},
		{
			"name": "Voxels-767676",
			"from": [12.5, 13, 8.5],
			"to": [13.5, 14, 9],
			"faces": {
				"north": {"uv": [12.96, 4.96, 15.04, 7.04], "texture": "#mesh_palette"},
				"east": {"uv": [12.96, 4.96, 15.04, 7.04], "texture": "#mesh_palette"},
				"south": {"uv": [12.96, 4.96, 15.04, 7.04], "texture": "#mesh_palette"},
				"west": {"uv": [12.96, 4.96, 15.04, 7.04], "texture": "#mesh_palette"},
				"up": {"uv": [12.96, 4.96, 15.04, 7.04], "texture": "#mesh_palette"},
				"down": {"uv": [12.96, 4.96, 15.04, 7.04], "texture": "#mesh_palette"}
			}
		},
		{
			"name": "Voxels-767676",
			"from": [12.5, 15, 7.5],
			"to": [13, 15.5, 8.5],
			"faces": {
				"north": {"uv": [12.96, 4.96, 15.04, 7.04], "texture": "#mesh_palette"},
				"east": {"uv": [12.96, 4.96, 15.04, 7.04], "texture": "#mesh_palette"},
				"south": {"uv": [12.96, 4.96, 15.04, 7.04], "texture": "#mesh_palette"},
				"west": {"uv": [12.96, 4.96, 15.04, 7.04], "texture": "#mesh_palette"},
				"up": {"uv": [12.96, 4.96, 15.04, 7.04], "texture": "#mesh_palette"},
				"down": {"uv": [12.96, 4.96, 15.04, 7.04], "texture": "#mesh_palette"}
			}
		},
		{
			"name": "Voxels-767676",
			"from": [13, 12.5, 7],
			"to": [13.5, 13, 7.5],
			"faces": {
				"north": {"uv": [12.96, 4.96, 15.04, 7.04], "texture": "#mesh_palette"},
				"east": {"uv": [12.96, 4.96, 15.04, 7.04], "texture": "#mesh_palette"},
				"south": {"uv": [12.96, 4.96, 15.04, 7.04], "texture": "#mesh_palette"},
				"west": {"uv": [12.96, 4.96, 15.04, 7.04], "texture": "#mesh_palette"},
				"up": {"uv": [12.96, 4.96, 15.04, 7.04], "texture": "#mesh_palette"},
				"down": {"uv": [12.96, 4.96, 15.04, 7.04], "texture": "#mesh_palette"}
			}
		},
		{
			"name": "Voxels-767676",
			"from": [13, 12.5, 8.5],
			"to": [13.5, 13, 9],
			"faces": {
				"north": {"uv": [12.96, 4.96, 15.04, 7.04], "texture": "#mesh_palette"},
				"east": {"uv": [12.96, 4.96, 15.04, 7.04], "texture": "#mesh_palette"},
				"south": {"uv": [12.96, 4.96, 15.04, 7.04], "texture": "#mesh_palette"},
				"west": {"uv": [12.96, 4.96, 15.04, 7.04], "texture": "#mesh_palette"},
				"up": {"uv": [12.96, 4.96, 15.04, 7.04], "texture": "#mesh_palette"},
				"down": {"uv": [12.96, 4.96, 15.04, 7.04], "texture": "#mesh_palette"}
			}
		}
	],
	"display": {
		"thirdperson_righthand": {
			"rotation": [0, 90, 0],
			"translation": [0, 0.5, 0],
			"scale": [0.7, 0.87383, 0.7]
		},
		"thirdperson_lefthand": {
			"rotation": [0, -90, 0],
			"scale": [0.7, 0.7, 0.7]
		},
		"firstperson_righthand": {
			"rotation": [131, 86, -100],
			"translation": [-0.695, 3.4775, -0.695],
			"scale": [0.8, 0.8, 0.8]
		},
		"firstperson_lefthand": {
			"rotation": [-131, -86, -149],
			"translation": [-0.695, 3.4775, -0.695],
			"scale": [0.8, 0.8, 0.8]
		},
		"ground": {
			"rotation": [90, 0, 0]
		},
		"gui": {
			"rotation": [0, 180, 55],
			"scale": [0.9, 0.9, 0.9]
		},
		"fixed": {
			"rotation": [0, 0, 55]
		}
	}
}