{
	"credit": "Made with Blockbench",
	"textures": {
		"c4": "block/aa22"
	},
	"elements": [
		{
			"from": [3.4375, -1, 4],
			"to": [6.4375, 12, 7],
			"faces": {
				"north": {"uv": [0, 0, 1.125, 4.875], "texture": "#c4"},
				"east": {"uv": [0, 0, 1.125, 4.875], "texture": "#c4"},
				"south": {"uv": [0, 0, 1.125, 4.875], "texture": "#c4"},
				"west": {"uv": [0, 0, 1.125, 4.875], "texture": "#c4"},
				"up": {"uv": [0, 0, 1.125, 1.125], "texture": "#c4"},
				"down": {"uv": [0, 3.75, 1.125, 4.875], "texture": "#c4"}
			}
		},
		{
			"from": [6.5, -1, 4],
			"to": [9.5, 12, 7],
			"faces": {
				"north": {"uv": [1.25, 0, 2.375, 4.875], "texture": "#c4"},
				"east": {"uv": [1.25, 0, 2.375, 4.875], "texture": "#c4"},
				"south": {"uv": [1.25, 0, 2.375, 4.875], "texture": "#c4"},
				"west": {"uv": [1.25, 0, 2.375, 4.875], "texture": "#c4"},
				"up": {"uv": [1.25, 0, 2.375, 1.125], "texture": "#c4"},
				"down": {"uv": [1.25, 3.75, 2.375, 4.875], "texture": "#c4"}
			}
		},
		{
			"from": [9.5625, -1, 4],
			"to": [12.5625, 12, 7],
			"faces": {
				"north": {"uv": [2.5, 0, 3.625, 4.875], "texture": "#c4"},
				"east": {"uv": [2.5, 0, 3.625, 4.875], "texture": "#c4"},
				"south": {"uv": [2.5, 0, 3.625, 4.875], "texture": "#c4"},
				"west": {"uv": [2.5, 0, 3.625, 4.875], "texture": "#c4"},
				"up": {"uv": [2.5, 0, 3.625, 1.125], "texture": "#c4"},
				"down": {"uv": [2.5, 3.75, 3.625, 4.875], "texture": "#c4"}
			}
		},
		{
			"from": [6, 1, 6.5],
			"to": [10, 8.5, 7.5],
			"faces": {
				"north": {"uv": [12, 2.625, 12.875, 3.5], "texture": "#c4"},
				"east": {"uv": [12, 2.625, 12.875, 3.5], "texture": "#c4"},
				"south": {"uv": [12, 2.625, 12.875, 3.5], "texture": "#c4"},
				"west": {"uv": [12, 2.625, 12.875, 3.5], "texture": "#c4"},
				"up": {"uv": [12, 2.625, 12.875, 3.5], "texture": "#c4"},
				"down": {"uv": [12, 2.625, 12.875, 3.5], "texture": "#c4"}
			}
		},
		{
			"from": [5.25, 8.5, 6.5],
			"to": [10.75, 11, 7.5],
			"faces": {
				"north": {"uv": [12, 2.625, 12.875, 3.5], "texture": "#c4"},
				"east": {"uv": [12, 2.625, 12.875, 3.5], "texture": "#c4"},
				"south": {"uv": [12, 2.625, 12.875, 3.5], "texture": "#c4"},
				"west": {"uv": [12, 2.625, 12.875, 3.5], "texture": "#c4"},
				"up": {"uv": [12, 2.625, 12.875, 3.5], "texture": "#c4"},
				"down": {"uv": [12, 2.625, 12.875, 3.5], "texture": "#c4"}
			}
		},
		{
			"from": [2.625, 8.375, 3.9375],
			"to": [12.625, 9.375, 7.5625],
			"faces": {
				"north": {"uv": [8.25, 2.625, 11.875, 3.5], "texture": "#c4"},
				"east": {"uv": [8.25, 2.625, 11.875, 3.5], "texture": "#c4"},
				"south": {"uv": [8.25, 2.625, 11.875, 3.5], "texture": "#c4"},
				"west": {"uv": [8.25, 2.625, 11.875, 3.5], "texture": "#c4"},
				"up": {"uv": [8.25, 2.625, 11.875, 3.5], "texture": "#c4"},
				"down": {"uv": [8.25, 2.625, 11.875, 3.5], "texture": "#c4"}
			}
		},
		{
			"from": [5.625, 9.5625, 7.0625],
			"to": [10.375, 10.8125, 7.5625],
			"faces": {
				"north": {"uv": [8.25, 0, 15.75, 2.5], "texture": "#c4"},
				"east": {"uv": [15.625, 0, 15.75, 2.5], "texture": "#c4"},
				"south": {"uv": [8.25, 0, 15.75, 2.5], "texture": "#c4"},
				"west": {"uv": [8.25, 0, 8.375, 2.5], "texture": "#c4"},
				"up": {"uv": [8.25, 0, 15.75, 0.125], "texture": "#c4"},
				"down": {"uv": [8.25, 2.375, 15.75, 2.5], "texture": "#c4"}
			}
		},
		{
			"from": [3.375, 0, 3.9375],
			"to": [12.625, 1, 7.6875],
			"faces": {
				"north": {"uv": [8.25, 2.625, 11.875, 3.5], "texture": "#c4"},
				"east": {"uv": [8.25, 2.625, 11.875, 3.5], "texture": "#c4"},
				"south": {"uv": [8.25, 2.625, 11.875, 3.5], "texture": "#c4"},
				"west": {"uv": [8.25, 2.625, 11.875, 3.5], "texture": "#c4"},
				"up": {"uv": [8.25, 2.625, 11.875, 3.5], "texture": "#c4"},
				"down": {"uv": [8.25, 2.625, 11.875, 3.5], "texture": "#c4"}
			}
		},
		{
			"from": [6.25, 1.75, 7.5],
			"to": [9.5, 6.25, 8],
			"faces": {
				"north": {"uv": [9.5, 6.125, 12.625, 10.875], "texture": "#c4"},
				"east": {"uv": [9.5, 6.125, 9.875, 10.875], "texture": "#c4"},
				"south": {"uv": [9.375, 6, 12.75, 11], "texture": "#c4"},
				"west": {"uv": [12.125, 6.125, 12.625, 10.875], "texture": "#c4"},
				"up": {"uv": [9.5, 6.125, 12.625, 6.625], "texture": "#c4"},
				"down": {"uv": [9.5, 10.375, 12.625, 10.875], "texture": "#c4"}
			}
		},
		{
			"from": [8.5, 2.25, 7.75],
			"to": [9, 2.75, 8.25],
			"faces": {
				"north": {"uv": [6.75, 4.5, 8.125, 5.875], "texture": "#c4"},
				"east": {"uv": [8.25, 3.625, 9.125, 4.5], "texture": "#c4"},
				"south": {"uv": [6.75, 4.5, 8.125, 5.875], "texture": "#c4"},
				"west": {"uv": [8.25, 3.625, 9.125, 4.5], "texture": "#c4"},
				"up": {"uv": [8.25, 3.625, 9.125, 4.5], "texture": "#c4"},
				"down": {"uv": [8.25, 3.625, 9.125, 4.5], "texture": "#c4"}
			}
		},
		{
			"from": [6.75, 2.25, 7.75],
			"to": [7.25, 2.75, 8.25],
			"faces": {
				"north": {"uv": [3.75, 4.5, 5.125, 5.875], "texture": "#c4"},
				"east": {"uv": [8.25, 3.625, 9.125, 4.5], "texture": "#c4"},
				"south": {"uv": [3.75, 4.5, 5.125, 5.875], "texture": "#c4"},
				"west": {"uv": [8.25, 3.625, 9.125, 4.5], "texture": "#c4"},
				"up": {"uv": [8.25, 3.625, 9.125, 4.5], "texture": "#c4"},
				"down": {"uv": [8.25, 3.625, 9.125, 4.5], "texture": "#c4"}
			}
		},
		{
			"from": [6.75, 3.25, 7.75],
			"to": [7.25, 3.75, 8.25],
			"faces": {
				"north": {"uv": [3.75, 3, 5.125, 4.375], "texture": "#c4"},
				"east": {"uv": [8.25, 3.625, 9.125, 4.5], "texture": "#c4"},
				"south": {"uv": [3.75, 3, 5.125, 4.375], "texture": "#c4"},
				"west": {"uv": [8.25, 3.625, 9.125, 4.5], "texture": "#c4"},
				"up": {"uv": [8.25, 3.625, 9.125, 4.5], "texture": "#c4"},
				"down": {"uv": [8.25, 3.625, 9.125, 4.5], "texture": "#c4"}
			}
		},
		{
			"from": [6.75, 4.25, 7.75],
			"to": [7.25, 4.75, 8.25],
			"faces": {
				"north": {"uv": [3.75, 1.5, 5.125, 2.875], "texture": "#c4"},
				"east": {"uv": [8.25, 3.625, 9.125, 4.5], "texture": "#c4"},
				"south": {"uv": [3.75, 1.5, 5.125, 2.875], "texture": "#c4"},
				"west": {"uv": [8.25, 3.625, 9.125, 4.5], "texture": "#c4"},
				"up": {"uv": [8.25, 3.625, 9.125, 4.5], "texture": "#c4"},
				"down": {"uv": [8.25, 3.625, 9.125, 4.5], "texture": "#c4"}
			}
		},
		{
			"from": [6.75, 5.25, 7.75],
			"to": [7.25, 5.75, 8.25],
			"faces": {
				"north": {"uv": [3.75, 0, 5.125, 1.375], "texture": "#c4"},
				"east": {"uv": [8.25, 3.625, 9.125, 4.5], "texture": "#c4"},
				"south": {"uv": [3.75, 0, 5.125, 1.375], "texture": "#c4"},
				"west": {"uv": [8.25, 3.625, 9.125, 4.5], "texture": "#c4"},
				"up": {"uv": [8.25, 3.625, 9.125, 4.5], "texture": "#c4"},
				"down": {"uv": [8.25, 3.625, 9.125, 4.5], "texture": "#c4"}
			}
		},
		{
			"from": [8.5, 3.25, 7.75],
			"to": [9, 3.75, 8.25],
			"faces": {
				"north": {"uv": [6.75, 3, 8.125, 4.375], "texture": "#c4"},
				"east": {"uv": [8.25, 3.625, 9.125, 4.5], "texture": "#c4"},
				"south": {"uv": [6.75, 3, 8.125, 4.375], "texture": "#c4"},
				"west": {"uv": [8.25, 3.625, 9.125, 4.5], "texture": "#c4"},
				"up": {"uv": [8.25, 3.625, 9.125, 4.5], "texture": "#c4"},
				"down": {"uv": [8.25, 3.625, 9.125, 4.5], "texture": "#c4"}
			}
		},
		{
			"from": [8.5, 4.25, 7.75],
			"to": [9, 4.75, 8.25],
			"faces": {
				"north": {"uv": [6.75, 1.5, 8.125, 2.875], "texture": "#c4"},
				"east": {"uv": [8.25, 3.625, 9.125, 4.5], "texture": "#c4"},
				"south": {"uv": [6.75, 1.5, 8.125, 2.875], "texture": "#c4"},
				"west": {"uv": [8.25, 3.625, 9.125, 4.5], "texture": "#c4"},
				"up": {"uv": [8.25, 3.625, 9.125, 4.5], "texture": "#c4"},
				"down": {"uv": [8.25, 3.625, 9.125, 4.5], "texture": "#c4"}
			}
		},
		{
			"from": [8.5, 5.25, 7.75],
			"to": [9, 5.75, 8.25],
			"faces": {
				"north": {"uv": [6.75, 0, 8.125, 1.375], "texture": "#c4"},
				"east": {"uv": [8.25, 3.625, 9.125, 4.5], "texture": "#c4"},
				"south": {"uv": [6.75, 0, 8.125, 1.375], "texture": "#c4"},
				"west": {"uv": [8.25, 3.625, 9.125, 4.5], "texture": "#c4"},
				"up": {"uv": [8.25, 3.625, 9.125, 4.5], "texture": "#c4"},
				"down": {"uv": [8.25, 3.625, 9.125, 4.5], "texture": "#c4"}
			}
		},
		{
			"from": [7.625, 2.25, 7.75],
			"to": [8.125, 2.75, 8.25],
			"faces": {
				"north": {"uv": [5.25, 4.5, 6.625, 5.875], "texture": "#c4"},
				"east": {"uv": [8.25, 3.625, 9.125, 4.5], "texture": "#c4"},
				"south": {"uv": [5.25, 4.5, 6.625, 5.875], "texture": "#c4"},
				"west": {"uv": [8.25, 3.625, 9.125, 4.5], "texture": "#c4"},
				"up": {"uv": [8.25, 3.625, 9.125, 4.5], "texture": "#c4"},
				"down": {"uv": [8.25, 3.625, 9.125, 4.5], "texture": "#c4"}
			}
		},
		{
			"from": [7.625, 3.25, 7.75],
			"to": [8.125, 3.75, 8.25],
			"faces": {
				"north": {"uv": [5.25, 3, 6.625, 4.375], "texture": "#c4"},
				"east": {"uv": [8.25, 3.625, 9.125, 4.5], "texture": "#c4"},
				"south": {"uv": [5.25, 3, 6.625, 4.375], "texture": "#c4"},
				"west": {"uv": [8.25, 3.625, 9.125, 4.5], "texture": "#c4"},
				"up": {"uv": [8.25, 3.625, 9.125, 4.5], "texture": "#c4"},
				"down": {"uv": [8.25, 3.625, 9.125, 4.5], "texture": "#c4"}
			}
		},
		{
			"from": [7.625, 4.25, 7.75],
			"to": [8.125, 4.75, 8.25],
			"faces": {
				"north": {"uv": [5.25, 1.5, 6.625, 2.875], "texture": "#c4"},
				"east": {"uv": [8.25, 3.625, 9.125, 4.5], "texture": "#c4"},
				"south": {"uv": [5.25, 1.5, 6.625, 2.875], "texture": "#c4"},
				"west": {"uv": [8.25, 3.625, 9.125, 4.5], "texture": "#c4"},
				"up": {"uv": [8.25, 3.625, 9.125, 4.5], "texture": "#c4"},
				"down": {"uv": [8.25, 3.625, 9.125, 4.5], "texture": "#c4"}
			}
		},
		{
			"from": [7.625, 5.25, 7.75],
			"to": [8.125, 5.75, 8.25],
			"faces": {
				"north": {"uv": [5.25, 0, 6.625, 1.375], "texture": "#c4"},
				"east": {"uv": [8.25, 3.625, 9.125, 4.5], "texture": "#c4"},
				"south": {"uv": [5.25, 0, 6.625, 1.375], "texture": "#c4"},
				"west": {"uv": [8.25, 3.625, 9.125, 4.5], "texture": "#c4"},
				"up": {"uv": [8.25, 3.625, 9.125, 4.5], "texture": "#c4"},
				"down": {"uv": [8.25, 3.625, 9.125, 4.5], "texture": "#c4"}
			}
		},
		{
			"from": [5.75, 6.5, 6.875],
			"to": [9.75, 7, 7.625],
			"faces": {
				"north": {"uv": [9.25, 3.625, 12, 3.875], "texture": "#c4"},
				"east": {"uv": [9.25, 3.625, 9.75, 3.875], "texture": "#c4"},
				"south": {"uv": [9.25, 3.625, 12, 3.875], "texture": "#c4"},
				"west": {"uv": [9.25, 3.625, 9.75, 3.875], "texture": "#c4"},
				"up": {"uv": [9.25, 3.625, 12, 3.875], "texture": "#c4"},
				"down": {"uv": [9.25, 3.625, 12, 3.875], "texture": "#c4"}
			}
		},
		{
			"from": [9.48, 3.5, 7.25],
			"to": [9.98, 5.5, 7.75],
			"faces": {
				"north": {"uv": [8.25, 4.625, 8.625, 5.625], "texture": "#c4"},
				"east": {"uv": [8.25, 4.625, 8.625, 5.625], "texture": "#c4"},
				"south": {"uv": [8.25, 4.625, 8.625, 5.625], "texture": "#c4"},
				"west": {"uv": [8.25, 4.625, 8.625, 5.625], "texture": "#c4"},
				"up": {"uv": [8.25, 4.625, 8.625, 5], "texture": "#c4"},
				"down": {"uv": [8.25, 4.625, 8.625, 5], "texture": "#c4"}
			}
		},
		{
			"from": [9, 9.4375, 7.3125],
			"to": [10, 9.6875, 8.0625],
			"faces": {
				"north": {"uv": [4.625, 9.25, 6.25, 9.625], "texture": "#c4"},
				"east": {"uv": [4.625, 9.25, 5.5, 9.625], "texture": "#c4"},
				"south": {"uv": [4.625, 9.625, 6.25, 10], "texture": "#c4"},
				"west": {"uv": [4.625, 9.25, 5.5, 9.625], "texture": "#c4"},
				"up": {"uv": [6.125, 10, 4.625, 9.25], "texture": "#c4"},
				"down": {"uv": [6.125, 10, 4.625, 9.25], "texture": "#c4"}
			}
		},
		{
			"from": [2.6875, 7.625, 4.5],
			"to": [3.4375, 10.625, 6.5],
			"faces": {
				"north": {"uv": [8.25, 6, 9.25, 9.125], "texture": "#c4"},
				"east": {"uv": [4.625, 6, 6.25, 9.125], "texture": "#c4"},
				"south": {"uv": [7.125, 6, 8.125, 9.125], "texture": "#c4"},
				"west": {"uv": [4.625, 6, 6.25, 9.125], "texture": "#c4"},
				"up": {"uv": [4.625, 9.25, 6.25, 10], "rotation": 90, "texture": "#c4"},
				"down": {"uv": [4.625, 9.25, 6.25, 10], "texture": "#c4"}
			}
		},
		{
			"from": [6.375, 7.3125, 7.3125],
			"to": [6.875, 7.8125, 7.8125],
			"faces": {
				"north": {"uv": [0, 5, 0.75, 5.75], "texture": "#c4"},
				"east": {"uv": [0, 5, 0.75, 5.125], "texture": "#c4"},
				"south": {"uv": [0, 5, 0.75, 5.75], "texture": "#c4"},
				"west": {"uv": [0, 5, 0.75, 5.125], "texture": "#c4"},
				"up": {"uv": [0, 5, 0.75, 5.125], "texture": "#c4"},
				"down": {"uv": [0, 5, 0.75, 5.125], "texture": "#c4"}
			}
		},
		{
			"from": [8, 7.4375, 7.3125],
			"to": [8.5, 7.9375, 8.3125],
			"faces": {
				"north": {"uv": [9.25, 4, 9.75, 4.5], "texture": "#c4"},
				"east": {"uv": [9.25, 4, 9.75, 4.5], "texture": "#c4"},
				"south": {"uv": [9.25, 4, 9.75, 4.5], "texture": "#c4"},
				"west": {"uv": [9.25, 4, 9.75, 4.5], "texture": "#c4"},
				"up": {"uv": [9.25, 4, 9.75, 4.5], "texture": "#c4"},
				"down": {"uv": [9.25, 4, 9.75, 4.5], "texture": "#c4"}
			}
		},
		{
			"from": [9, 7.4375, 7.3125],
			"to": [9.5, 7.9375, 8.3125],
			"faces": {
				"north": {"uv": [9.25, 4, 9.75, 4.5], "texture": "#c4"},
				"east": {"uv": [9.25, 4, 9.75, 4.5], "texture": "#c4"},
				"south": {"uv": [9.25, 4, 9.75, 4.5], "texture": "#c4"},
				"west": {"uv": [9.25, 4, 9.75, 4.5], "texture": "#c4"},
				"up": {"uv": [9.25, 4, 9.75, 4.5], "texture": "#c4"},
				"down": {"uv": [9.25, 4, 9.75, 4.5], "texture": "#c4"}
			}
		},
		{
			"from": [7.25, 7.125, 7.5],
			"to": [7.6875, 7.9375, 8],
			"faces": {
				"north": {"uv": [8.75, 4.625, 9, 5.125], "texture": "#c4"},
				"east": {"uv": [8.75, 4.625, 9, 5.125], "texture": "#c4"},
				"south": {"uv": [8.75, 4.625, 9, 5.125], "texture": "#c4"},
				"west": {"uv": [8.75, 4.625, 9, 5.125], "texture": "#c4"},
				"up": {"uv": [8.75, 4.625, 9, 5.125], "texture": "#c4"},
				"down": {"uv": [8.75, 4.625, 9, 5.125], "texture": "#c4"}
			}
		},
		{
			"from": [4.5, 12, 5.5],
			"to": [5, 13.5, 6],
			"faces": {
				"north": {"uv": [0.875, 5, 1.375, 6.25], "texture": "#c4"},
				"east": {"uv": [0.875, 5, 1.375, 6.25], "texture": "#c4"},
				"south": {"uv": [0.875, 5, 1.375, 6.25], "texture": "#c4"},
				"west": {"uv": [0.875, 5, 1.375, 6.25], "texture": "#c4"},
				"up": {"uv": [0.875, 5, 1.375, 5.5], "texture": "#c4"},
				"down": {"uv": [0.875, 5.75, 1.375, 6.25], "texture": "#c4"}
			}
		},
		{
			"from": [8, 12, 5.5],
			"to": [8.5, 13.5, 6],
			"faces": {
				"north": {"uv": [1.5, 5, 2, 6.25], "texture": "#c4"},
				"east": {"uv": [1.5, 5, 2, 6.25], "texture": "#c4"},
				"south": {"uv": [1.5, 5, 2, 6.25], "texture": "#c4"},
				"west": {"uv": [1.5, 5, 2, 6.25], "texture": "#c4"},
				"up": {"uv": [1.5, 5, 2, 5.5], "texture": "#c4"},
				"down": {"uv": [1.5, 5.75, 2, 6.25], "texture": "#c4"}
			}
		},
		{
			"from": [10.5, 12, 5.5],
			"to": [11, 13.5, 6],
			"faces": {
				"north": {"uv": [2.125, 5, 2.625, 6.25], "texture": "#c4"},
				"east": {"uv": [2.125, 5, 2.625, 6.25], "texture": "#c4"},
				"south": {"uv": [2.125, 5, 2.625, 6.25], "texture": "#c4"},
				"west": {"uv": [2.125, 5, 2.625, 6.25], "texture": "#c4"},
				"up": {"uv": [2.125, 5.125, 2.625, 5.625], "texture": "#c4"},
				"down": {"uv": [2.125, 5.125, 2.625, 5.625], "texture": "#c4"}
			}
		},
		{
			"from": [3, 10.4375, 5],
			"to": [3.5, 10.9375, 6],
			"faces": {
				"north": {"uv": [6.375, 6, 7, 6.625], "texture": "#c4"},
				"east": {"uv": [6.375, 6, 7, 6.625], "texture": "#c4"},
				"south": {"uv": [6.375, 6, 7, 6.625], "texture": "#c4"},
				"west": {"uv": [6.375, 6, 7, 6.625], "texture": "#c4"},
				"up": {"uv": [6.375, 6, 7, 6.625], "texture": "#c4"},
				"down": {"uv": [6.375, 6, 7, 6.625], "texture": "#c4"}
			}
		},
		{
			"from": [3.5, -0.5, 6.625],
			"to": [6.25, 5, 7.125],
			"faces": {
				"north": {"uv": [0, 6.375, 2.125, 10], "texture": "#c4"},
				"east": {"uv": [2, 6.375, 2.125, 10], "texture": "#c4"},
				"south": {"uv": [0, 6.375, 2.125, 10], "texture": "#c4"},
				"west": {"uv": [0, 6.375, 0.125, 10], "texture": "#c4"},
				"up": {"uv": [0, 6.375, 2.125, 6.5], "texture": "#c4"},
				"down": {"uv": [0, 9.875, 2.125, 10], "texture": "#c4"}
			}
		},
		{
			"from": [9.5, 2, 7.5],
			"to": [10.5, 3, 8],
			"faces": {
				"north": {"uv": [10, 4.5, 10.75, 5.875], "texture": "#c4"},
				"east": {"uv": [10, 4.5, 10.75, 5.875], "texture": "#c4"},
				"south": {"uv": [10, 4.5, 10.75, 5.875], "texture": "#c4"},
				"west": {"uv": [10, 4.5, 10.75, 5.875], "texture": "#c4"},
				"up": {"uv": [10, 4.5, 10.75, 5.875], "texture": "#c4"},
				"down": {"uv": [10, 4.5, 10.75, 5.875], "texture": "#c4"}
			}
		},
		{
			"from": [10.125, 1.9375, 7.5],
			"to": [11.125, 2.9375, 8],
			"rotation": {"angle": 22.5, "axis": "z", "origin": [10.125, 2.9375, 7.5]},
			"faces": {
				"north": {"uv": [10, 4.5, 10.75, 5.875], "texture": "#c4"},
				"east": {"uv": [10, 4.5, 10.75, 5.875], "texture": "#c4"},
				"south": {"uv": [10, 4.5, 10.75, 5.875], "texture": "#c4"},
				"west": {"uv": [10, 4.5, 10.75, 5.875], "texture": "#c4"},
				"up": {"uv": [10, 4.5, 10.75, 5.875], "texture": "#c4"},
				"down": {"uv": [10, 4.5, 10.75, 5.875], "texture": "#c4"}
			}
		},
		{
			"from": [10.75, 2.125, 7.5],
			"to": [11.75, 3.125, 8],
			"rotation": {"angle": 45, "axis": "z", "origin": [10.75, 3.125, 7.5]},
			"faces": {
				"north": {"uv": [10, 4.5, 10.75, 5.875], "texture": "#c4"},
				"east": {"uv": [10, 4.5, 10.75, 5.875], "texture": "#c4"},
				"south": {"uv": [10, 4.5, 10.75, 5.875], "texture": "#c4"},
				"west": {"uv": [10, 4.5, 10.75, 5.875], "texture": "#c4"},
				"up": {"uv": [10, 4.5, 10.75, 5.875], "texture": "#c4"},
				"down": {"uv": [10, 4.5, 10.75, 5.875], "texture": "#c4"}
			}
		},
		{
			"from": [11.625, 3.4375, 7.5],
			"to": [12.625, 4.4375, 8],
			"rotation": {"angle": -22.5, "axis": "z", "origin": [11.625, 4.4375, 7.5]},
			"faces": {
				"north": {"uv": [10, 4.5, 10.75, 5.875], "texture": "#c4"},
				"east": {"uv": [10, 4.5, 10.75, 5.875], "texture": "#c4"},
				"south": {"uv": [10, 4.5, 10.75, 5.875], "texture": "#c4"},
				"west": {"uv": [10, 4.5, 10.75, 5.875], "texture": "#c4"},
				"up": {"uv": [10, 4.5, 10.75, 5.875], "texture": "#c4"},
				"down": {"uv": [10, 4.5, 10.75, 5.875], "texture": "#c4"}
			}
		},
		{
			"from": [11.5425, 4.0625, 7.5],
			"to": [12.5425, 5.375, 8],
			"faces": {
				"north": {"uv": [10, 4.5, 10.75, 5.875], "texture": "#c4"},
				"east": {"uv": [10, 4.5, 10.75, 5.875], "texture": "#c4"},
				"south": {"uv": [10, 4.5, 10.75, 5.875], "texture": "#c4"},
				"west": {"uv": [10, 4.5, 10.75, 5.875], "texture": "#c4"},
				"up": {"uv": [10, 4.5, 10.75, 5.875], "texture": "#c4"},
				"down": {"uv": [10, 4.5, 10.75, 5.875], "texture": "#c4"}
			}
		},
		{
			"from": [9, 9, 7.5],
			"to": [10, 9.4375, 8],
			"faces": {
				"north": {"uv": [10, 4.5, 10.75, 5.875], "texture": "#c4"},
				"east": {"uv": [10, 4.5, 10.75, 5.875], "texture": "#c4"},
				"south": {"uv": [10, 4.5, 10.75, 5.875], "texture": "#c4"},
				"west": {"uv": [10, 4.5, 10.75, 5.875], "texture": "#c4"},
				"up": {"uv": [10, 4.5, 10.75, 5.875], "texture": "#c4"},
				"down": {"uv": [10, 4.5, 10.75, 5.875], "texture": "#c4"}
			}
		},
		{
			"from": [9, 8, 7.5],
			"to": [10, 9, 8],
			"rotation": {"angle": 22.5, "axis": "z", "origin": [9, 9, 7.5]},
			"faces": {
				"north": {"uv": [10, 4.5, 10.75, 5.875], "texture": "#c4"},
				"east": {"uv": [10, 4.5, 10.75, 5.875], "texture": "#c4"},
				"south": {"uv": [10, 4.5, 10.75, 5.875], "texture": "#c4"},
				"west": {"uv": [10, 4.5, 10.75, 5.875], "texture": "#c4"},
				"up": {"uv": [10, 4.5, 10.75, 5.875], "texture": "#c4"},
				"down": {"uv": [10, 4.5, 10.75, 5.875], "texture": "#c4"}
			}
		},
		{
			"from": [9.375, 5.5625, 7.5],
			"to": [10.375, 8.0625, 8],
			"rotation": {"angle": 45, "axis": "z", "origin": [9.375, 8.0625, 7.5]},
			"faces": {
				"north": {"uv": [10, 4.5, 10.75, 5.875], "texture": "#c4"},
				"east": {"uv": [10, 4.5, 10.75, 5.875], "texture": "#c4"},
				"south": {"uv": [10, 4.5, 10.75, 5.875], "texture": "#c4"},
				"west": {"uv": [10, 4.5, 10.75, 5.875], "texture": "#c4"},
				"up": {"uv": [10, 4.5, 10.75, 5.875], "texture": "#c4"},
				"down": {"uv": [10, 4.5, 10.75, 5.875], "texture": "#c4"}
			}
		},
		{
			"from": [10, 10.625, 6.5625],
			"to": [11.5, 11.125, 7.0625],
			"faces": {
				"north": {"uv": [2.25, 6.375, 3.75, 6.875], "texture": "#c4"},
				"east": {"uv": [2.25, 6.375, 2.375, 6.875], "texture": "#c4"},
				"south": {"uv": [2.25, 6.375, 3.75, 6.875], "texture": "#c4"},
				"west": {"uv": [2.25, 6.375, 2.375, 6.875], "texture": "#c4"},
				"up": {"uv": [2.25, 6.375, 3.75, 6.5], "texture": "#c4"},
				"down": {"uv": [2.25, 6.375, 3.75, 6.5], "texture": "#c4"}
			}
		},
		{
			"from": [5.75, 5, 7.42],
			"to": [6.25, 6, 7.92],
			"faces": {
				"north": {"uv": [10, 4.5, 10.75, 5.875], "texture": "#c4"},
				"east": {"uv": [10, 4.5, 10.75, 5.875], "texture": "#c4"},
				"south": {"uv": [10, 4.5, 10.75, 5.875], "texture": "#c4"},
				"west": {"uv": [10, 4.5, 10.75, 5.875], "texture": "#c4"},
				"up": {"uv": [10, 4.5, 10.75, 5.875], "texture": "#c4"},
				"down": {"uv": [10, 4.5, 10.75, 5.875], "texture": "#c4"}
			}
		},
		{
			"from": [5.75, 2, 7.42],
			"to": [6.25, 3, 7.92],
			"faces": {
				"north": {"uv": [10, 4.5, 10.75, 5.875], "texture": "#c4"},
				"east": {"uv": [10, 4.5, 10.75, 5.875], "texture": "#c4"},
				"south": {"uv": [10, 4.5, 10.75, 5.875], "texture": "#c4"},
				"west": {"uv": [10, 4.5, 10.75, 5.875], "texture": "#c4"},
				"up": {"uv": [10, 4.5, 10.75, 5.875], "texture": "#c4"},
				"down": {"uv": [10, 4.5, 10.75, 5.875], "texture": "#c4"}
			}
		},
		{
			"from": [5.625, 2.125, 7.42],
			"to": [6.125, 3.125, 7.92],
			"rotation": {"angle": -22.5, "axis": "z", "origin": [5.625, 3.125, 7.42]},
			"faces": {
				"north": {"uv": [10, 4.5, 10.75, 5.875], "texture": "#c4"},
				"east": {"uv": [10, 4.5, 10.75, 5.875], "texture": "#c4"},
				"south": {"uv": [10, 4.5, 10.75, 5.875], "texture": "#c4"},
				"west": {"uv": [10, 4.5, 10.75, 5.875], "texture": "#c4"},
				"up": {"uv": [10, 4.5, 10.75, 5.875], "texture": "#c4"},
				"down": {"uv": [10, 4.5, 10.75, 5.875], "texture": "#c4"}
			}
		},
		{
			"from": [4.875, 2.0625, 7.42],
			"to": [5.875, 2.5625, 7.92],
			"rotation": {"angle": 45, "axis": "z", "origin": [4.875, 2.5625, 7.42]},
			"faces": {
				"north": {"uv": [10, 4.5, 10.75, 5.875], "texture": "#c4"},
				"east": {"uv": [10, 4.5, 10.75, 5.875], "texture": "#c4"},
				"south": {"uv": [10, 4.5, 10.75, 5.875], "texture": "#c4"},
				"west": {"uv": [10, 4.5, 10.75, 5.875], "texture": "#c4"},
				"up": {"uv": [10, 4.5, 10.75, 5.875], "texture": "#c4"},
				"down": {"uv": [10, 4.5, 10.75, 5.875], "texture": "#c4"}
			}
		},
		{
			"from": [4.6875, 2.5, 7.42],
			"to": [5.6875, 3, 7.92],
			"rotation": {"angle": 22.5, "axis": "z", "origin": [4.6875, 3, 7.42]},
			"faces": {
				"north": {"uv": [10, 4.5, 10.75, 5.875], "texture": "#c4"},
				"east": {"uv": [10, 4.5, 10.75, 5.875], "texture": "#c4"},
				"south": {"uv": [10, 4.5, 10.75, 5.875], "texture": "#c4"},
				"west": {"uv": [10, 4.5, 10.75, 5.875], "texture": "#c4"},
				"up": {"uv": [10, 4.5, 10.75, 5.875], "texture": "#c4"},
				"down": {"uv": [10, 4.5, 10.75, 5.875], "texture": "#c4"}
			}
		},
		{
			"from": [4.6875, 3, 7.42],
			"to": [5.6875, 5, 7.92],
			"faces": {
				"north": {"uv": [10, 4.5, 10.75, 5.875], "texture": "#c4"},
				"east": {"uv": [10, 4.5, 10.75, 5.875], "texture": "#c4"},
				"south": {"uv": [10, 4.5, 10.75, 5.875], "texture": "#c4"},
				"west": {"uv": [10, 4.5, 10.75, 5.875], "texture": "#c4"},
				"up": {"uv": [10, 4.5, 10.75, 5.875], "texture": "#c4"},
				"down": {"uv": [10, 4.5, 10.75, 5.875], "texture": "#c4"}
			}
		},
		{
			"from": [5.25, 4.8125, 7.42],
			"to": [5.75, 5.8125, 7.92],
			"rotation": {"angle": 22.5, "axis": "z", "origin": [5.25, 5.8125, 7.42]},
			"faces": {
				"north": {"uv": [10, 4.5, 10.75, 5.875], "texture": "#c4"},
				"east": {"uv": [10, 4.5, 10.75, 5.875], "texture": "#c4"},
				"south": {"uv": [10, 4.5, 10.75, 5.875], "texture": "#c4"},
				"west": {"uv": [10, 4.5, 10.75, 5.875], "texture": "#c4"},
				"up": {"uv": [10, 4.5, 10.75, 5.875], "texture": "#c4"},
				"down": {"uv": [10, 4.5, 10.75, 5.875], "texture": "#c4"}
			}
		},
		{
			"from": [4.875, 4.4375, 7.42],
			"to": [5.375, 5.4375, 7.92],
			"rotation": {"angle": 45, "axis": "z", "origin": [4.875, 5.4375, 7.42]},
			"faces": {
				"north": {"uv": [10, 4.5, 10.75, 5.875], "texture": "#c4"},
				"east": {"uv": [10, 4.5, 10.75, 5.875], "texture": "#c4"},
				"south": {"uv": [10, 4.5, 10.75, 5.875], "texture": "#c4"},
				"west": {"uv": [10, 4.5, 10.75, 5.875], "texture": "#c4"},
				"up": {"uv": [10, 4.5, 10.75, 5.875], "texture": "#c4"},
				"down": {"uv": [10, 4.5, 10.75, 5.875], "texture": "#c4"}
			}
		},
		{
			"from": [4.875, 4.9375, 7.42],
			"to": [5.875, 5.4375, 7.92],
			"rotation": {"angle": -22.5, "axis": "z", "origin": [4.875, 5.4375, 7.42]},
			"faces": {
				"north": {"uv": [10, 4.5, 10.75, 5.875], "texture": "#c4"},
				"east": {"uv": [10, 4.5, 10.75, 5.875], "texture": "#c4"},
				"south": {"uv": [10, 4.5, 10.75, 5.875], "texture": "#c4"},
				"west": {"uv": [10, 4.5, 10.75, 5.875], "texture": "#c4"},
				"up": {"uv": [10, 4.5, 10.75, 5.875], "texture": "#c4"},
				"down": {"uv": [10, 4.5, 10.75, 5.875], "texture": "#c4"}
			}
		},
		{
			"from": [9.5625, 5.0625, 7.4375],
			"to": [9.8125, 5.3125, 8.4375],
			"faces": {
				"north": {"uv": [1.5, 5, 2, 6.25], "texture": "#c4"},
				"east": {"uv": [1.5, 5, 2, 6.25], "texture": "#c4"},
				"south": {"uv": [1.5, 5, 2, 6.25], "texture": "#c4"},
				"west": {"uv": [1.5, 5, 2, 6.25], "texture": "#c4"},
				"up": {"uv": [1.5, 5, 2, 5.5], "texture": "#c4"},
				"down": {"uv": [1.5, 5.75, 2, 6.25], "texture": "#c4"}
			}
		},
		{
			"from": [9.5625, 4.375, 7.4375],
			"to": [9.8125, 4.625, 8.4375],
			"faces": {
				"north": {"uv": [2.125, 5, 2.625, 6.25], "texture": "#c4"},
				"east": {"uv": [2.125, 5, 2.625, 6.25], "texture": "#c4"},
				"south": {"uv": [2.125, 5, 2.625, 6.25], "texture": "#c4"},
				"west": {"uv": [2.125, 5, 2.625, 6.25], "texture": "#c4"},
				"up": {"uv": [2.125, 5.125, 2.625, 5.625], "texture": "#c4"},
				"down": {"uv": [2.125, 5.125, 2.625, 5.625], "texture": "#c4"}
			}
		},
		{
			"from": [9.5625, 3.6875, 7.4375],
			"to": [9.8125, 3.9375, 8.4375],
			"faces": {
				"north": {"uv": [0.875, 5, 1.375, 6.25], "texture": "#c4"},
				"east": {"uv": [0.875, 5, 1.375, 6.25], "texture": "#c4"},
				"south": {"uv": [0.875, 5, 1.375, 6.25], "texture": "#c4"},
				"west": {"uv": [0.875, 5, 1.375, 6.25], "texture": "#c4"},
				"up": {"uv": [0.875, 5, 1.375, 5.5], "texture": "#c4"},
				"down": {"uv": [0.875, 5.75, 1.375, 6.25], "texture": "#c4"}
			}
		},
		{
			"from": [7.3125, 7.625, 7.4375],
			"to": [7.5625, 7.875, 8.4375],
			"faces": {
				"north": {"uv": [1.625, 5.625, 1.875, 5.875], "texture": "#c4"},
				"east": {"uv": [1.625, 5.625, 1.875, 5.875], "texture": "#c4"},
				"south": {"uv": [1.625, 5.625, 1.875, 5.875], "texture": "#c4"},
				"west": {"uv": [1.625, 5.625, 1.875, 5.875], "texture": "#c4"},
				"up": {"uv": [1.625, 5.125, 1.875, 6.125], "texture": "#c4"},
				"down": {"uv": [1.625, 5.125, 1.875, 6.125], "texture": "#c4"}
			}
		},
		{
			"from": [7.3125, 7.25, 7.4375],
			"to": [7.5625, 7.5, 8.4375],
			"faces": {
				"north": {"uv": [1, 5.875, 1.25, 6.125], "texture": "#c4"},
				"east": {"uv": [1, 5.75, 1.375, 6], "texture": "#c4"},
				"south": {"uv": [1, 5.875, 1.25, 6.125], "texture": "#c4"},
				"west": {"uv": [1, 5.75, 1.375, 6], "texture": "#c4"},
				"up": {"uv": [1, 5.125, 1.25, 6.125], "texture": "#c4"},
				"down": {"uv": [1, 5.125, 1.25, 6.125], "texture": "#c4"}
			}
		},
		{
			"from": [10.5, 7.625, 6.5625],
			"to": [12.5, 10.625, 7.0625],
			"faces": {
				"north": {"uv": [2.25, 7, 4.25, 10], "texture": "#c4"},
				"east": {"uv": [4.125, 7, 4.25, 10], "texture": "#c4"},
				"south": {"uv": [2.25, 7, 4.25, 10], "texture": "#c4"},
				"west": {"uv": [2.25, 7, 2.375, 10], "texture": "#c4"},
				"up": {"uv": [2.25, 7.125, 4.25, 7.25], "texture": "#c4"},
				"down": {"uv": [2.25, 9.875, 4.25, 10], "texture": "#c4"}
			}
		},
		{
			"from": [10.9375, 4.875, 7.5],
			"to": [11.9375, 6.625, 8],
			"rotation": {"angle": 22.5, "axis": "z", "origin": [10.9375, 6.625, 7.5]},
			"faces": {
				"north": {"uv": [10, 4.5, 10.75, 5.875], "texture": "#c4"},
				"east": {"uv": [10, 4.5, 10.75, 5.875], "texture": "#c4"},
				"south": {"uv": [10, 4.5, 10.75, 5.875], "texture": "#c4"},
				"west": {"uv": [10, 4.5, 10.75, 5.875], "texture": "#c4"},
				"up": {"uv": [10, 4.5, 10.75, 5.875], "texture": "#c4"},
				"down": {"uv": [10, 4.5, 10.75, 5.875], "texture": "#c4"}
			}
		},
		{
			"from": [6.25, 1.1875, 7.125],
			"to": [9.75, 1.6875, 7.625],
			"faces": {
				"north": {"uv": [9.25, 3.625, 12, 3.875], "texture": "#c4"},
				"east": {"uv": [9.25, 3.625, 9.75, 3.875], "texture": "#c4"},
				"south": {"uv": [9.25, 3.625, 12, 3.875], "texture": "#c4"},
				"west": {"uv": [9.25, 3.625, 9.75, 3.875], "texture": "#c4"},
				"up": {"uv": [9.25, 3.625, 12, 3.875], "texture": "#c4"},
				"down": {"uv": [9.25, 3.625, 12, 3.875], "texture": "#c4"}
			}
		},
		{
			"from": [6.75, -0.5, 6.625],
			"to": [9.25, 0.5, 7.125],
			"faces": {
				"north": {"uv": [2.25, 9, 4.25, 10], "texture": "#c4"},
				"east": {"uv": [2.25, 9, 2.5, 10], "texture": "#c4"},
				"south": {"uv": [2.25, 9, 4.25, 10], "texture": "#c4"},
				"west": {"uv": [4, 9, 4.25, 10], "texture": "#c4"},
				"up": {"uv": [2.25, 9.875, 4.25, 10], "texture": "#c4"},
				"down": {"uv": [2.25, 9.875, 4.25, 10], "texture": "#c4"}
			}
		}
	],
	"display": {
		"thirdperson_righthand": {
			"translation": [0, 4.3, 4],
			"scale": [0.7, 0.7, 0.7]
		},
		"thirdperson_lefthand": {
			"translation": [0, 4.3, 4],
			"scale": [0.7, 0.7, 0.7]
		},
		"firstperson_righthand": {
			"rotation": [0, -10, 0],
			"translation": [-5, 1, 0]
		},
		"firstperson_lefthand": {
			"rotation": [0, -10, 0],
			"translation": [-5, 1, 0]
		},
		"ground": {
			"rotation": [-90, 0, 0],
			"scale": [0.8, 0.8, 0.8]
		},
		"gui": {
			"translation": [0, 2, 0]
		},
		"head": {
			"rotation": [90, -180, 0],
			"translation": [0, 10.5, 2.5]
		},
		"fixed": {
			"rotation": [0, 180, 0],
			"translation": [0, 0, -3]
		}
	}
}