{

    "parent": "item/generated",

    "display": {

        "thirdperson_righthand": {

            "rotation": [ 70, -180, 0 ],

            "translation": [ 3, 5, 17.5 ],

            "scale": [ 3.4, 3.4, 1.0 ]

        },

        "thirdperson_lefthand": {

          "rotation": [ 70, -180, 0 ],

          "translation": [ -2, 5, 17.5 ],

          "scale": [ 3.4, 3.4, 1.0 ]

        },

        "firstperson_righthand": {

            "rotation": [ 0, -90, 25 ],

            "translation": [ 1.13, 3.2, 1.13 ],

            "scale": [ 2.72, 2.72, 1.0 ]

        },

        "firstperson_lefthand": {

            "rotation": [ 0, 90, -25 ],

            "translation": [ 1.13, 3.2, 1.13 ],

            "scale": [ 2.72, 2.72, 1.0 ]

        }
,
        "ground": {
            "rotation": [ 0, 0, 0 ],
            "translation": [ 0, 0, 0 ],
            "scale": [ 2.0, 2.0, 1.0 ]
        },
        "fixed": {
            "rotation": [ 0, 0, 0 ],
            "translation": [ 0, 0, 0 ],
            "scale": [ 8.0, 8.0, 1.5 ]
        },
        "gui": {
            "rotation": [ 0, 0, 45 ],
            "translation": [ 0, -1, 0 ],
            "scale": [ 1.1, 1.1, 1.3 ]
        }
    }

}
