{
	"credit": "Made with Blockbench",
	"textures": {
		"darkguntexture": "block/concrete_powder_black",
		"debug": "block/concrete_yellow"
	},
	"elements": [
		{
			"from": [5.6, 9.4875, 6.8],
			"to": [8.6, 11.3625, 9.2],
			"faces": {
				"north": {"uv": [7.4, 4.6375, 10.4, 6.5125], "texture": "#darkguntexture"},
				"east": {"uv": [6.8, 4.6375, 9.2, 6.5125], "texture": "#darkguntexture"},
				"south": {"uv": [5.6, 4.6375, 8.6, 6.5125], "texture": "#darkguntexture"},
				"west": {"uv": [6.8, 4.6375, 9.2, 6.5125], "texture": "#darkguntexture"},
				"up": {"uv": [5.6, 6.8, 8.6, 9.2], "texture": "#darkguntexture"},
				"down": {"uv": [10.4, 9.2, 7.4, 6.8], "texture": "#darkguntexture"}
			}
		},
		{
			"from": [12.7625, 9.8625, 6.8],
			"to": [13.8875, 11.3625, 7.4],
			"faces": {
				"north": {"uv": [2.1125, 4.6375, 3.2375, 6.1375], "texture": "#darkguntexture"},
				"east": {"uv": [8.6, 4.6375, 9.2, 6.1375], "texture": "#darkguntexture"},
				"south": {"uv": [12.7625, 4.6375, 13.8875, 6.1375], "texture": "#darkguntexture"},
				"west": {"uv": [6.8, 4.6375, 7.4, 6.1375], "texture": "#darkguntexture"},
				"up": {"uv": [12.7625, 6.8, 13.8875, 7.4], "texture": "#darkguntexture"},
				"down": {"uv": [3.2375, 7.4, 2.1125, 6.8], "texture": "#darkguntexture"}
			}
		},
		{
			"from": [10.7, 7.8, 6.8],
			"to": [12.8, 9.6, 9.2],
			"faces": {
				"north": {"uv": [3.2, 6.4, 5.3, 8.2], "texture": "#darkguntexture"},
				"east": {"uv": [6.8, 6.4, 9.2, 8.2], "texture": "#darkguntexture"},
				"south": {"uv": [10.7, 6.4, 12.8, 8.2], "texture": "#darkguntexture"},
				"west": {"uv": [6.8, 6.4, 9.2, 8.2], "texture": "#darkguntexture"},
				"up": {"uv": [10.7, 6.8, 12.8, 9.2], "texture": "#darkguntexture"},
				"down": {"uv": [5.3, 9.2, 3.2, 6.8], "texture": "#darkguntexture"}
			}
		},
		{
			"from": [10.85, 7.2, 6.8],
			"to": [12.95, 7.8, 9.2],
			"faces": {
				"north": {"uv": [3.05, 8.2, 5.15, 8.8], "texture": "#darkguntexture"},
				"east": {"uv": [6.8, 8.2, 9.2, 8.8], "texture": "#darkguntexture"},
				"south": {"uv": [10.85, 8.2, 12.95, 8.8], "texture": "#darkguntexture"},
				"west": {"uv": [6.8, 8.2, 9.2, 8.8], "texture": "#darkguntexture"},
				"up": {"uv": [10.85, 6.8, 12.95, 9.2], "texture": "#darkguntexture"},
				"down": {"uv": [5.15, 9.2, 3.05, 6.8], "texture": "#darkguntexture"}
			}
		},
		{
			"from": [11, 6.75, 6.8],
			"to": [13.1, 7.2, 9.2],
			"faces": {
				"north": {"uv": [2.9, 8.8, 5, 9.25], "texture": "#darkguntexture"},
				"east": {"uv": [6.8, 8.8, 9.2, 9.25], "texture": "#darkguntexture"},
				"south": {"uv": [11, 8.8, 13.1, 9.25], "texture": "#darkguntexture"},
				"west": {"uv": [6.8, 8.8, 9.2, 9.25], "texture": "#darkguntexture"},
				"up": {"uv": [11, 6.8, 13.1, 9.2], "texture": "#darkguntexture"},
				"down": {"uv": [5, 9.2, 2.9, 6.8], "texture": "#darkguntexture"}
			}
		},
		{
			"from": [11.15, 6.15, 6.8],
			"to": [13.1, 6.75, 9.2],
			"faces": {
				"north": {"uv": [2.9, 9.25, 4.85, 9.85], "texture": "#darkguntexture"},
				"east": {"uv": [6.8, 9.25, 9.2, 9.85], "texture": "#darkguntexture"},
				"south": {"uv": [11.15, 9.25, 13.1, 9.85], "texture": "#darkguntexture"},
				"west": {"uv": [6.8, 9.25, 9.2, 9.85], "texture": "#darkguntexture"},
				"up": {"uv": [11.15, 6.8, 13.1, 9.2], "texture": "#darkguntexture"},
				"down": {"uv": [4.85, 9.2, 2.9, 6.8], "texture": "#darkguntexture"}
			}
		},
		{
			"from": [11, 4.35, 6.8],
			"to": [13.4, 4.8, 9.2],
			"faces": {
				"north": {"uv": [2.6, 11.2, 5, 11.65], "texture": "#darkguntexture"},
				"east": {"uv": [6.8, 11.2, 9.2, 11.65], "texture": "#darkguntexture"},
				"south": {"uv": [11, 11.2, 13.4, 11.65], "texture": "#darkguntexture"},
				"west": {"uv": [6.8, 11.2, 9.2, 11.65], "texture": "#darkguntexture"},
				"up": {"uv": [11, 6.8, 13.4, 9.2], "texture": "#darkguntexture"},
				"down": {"uv": [5, 9.2, 2.6, 6.8], "texture": "#darkguntexture"}
			}
		},
		{
			"from": [11.3, 4.8, 6.8],
			"to": [13.25, 6.15, 9.2],
			"faces": {
				"north": {"uv": [2.75, 9.85, 4.7, 11.2], "texture": "#darkguntexture"},
				"east": {"uv": [6.8, 9.85, 9.2, 11.2], "texture": "#darkguntexture"},
				"south": {"uv": [11.3, 9.85, 13.25, 11.2], "texture": "#darkguntexture"},
				"west": {"uv": [6.8, 9.85, 9.2, 11.2], "texture": "#darkguntexture"},
				"up": {"uv": [11.3, 6.8, 13.25, 9.2], "texture": "#darkguntexture"},
				"down": {"uv": [4.7, 9.2, 2.75, 6.8], "texture": "#darkguntexture"}
			}
		},
		{
			"from": [5.675, 7.8, 6.8],
			"to": [6.275, 9.6, 9.2],
			"faces": {
				"north": {"uv": [9.725, 6.4, 10.325, 8.2], "texture": "#darkguntexture"},
				"east": {"uv": [6.8, 6.4, 9.2, 8.2], "texture": "#darkguntexture"},
				"south": {"uv": [5.675, 6.4, 6.275, 8.2], "texture": "#darkguntexture"},
				"west": {"uv": [6.8, 6.4, 9.2, 8.2], "texture": "#darkguntexture"},
				"up": {"uv": [5.675, 6.8, 6.275, 9.2], "texture": "#darkguntexture"},
				"down": {"uv": [10.325, 9.2, 9.725, 6.8], "texture": "#darkguntexture"}
			}
		},
		{
			"from": [12.5375, 9, 6.8],
			"to": [13.1375, 9.75, 9.2],
			"rotation": {"angle": -22.5, "axis": "z", "origin": [12.5375, 9.75, 6.8]},
			"faces": {
				"north": {"uv": [3, 7.375, 4, 8.375], "texture": "#darkguntexture"},
				"east": {"uv": [7, 7.375, 9, 8.375], "texture": "#darkguntexture"},
				"south": {"uv": [12, 7.375, 13, 8.375], "texture": "#darkguntexture"},
				"west": {"uv": [7, 7.375, 9, 8.375], "texture": "#darkguntexture"},
				"up": {"uv": [12, 7, 13, 9], "texture": "#darkguntexture"},
				"down": {"uv": [4, 9, 3, 7], "texture": "#darkguntexture"}
			}
		},
		{
			"from": [13.025, 9.4125, 6.8],
			"to": [13.625, 10.1625, 9.2],
			"rotation": {"angle": -45, "axis": "z", "origin": [13.025, 10.1625, 6.8]},
			"faces": {
				"north": {"uv": [3, 7.375, 4, 8.375], "texture": "#darkguntexture"},
				"east": {"uv": [7, 7.375, 9, 8.375], "texture": "#darkguntexture"},
				"south": {"uv": [12, 7.375, 13, 8.375], "texture": "#darkguntexture"},
				"west": {"uv": [7, 7.375, 9, 8.375], "texture": "#darkguntexture"},
				"up": {"uv": [12, 7, 13, 9], "texture": "#darkguntexture"},
				"down": {"uv": [4, 9, 3, 7], "texture": "#darkguntexture"}
			}
		},
		{
			"from": [12.8375, 9.45, 6.8],
			"to": [13.7375, 10.05, 9.2],
			"rotation": {"angle": 22.5, "axis": "z", "origin": [12.8375, 10.05, 6.8]},
			"faces": {
				"north": {"uv": [3, 7.375, 4, 8.375], "texture": "#darkguntexture"},
				"east": {"uv": [7, 7.375, 9, 8.375], "texture": "#darkguntexture"},
				"south": {"uv": [12, 7.375, 13, 8.375], "texture": "#darkguntexture"},
				"west": {"uv": [7, 7.375, 9, 8.375], "texture": "#darkguntexture"},
				"up": {"uv": [12, 7, 13, 9], "texture": "#darkguntexture"},
				"down": {"uv": [4, 9, 3, 7], "texture": "#darkguntexture"}
			}
		},
		{
			"from": [5.675, 7.2, 7.4],
			"to": [6.275, 7.8, 8.6],
			"faces": {
				"north": {"uv": [9.725, 8.2, 10.325, 8.8], "texture": "#darkguntexture"},
				"east": {"uv": [7.4, 8.2, 8.6, 8.8], "texture": "#darkguntexture"},
				"south": {"uv": [5.675, 8.2, 6.275, 8.8], "texture": "#darkguntexture"},
				"west": {"uv": [7.4, 8.2, 8.6, 8.8], "texture": "#darkguntexture"},
				"up": {"uv": [5.675, 7.4, 6.275, 8.6], "texture": "#darkguntexture"},
				"down": {"uv": [10.325, 8.6, 9.725, 7.4], "texture": "#darkguntexture"}
			}
		},
		{
			"from": [5.675, 7.0263, 8.18],
			"to": [6.275, 7.6263, 9.026],
			"rotation": {"angle": -45, "axis": "x", "origin": [5.675, 7.6263, 8.18]},
			"faces": {
				"north": {"uv": [7.5, 10.375, 9.375, 10.875], "texture": "#darkguntexture"},
				"east": {"uv": [6.75, 10.375, 7.25, 10.875], "texture": "#darkguntexture"},
				"south": {"uv": [6.625, 10.375, 8.5, 10.875], "texture": "#darkguntexture"},
				"west": {"uv": [8.75, 10.375, 9.25, 10.875], "texture": "#darkguntexture"},
				"up": {"uv": [6.625, 8.75, 8.5, 9.25], "texture": "#darkguntexture"},
				"down": {"uv": [9.375, 9.25, 7.5, 8.75], "texture": "#darkguntexture"}
			}
		},
		{
			"from": [5.675, 7.6245, 7.226],
			"to": [6.275, 8.2245, 8.072],
			"rotation": {"angle": 45, "axis": "x", "origin": [5.675, 8.2245, 7.226]},
			"faces": {
				"north": {"uv": [7.5, 10.375, 9.375, 10.875], "texture": "#darkguntexture"},
				"east": {"uv": [6.75, 10.375, 7.25, 10.875], "texture": "#darkguntexture"},
				"south": {"uv": [6.625, 10.375, 8.5, 10.875], "texture": "#darkguntexture"},
				"west": {"uv": [8.75, 10.375, 9.25, 10.875], "texture": "#darkguntexture"},
				"up": {"uv": [6.625, 8.75, 8.5, 9.25], "texture": "#darkguntexture"},
				"down": {"uv": [9.375, 9.25, 7.5, 8.75], "texture": "#darkguntexture"}
			}
		},
		{
			"from": [8, 7.2, 7.4],
			"to": [8.6, 7.8, 8.6],
			"faces": {
				"north": {"uv": [7.4, 8.2, 8, 8.8], "texture": "#darkguntexture"},
				"east": {"uv": [7.4, 8.2, 8.6, 8.8], "texture": "#darkguntexture"},
				"south": {"uv": [8, 8.2, 8.6, 8.8], "texture": "#darkguntexture"},
				"west": {"uv": [7.4, 8.2, 8.6, 8.8], "texture": "#darkguntexture"},
				"up": {"uv": [8, 7.4, 8.6, 8.6], "texture": "#darkguntexture"},
				"down": {"uv": [8, 8.6, 7.4, 7.4], "texture": "#darkguntexture"}
			}
		},
		{
			"from": [8, 7.026, 8.18],
			"to": [8.6, 7.626, 9.026],
			"rotation": {"angle": -45, "axis": "x", "origin": [8, 7.626, 8.18]},
			"faces": {
				"north": {"uv": [7.5, 10.375, 9.375, 10.875], "texture": "#darkguntexture"},
				"east": {"uv": [6.75, 10.375, 7.25, 10.875], "texture": "#darkguntexture"},
				"south": {"uv": [6.625, 10.375, 8.5, 10.875], "texture": "#darkguntexture"},
				"west": {"uv": [8.75, 10.375, 9.25, 10.875], "texture": "#darkguntexture"},
				"up": {"uv": [6.625, 8.75, 8.5, 9.25], "texture": "#darkguntexture"},
				"down": {"uv": [9.375, 9.25, 7.5, 8.75], "texture": "#darkguntexture"}
			}
		},
		{
			"from": [8, 7.6185, 7.2185],
			"to": [8.6, 8.2185, 8.0645],
			"rotation": {"angle": 45, "axis": "x", "origin": [8, 8.2185, 7.2185]},
			"faces": {
				"north": {"uv": [7.5, 10.375, 9.375, 10.875], "texture": "#darkguntexture"},
				"east": {"uv": [6.75, 10.375, 7.25, 10.875], "texture": "#darkguntexture"},
				"south": {"uv": [6.625, 10.375, 8.5, 10.875], "texture": "#darkguntexture"},
				"west": {"uv": [8.75, 10.375, 9.25, 10.875], "texture": "#darkguntexture"},
				"up": {"uv": [6.625, 8.75, 8.5, 9.25], "texture": "#darkguntexture"},
				"down": {"uv": [9.375, 9.25, 7.5, 8.75], "texture": "#darkguntexture"}
			}
		},
		{
			"from": [8, 7.8, 6.8],
			"to": [8.6, 9.6, 9.2],
			"faces": {
				"north": {"uv": [7.4, 6.4, 8, 8.2], "texture": "#darkguntexture"},
				"east": {"uv": [6.8, 6.4, 9.2, 8.2], "texture": "#darkguntexture"},
				"south": {"uv": [8, 6.4, 8.6, 8.2], "texture": "#darkguntexture"},
				"west": {"uv": [6.8, 6.4, 9.2, 8.2], "texture": "#darkguntexture"},
				"up": {"uv": [8, 6.8, 8.6, 9.2], "texture": "#darkguntexture"},
				"down": {"uv": [8, 9.2, 7.4, 6.8], "texture": "#darkguntexture"}
			}
		},
		{
			"from": [6.275, 9, 6.8],
			"to": [8.075, 9.6, 9.2],
			"faces": {
				"north": {"uv": [7.925, 6.4, 9.725, 7], "texture": "#darkguntexture"},
				"east": {"uv": [6.8, 6.4, 9.2, 7], "texture": "#darkguntexture"},
				"south": {"uv": [6.275, 6.4, 8.075, 7], "texture": "#darkguntexture"},
				"west": {"uv": [6.8, 6.4, 9.2, 7], "texture": "#darkguntexture"},
				"up": {"uv": [6.275, 6.8, 8.075, 9.2], "texture": "#darkguntexture"},
				"down": {"uv": [9.725, 9.2, 7.925, 6.8], "texture": "#darkguntexture"}
			}
		},
		{
			"from": [6.275, 7.725, 7.1],
			"to": [8.075, 9, 8.9],
			"faces": {
				"north": {"uv": [7.925, 7, 9.725, 8.275], "texture": "#darkguntexture"},
				"east": {"uv": [7.1, 7, 8.9, 8.275], "texture": "#darkguntexture"},
				"south": {"uv": [6.275, 7, 8.075, 8.275], "texture": "#darkguntexture"},
				"west": {"uv": [7.1, 7, 8.9, 8.275], "texture": "#darkguntexture"},
				"up": {"uv": [6.275, 7.1, 8.075, 8.9], "texture": "#darkguntexture"},
				"down": {"uv": [9.725, 8.9, 7.925, 7.1], "texture": "#darkguntexture"}
			}
		},
		{
			"from": [6.275, 7.5, 7.4],
			"to": [8.075, 7.725, 8.6],
			"faces": {
				"north": {"uv": [7.925, 8.275, 9.725, 8.5], "texture": "#darkguntexture"},
				"east": {"uv": [7.4, 8.275, 8.6, 8.5], "texture": "#darkguntexture"},
				"south": {"uv": [6.275, 8.275, 8.075, 8.5], "texture": "#darkguntexture"},
				"west": {"uv": [7.4, 8.275, 8.6, 8.5], "texture": "#darkguntexture"},
				"up": {"uv": [6.275, 7.4, 8.075, 8.6], "texture": "#darkguntexture"},
				"down": {"uv": [9.725, 8.6, 7.925, 7.4], "texture": "#darkguntexture"}
			}
		},
		{
			"from": [6.275, 8.775, 7.0625],
			"to": [8.075, 9, 8.9375],
			"faces": {
				"north": {"uv": [11, 2, 12, 3], "texture": "#debug"},
				"east": {"uv": [11, 2, 12, 3], "texture": "#debug"},
				"south": {"uv": [11, 2, 12, 3], "texture": "#debug"},
				"west": {"uv": [11, 2, 12, 3], "texture": "#debug"},
				"up": {"uv": [11, 2, 12, 3], "texture": "#debug"},
				"down": {"uv": [11, 2, 12, 3], "texture": "#debug"}
			}
		},
		{
			"from": [6.275, 8.325, 7.0625],
			"to": [8.075, 8.55, 8.9375],
			"faces": {
				"north": {"uv": [11, 2, 12, 3], "texture": "#debug"},
				"east": {"uv": [11, 2, 12, 3], "texture": "#debug"},
				"south": {"uv": [11, 2, 12, 3], "texture": "#debug"},
				"west": {"uv": [11, 2, 12, 3], "texture": "#debug"},
				"up": {"uv": [11, 2, 12, 3], "texture": "#debug"},
				"down": {"uv": [11, 2, 12, 3], "texture": "#debug"}
			}
		},
		{
			"from": [6.275, 7.875, 7.0625],
			"to": [8.075, 8.1, 8.9375],
			"faces": {
				"north": {"uv": [11, 2, 12, 3], "texture": "#debug"},
				"east": {"uv": [11, 2, 12, 3], "texture": "#debug"},
				"south": {"uv": [11, 2, 12, 3], "texture": "#debug"},
				"west": {"uv": [11, 2, 12, 3], "texture": "#debug"},
				"up": {"uv": [11, 2, 12, 3], "texture": "#debug"},
				"down": {"uv": [11, 2, 12, 3], "texture": "#debug"}
			}
		},
		{
			"from": [6.275, 7.5375, 7.3625],
			"to": [8.075, 7.7625, 8.6375],
			"faces": {
				"north": {"uv": [11, 2, 12, 3], "texture": "#debug"},
				"east": {"uv": [11, 2, 12, 3], "texture": "#debug"},
				"south": {"uv": [11, 2, 12, 3], "texture": "#debug"},
				"west": {"uv": [11, 2, 12, 3], "texture": "#debug"},
				"up": {"uv": [11, 2, 12, 3], "texture": "#debug"},
				"down": {"uv": [11, 2, 12, 3], "texture": "#debug"}
			}
		},
		{
			"from": [6.275, 7.4625, 7.5875],
			"to": [8.075, 7.6875, 7.8125],
			"faces": {
				"north": {"uv": [11, 2, 12, 3], "texture": "#debug"},
				"east": {"uv": [11, 2, 12, 3], "texture": "#debug"},
				"south": {"uv": [11, 2, 12, 3], "texture": "#debug"},
				"west": {"uv": [11, 2, 12, 3], "texture": "#debug"},
				"up": {"uv": [11, 2, 12, 3], "texture": "#debug"},
				"down": {"uv": [11, 2, 12, 3], "texture": "#debug"}
			}
		},
		{
			"from": [6.275, 7.4625, 8.1125],
			"to": [8.075, 7.6875, 8.3375],
			"faces": {
				"north": {"uv": [11, 2, 12, 3], "texture": "#debug"},
				"east": {"uv": [11, 2, 12, 3], "texture": "#debug"},
				"south": {"uv": [11, 2, 12, 3], "texture": "#debug"},
				"west": {"uv": [11, 2, 12, 3], "texture": "#debug"},
				"up": {"uv": [11, 2, 12, 3], "texture": "#debug"},
				"down": {"uv": [11, 2, 12, 3], "texture": "#debug"}
			}
		},
		{
			"from": [10.475, 9.375, 6.8],
			"to": [10.7, 9.6, 9.2],
			"faces": {
				"north": {"uv": [5.3, 6.4, 5.525, 6.625], "texture": "#darkguntexture"},
				"east": {"uv": [6.8, 6.4, 9.2, 6.625], "texture": "#darkguntexture"},
				"south": {"uv": [10.475, 6.4, 10.7, 6.625], "texture": "#darkguntexture"},
				"west": {"uv": [6.8, 6.4, 9.2, 6.625], "texture": "#darkguntexture"},
				"up": {"uv": [10.475, 6.8, 10.7, 9.2], "texture": "#darkguntexture"},
				"down": {"uv": [5.525, 9.2, 5.3, 6.8], "texture": "#darkguntexture"}
			}
		},
		{
			"from": [8.6, 7.35, 7.55],
			"to": [10.85, 7.575, 8.45],
			"faces": {
				"north": {"uv": [5.15, 8.425, 7.4, 8.65], "texture": "#darkguntexture"},
				"east": {"uv": [7.55, 8.425, 8.45, 8.65], "texture": "#darkguntexture"},
				"south": {"uv": [8.6, 8.425, 10.85, 8.65], "texture": "#darkguntexture"},
				"west": {"uv": [7.55, 8.425, 8.45, 8.65], "texture": "#darkguntexture"},
				"up": {"uv": [8.6, 7.55, 10.85, 8.45], "texture": "#darkguntexture"},
				"down": {"uv": [7.4, 8.45, 5.15, 7.55], "texture": "#darkguntexture"}
			}
		},
		{
			"from": [8.6, 7.5, 7.55],
			"to": [8.825, 7.725, 8.45],
			"rotation": {"angle": -45, "axis": "z", "origin": [8.6, 7.725, 7.55]},
			"faces": {
				"north": {"uv": [6.625, 3, 7, 3.375], "texture": "#darkguntexture"},
				"east": {"uv": [7.25, 3, 8.75, 3.375], "texture": "#darkguntexture"},
				"south": {"uv": [9, 3, 9.375, 3.375], "texture": "#darkguntexture"},
				"west": {"uv": [7.25, 3, 8.75, 3.375], "texture": "#darkguntexture"},
				"up": {"uv": [9, 7.25, 9.375, 8.75], "texture": "#darkguntexture"},
				"down": {"uv": [7, 8.75, 6.625, 7.25], "texture": "#darkguntexture"}
			}
		},
		{
			"from": [10.7, 7.35, 7.55],
			"to": [10.925, 7.575, 8.45],
			"rotation": {"angle": 45, "axis": "z", "origin": [10.7, 7.575, 7.55]},
			"faces": {
				"north": {"uv": [6.625, 3, 7, 3.375], "texture": "#darkguntexture"},
				"east": {"uv": [7.25, 3, 8.75, 3.375], "texture": "#darkguntexture"},
				"south": {"uv": [9, 3, 9.375, 3.375], "texture": "#darkguntexture"},
				"west": {"uv": [7.25, 3, 8.75, 3.375], "texture": "#darkguntexture"},
				"up": {"uv": [9, 7.25, 9.375, 8.75], "texture": "#darkguntexture"},
				"down": {"uv": [7, 8.75, 6.625, 7.25], "texture": "#darkguntexture"}
			}
		},
		{
			"from": [10.7, 7.1625, 7.55],
			"to": [10.925, 7.3875, 8.45],
			"rotation": {"angle": 45, "axis": "z", "origin": [10.7, 7.3875, 7.55]},
			"faces": {
				"north": {"uv": [6.625, 3, 7, 3.375], "texture": "#darkguntexture"},
				"east": {"uv": [7.25, 3, 8.75, 3.375], "texture": "#darkguntexture"},
				"south": {"uv": [9, 3, 9.375, 3.375], "texture": "#darkguntexture"},
				"west": {"uv": [7.25, 3, 8.75, 3.375], "texture": "#darkguntexture"},
				"up": {"uv": [9, 7.25, 9.375, 8.75], "texture": "#darkguntexture"},
				"down": {"uv": [7, 8.75, 6.625, 7.25], "texture": "#darkguntexture"}
			}
		},
		{
			"from": [10.025, 8.4, 7.4],
			"to": [10.25, 9.6, 8],
			"faces": {
				"north": {"uv": [5.75, 6.4, 5.975, 7.6], "texture": "#darkguntexture"},
				"east": {"uv": [8, 6.4, 8.6, 7.6], "texture": "#darkguntexture"},
				"south": {"uv": [10.025, 6.4, 10.25, 7.6], "texture": "#darkguntexture"},
				"west": {"uv": [7.4, 6.4, 8, 7.6], "texture": "#darkguntexture"},
				"up": {"uv": [10.025, 7.4, 10.25, 8], "texture": "#darkguntexture"},
				"down": {"uv": [5.975, 8, 5.75, 7.4], "texture": "#darkguntexture"}
			}
		},
		{
			"from": [10.043, 7.8945, 7.4],
			"to": [10.268, 8.4945, 8],
			"rotation": {"angle": -22.5, "axis": "z", "origin": [10.043, 8.4945, 7.4]},
			"faces": {
				"north": {"uv": [4.625, 1, 5, 3], "texture": "#darkguntexture"},
				"east": {"uv": [8, 1, 9, 3], "texture": "#darkguntexture"},
				"south": {"uv": [11, 1, 11.375, 3], "texture": "#darkguntexture"},
				"west": {"uv": [7, 1, 8, 3], "texture": "#darkguntexture"},
				"up": {"uv": [11, 7, 11.375, 8], "texture": "#darkguntexture"},
				"down": {"uv": [5, 8, 4.625, 7], "texture": "#darkguntexture"}
			}
		},
		{
			"from": [12.7625, 9.8625, 8.6],
			"to": [13.8875, 11.3625, 9.2],
			"faces": {
				"north": {"uv": [2.1125, 4.6375, 3.2375, 6.1375], "texture": "#darkguntexture"},
				"east": {"uv": [6.8, 4.6375, 7.4, 6.1375], "texture": "#darkguntexture"},
				"south": {"uv": [12.7625, 4.6375, 13.8875, 6.1375], "texture": "#darkguntexture"},
				"west": {"uv": [8.6, 4.6375, 9.2, 6.1375], "texture": "#darkguntexture"},
				"up": {"uv": [12.7625, 8.6, 13.8875, 9.2], "texture": "#darkguntexture"},
				"down": {"uv": [3.2375, 9.2, 2.1125, 8.6], "texture": "#darkguntexture"}
			}
		},
		{
			"from": [12.8, 10.3875, 7.325],
			"to": [13.85, 11.0625, 8.675],
			"faces": {
				"north": {"uv": [11, 2, 12, 3], "texture": "#debug"},
				"east": {"uv": [11, 2, 12, 3], "texture": "#debug"},
				"south": {"uv": [11, 2, 12, 3], "texture": "#debug"},
				"west": {"uv": [11, 2, 12, 3], "texture": "#debug"},
				"up": {"uv": [11, 2, 12, 3], "texture": "#debug"},
				"down": {"uv": [11, 2, 12, 3], "texture": "#debug"}
			}
		},
		{
			"from": [10.7, 11.325, 6.8],
			"to": [13.85, 11.55, 9.2],
			"faces": {
				"north": {"uv": [2.15, 4.45, 5.3, 4.675], "texture": "#darkguntexture"},
				"east": {"uv": [6.8, 4.45, 9.2, 4.675], "texture": "#darkguntexture"},
				"south": {"uv": [10.7, 4.45, 13.85, 4.675], "texture": "#darkguntexture"},
				"west": {"uv": [6.8, 4.45, 9.2, 4.675], "texture": "#darkguntexture"},
				"up": {"uv": [10.7, 6.8, 13.85, 9.2], "texture": "#darkguntexture"},
				"down": {"uv": [5.3, 9.2, 2.15, 6.8], "texture": "#darkguntexture"}
			}
		},
		{
			"from": [10.775, 11.55, 6.95],
			"to": [13.775, 11.7, 9.05],
			"faces": {
				"north": {"uv": [2.225, 4.3, 5.225, 4.45], "texture": "#darkguntexture"},
				"east": {"uv": [6.95, 4.3, 9.05, 4.45], "texture": "#darkguntexture"},
				"south": {"uv": [10.775, 4.3, 13.775, 4.45], "texture": "#darkguntexture"},
				"west": {"uv": [6.95, 4.3, 9.05, 4.45], "texture": "#darkguntexture"},
				"up": {"uv": [10.775, 6.95, 13.775, 9.05], "texture": "#darkguntexture"},
				"down": {"uv": [5.225, 9.05, 2.225, 6.95], "texture": "#darkguntexture"}
			}
		},
		{
			"from": [10.85, 11.7, 7.175],
			"to": [13.7, 11.85, 8.825],
			"faces": {
				"north": {"uv": [2.3, 4.15, 5.15, 4.3], "texture": "#darkguntexture"},
				"east": {"uv": [7.175, 4.15, 8.825, 4.3], "texture": "#darkguntexture"},
				"south": {"uv": [10.85, 4.15, 13.7, 4.3], "texture": "#darkguntexture"},
				"west": {"uv": [7.175, 4.15, 8.825, 4.3], "texture": "#darkguntexture"},
				"up": {"uv": [10.85, 7.175, 13.7, 8.825], "texture": "#darkguntexture"},
				"down": {"uv": [5.15, 8.825, 2.3, 7.175], "texture": "#darkguntexture"}
			}
		},
		{
			"from": [10.925, 11.85, 7.625],
			"to": [13.625, 12, 8.375],
			"faces": {
				"north": {"uv": [2.375, 4, 5.075, 4.15], "texture": "#darkguntexture"},
				"east": {"uv": [7.625, 4, 8.375, 4.15], "texture": "#darkguntexture"},
				"south": {"uv": [10.925, 4, 13.625, 4.15], "texture": "#darkguntexture"},
				"west": {"uv": [7.625, 4, 8.375, 4.15], "texture": "#darkguntexture"},
				"up": {"uv": [10.925, 7.625, 13.625, 8.375], "texture": "#darkguntexture"},
				"down": {"uv": [5.075, 8.375, 2.375, 7.625], "texture": "#darkguntexture"}
			}
		},
		{
			"from": [12.8, 11.0625, 7.4],
			"to": [13.8875, 11.3625, 8.6375],
			"faces": {
				"north": {"uv": [2.1125, 4.6375, 3.2, 4.9375], "texture": "#darkguntexture"},
				"east": {"uv": [7.3625, 4.6375, 8.6, 4.9375], "texture": "#darkguntexture"},
				"south": {"uv": [12.8, 4.6375, 13.8875, 4.9375], "texture": "#darkguntexture"},
				"west": {"uv": [7.4, 4.6375, 8.6375, 4.9375], "texture": "#darkguntexture"},
				"up": {"uv": [12.8, 7.4, 13.8875, 8.6375], "texture": "#darkguntexture"},
				"down": {"uv": [3.2, 8.6375, 2.1125, 7.4], "texture": "#darkguntexture"}
			}
		},
		{
			"from": [12.7625, 9.8625, 7.4],
			"to": [13.8875, 10.3875, 8.675],
			"faces": {
				"north": {"uv": [2.1125, 5.6125, 3.2375, 6.1375], "texture": "#darkguntexture"},
				"east": {"uv": [7.325, 5.6125, 8.6, 6.1375], "texture": "#darkguntexture"},
				"south": {"uv": [12.7625, 5.6125, 13.8875, 6.1375], "texture": "#darkguntexture"},
				"west": {"uv": [7.4, 5.6125, 8.675, 6.1375], "texture": "#darkguntexture"},
				"up": {"uv": [12.7625, 7.4, 13.8875, 8.675], "texture": "#darkguntexture"},
				"down": {"uv": [3.2375, 8.675, 2.1125, 7.4], "texture": "#darkguntexture"}
			}
		},
		{
			"from": [4.025, 9.375, 6.8],
			"to": [5.6, 11.775, 9.2],
			"faces": {
				"north": {"uv": [10.4, 4.225, 11.975, 6.625], "texture": "#darkguntexture"},
				"east": {"uv": [6.8, 4.225, 9.2, 6.625], "texture": "#darkguntexture"},
				"south": {"uv": [4.025, 4.225, 5.6, 6.625], "texture": "#darkguntexture"},
				"west": {"uv": [6.8, 4.225, 9.2, 6.625], "texture": "#darkguntexture"},
				"up": {"uv": [4.025, 6.8, 5.6, 9.2], "texture": "#darkguntexture"},
				"down": {"uv": [11.975, 9.2, 10.4, 6.8], "texture": "#darkguntexture"}
			}
		},
		{
			"from": [4.3625, 9.3, 6.8],
			"to": [6.1625, 10.125, 9.2],
			"rotation": {"angle": -22.5, "axis": "z", "origin": [4.3625, 10.125, 6.8]},
			"faces": {
				"north": {"uv": [11.5, 0.375, 14.5, 1.75], "texture": "#darkguntexture"},
				"east": {"uv": [6, 0.375, 10, 1.75], "texture": "#darkguntexture"},
				"south": {"uv": [1.5, 0.375, 4.5, 1.75], "texture": "#darkguntexture"},
				"west": {"uv": [6, 0.375, 10, 1.75], "texture": "#darkguntexture"},
				"up": {"uv": [1.5, 6, 4.5, 10], "texture": "#darkguntexture"},
				"down": {"uv": [14.5, 10, 11.5, 6], "texture": "#darkguntexture"}
			}
		},
		{
			"from": [4.025, 9.7125, 6.5],
			"to": [5.525, 11.5125, 9.5],
			"faces": {
				"north": {"uv": [10.475, 4.4875, 11.975, 6.2875], "texture": "#darkguntexture"},
				"east": {"uv": [6.5, 4.4875, 9.5, 6.2875], "texture": "#darkguntexture"},
				"south": {"uv": [4.025, 4.4875, 5.525, 6.2875], "texture": "#darkguntexture"},
				"west": {"uv": [6.5, 4.4875, 9.5, 6.2875], "texture": "#darkguntexture"},
				"up": {"uv": [4.025, 6.5, 5.525, 9.5], "texture": "#darkguntexture"},
				"down": {"uv": [11.975, 9.5, 10.475, 6.5], "texture": "#darkguntexture"}
			}
		},
		{
			"from": [5.525, 9.7125, 6.575],
			"to": [6.35, 11.5125, 9.425],
			"faces": {
				"north": {"uv": [9.65, 4.4875, 10.475, 6.2875], "texture": "#darkguntexture"},
				"east": {"uv": [6.575, 4.4875, 9.425, 6.2875], "texture": "#darkguntexture"},
				"south": {"uv": [5.525, 4.4875, 6.35, 6.2875], "texture": "#darkguntexture"},
				"west": {"uv": [6.575, 4.4875, 9.425, 6.2875], "texture": "#darkguntexture"},
				"up": {"uv": [5.525, 6.575, 6.35, 9.425], "texture": "#darkguntexture"},
				"down": {"uv": [10.475, 9.425, 9.65, 6.575], "texture": "#darkguntexture"}
			}
		},
		{
			"from": [7.175, 9.7125, 6.725],
			"to": [7.925, 11.4375, 9.275],
			"faces": {
				"north": {"uv": [8.075, 4.5625, 8.825, 6.2875], "texture": "#darkguntexture"},
				"east": {"uv": [6.725, 4.5625, 9.275, 6.2875], "texture": "#darkguntexture"},
				"south": {"uv": [7.175, 4.5625, 7.925, 6.2875], "texture": "#darkguntexture"},
				"west": {"uv": [6.725, 4.5625, 9.275, 6.2875], "texture": "#darkguntexture"},
				"up": {"uv": [7.175, 6.725, 7.925, 9.275], "texture": "#darkguntexture"},
				"down": {"uv": [8.825, 9.275, 8.075, 6.725], "texture": "#darkguntexture"}
			}
		},
		{
			"from": [6.35, 9.7125, 6.65],
			"to": [7.175, 11.5125, 9.35],
			"faces": {
				"north": {"uv": [8.825, 4.4875, 9.65, 6.2875], "texture": "#darkguntexture"},
				"east": {"uv": [6.65, 4.4875, 9.35, 6.2875], "texture": "#darkguntexture"},
				"south": {"uv": [6.35, 4.4875, 7.175, 6.2875], "texture": "#darkguntexture"},
				"west": {"uv": [6.65, 4.4875, 9.35, 6.2875], "texture": "#darkguntexture"},
				"up": {"uv": [6.35, 6.65, 7.175, 9.35], "texture": "#darkguntexture"},
				"down": {"uv": [9.65, 9.35, 8.825, 6.65], "texture": "#darkguntexture"}
			}
		},
		{
			"from": [5.6, 11.475, 6.8],
			"to": [6.2, 11.7, 9.2],
			"faces": {
				"north": {"uv": [9.8, 4.3, 10.4, 4.525], "texture": "#darkguntexture"},
				"east": {"uv": [6.8, 4.3, 9.2, 4.525], "texture": "#darkguntexture"},
				"south": {"uv": [5.6, 4.3, 6.2, 4.525], "texture": "#darkguntexture"},
				"west": {"uv": [6.8, 4.3, 9.2, 4.525], "texture": "#darkguntexture"},
				"up": {"uv": [5.6, 6.8, 6.2, 9.2], "texture": "#darkguntexture"},
				"down": {"uv": [10.4, 9.2, 9.8, 6.8], "texture": "#darkguntexture"}
			}
		},
		{
			"from": [6.2, 11.4, 6.8],
			"to": [6.725, 11.625, 9.2],
			"faces": {
				"north": {"uv": [9.275, 4.375, 9.8, 4.6], "texture": "#darkguntexture"},
				"east": {"uv": [6.8, 4.375, 9.2, 4.6], "texture": "#darkguntexture"},
				"south": {"uv": [6.2, 4.375, 6.725, 4.6], "texture": "#darkguntexture"},
				"west": {"uv": [6.8, 4.375, 9.2, 4.6], "texture": "#darkguntexture"},
				"up": {"uv": [6.2, 6.8, 6.725, 9.2], "texture": "#darkguntexture"},
				"down": {"uv": [9.8, 9.2, 9.275, 6.8], "texture": "#darkguntexture"}
			}
		},
		{
			"from": [6.725, 11.325, 6.8],
			"to": [7.175, 11.55, 9.2],
			"faces": {
				"north": {"uv": [8.825, 4.45, 9.275, 4.675], "texture": "#darkguntexture"},
				"east": {"uv": [6.8, 4.45, 9.2, 4.675], "texture": "#darkguntexture"},
				"south": {"uv": [6.725, 4.45, 7.175, 4.675], "texture": "#darkguntexture"},
				"west": {"uv": [6.8, 4.45, 9.2, 4.675], "texture": "#darkguntexture"},
				"up": {"uv": [6.725, 6.8, 7.175, 9.2], "texture": "#darkguntexture"},
				"down": {"uv": [9.275, 9.2, 8.825, 6.8], "texture": "#darkguntexture"}
			}
		},
		{
			"from": [7.175, 11.25, 6.8],
			"to": [7.625, 11.475, 9.2],
			"faces": {
				"north": {"uv": [8.375, 4.525, 8.825, 4.75], "texture": "#darkguntexture"},
				"east": {"uv": [6.8, 4.525, 9.2, 4.75], "texture": "#darkguntexture"},
				"south": {"uv": [7.175, 4.525, 7.625, 4.75], "texture": "#darkguntexture"},
				"west": {"uv": [6.8, 4.525, 9.2, 4.75], "texture": "#darkguntexture"},
				"up": {"uv": [7.175, 6.8, 7.625, 9.2], "texture": "#darkguntexture"},
				"down": {"uv": [8.825, 9.2, 8.375, 6.8], "texture": "#darkguntexture"}
			}
		},
		{
			"from": [3.9875, 9.825, 7.1],
			"to": [4.2125, 11.325, 8.9],
			"faces": {
				"north": {"uv": [11, 2, 12, 3], "texture": "#debug"},
				"east": {"uv": [11, 2, 12, 3], "texture": "#debug"},
				"south": {"uv": [11, 2, 12, 3], "texture": "#debug"},
				"west": {"uv": [11, 2, 12, 3], "texture": "#debug"},
				"up": {"uv": [11, 2, 12, 3], "texture": "#debug"},
				"down": {"uv": [11, 2, 12, 3], "texture": "#debug"}
			}
		},
		{
			"from": [3.725, 9.75, 6.575],
			"to": [4.025, 11.55, 6.875],
			"faces": {
				"north": {"uv": [11.975, 4.45, 12.275, 6.25], "texture": "#darkguntexture"},
				"east": {"uv": [9.125, 4.45, 9.425, 6.25], "texture": "#darkguntexture"},
				"south": {"uv": [3.725, 4.45, 4.025, 6.25], "texture": "#darkguntexture"},
				"west": {"uv": [6.575, 4.45, 6.875, 6.25], "texture": "#darkguntexture"},
				"up": {"uv": [3.725, 6.575, 4.025, 6.875], "texture": "#darkguntexture"},
				"down": {"uv": [12.275, 6.875, 11.975, 6.575], "texture": "#darkguntexture"}
			}
		},
		{
			"from": [3.725, 9.75, 9.125],
			"to": [4.025, 11.55, 9.425],
			"faces": {
				"north": {"uv": [11.975, 4.45, 12.275, 6.25], "texture": "#darkguntexture"},
				"east": {"uv": [6.575, 4.45, 6.875, 6.25], "texture": "#darkguntexture"},
				"south": {"uv": [3.725, 4.45, 4.025, 6.25], "texture": "#darkguntexture"},
				"west": {"uv": [9.125, 4.45, 9.425, 6.25], "texture": "#darkguntexture"},
				"up": {"uv": [3.725, 9.125, 4.025, 9.425], "texture": "#darkguntexture"},
				"down": {"uv": [12.275, 9.425, 11.975, 9.125], "texture": "#darkguntexture"}
			}
		},
		{
			"from": [3.725, 11.4, 6.875],
			"to": [4.025, 11.7, 9.125],
			"faces": {
				"north": {"uv": [11.975, 4.3, 12.275, 4.6], "texture": "#darkguntexture"},
				"east": {"uv": [6.875, 4.3, 9.125, 4.6], "texture": "#darkguntexture"},
				"south": {"uv": [3.725, 4.3, 4.025, 4.6], "texture": "#darkguntexture"},
				"west": {"uv": [6.875, 4.3, 9.125, 4.6], "texture": "#darkguntexture"},
				"up": {"uv": [3.725, 6.875, 4.025, 9.125], "texture": "#darkguntexture"},
				"down": {"uv": [12.275, 9.125, 11.975, 6.875], "texture": "#darkguntexture"}
			}
		},
		{
			"from": [3.725, 9.45, 6.875],
			"to": [4.025, 9.75, 9.125],
			"faces": {
				"north": {"uv": [11.975, 6.25, 12.275, 6.55], "texture": "#darkguntexture"},
				"east": {"uv": [6.875, 6.25, 9.125, 6.55], "texture": "#darkguntexture"},
				"south": {"uv": [3.725, 6.25, 4.025, 6.55], "texture": "#darkguntexture"},
				"west": {"uv": [6.875, 6.25, 9.125, 6.55], "texture": "#darkguntexture"},
				"up": {"uv": [3.725, 6.875, 4.025, 9.125], "texture": "#darkguntexture"},
				"down": {"uv": [12.275, 9.125, 11.975, 6.875], "texture": "#darkguntexture"}
			}
		},
		{
			"from": [4.55, 11.775, 7.775],
			"to": [5, 12.225, 8.225],
			"faces": {
				"north": {"uv": [11, 3.775, 11.45, 4.225], "texture": "#darkguntexture"},
				"east": {"uv": [7.775, 3.775, 8.225, 4.225], "texture": "#darkguntexture"},
				"south": {"uv": [4.55, 3.775, 5, 4.225], "texture": "#darkguntexture"},
				"west": {"uv": [7.775, 3.775, 8.225, 4.225], "texture": "#darkguntexture"},
				"up": {"uv": [4.55, 7.775, 5, 8.225], "texture": "#darkguntexture"},
				"down": {"uv": [11.45, 8.225, 11, 7.775], "texture": "#darkguntexture"}
			}
		},
		{
			"from": [10.5, 9.5625, 6.8],
			"to": [12.875, 11.3125, 9.2],
			"faces": {
				"north": {"uv": [3.125, 4.6875, 5.5, 6.4375], "texture": "#darkguntexture"},
				"east": {"uv": [6.8, 4.6875, 9.2, 6.4375], "texture": "#darkguntexture"},
				"south": {"uv": [10.5, 4.6875, 12.875, 6.4375], "texture": "#darkguntexture"},
				"west": {"uv": [6.8, 4.6875, 9.2, 6.4375], "texture": "#darkguntexture"},
				"up": {"uv": [10.5, 6.8, 12.875, 9.2], "texture": "#darkguntexture"},
				"down": {"uv": [5.5, 9.2, 3.125, 6.8], "texture": "#darkguntexture"}
			}
		},
		{
			"from": [8.5, 10.9375, 6.8],
			"to": [10.5, 11.3125, 9.2],
			"faces": {
				"north": {"uv": [5.5, 4.6875, 7.5, 5.0625], "texture": "#darkguntexture"},
				"east": {"uv": [6.8, 4.6875, 9.2, 5.0625], "texture": "#darkguntexture"},
				"south": {"uv": [8.5, 4.6875, 10.5, 5.0625], "texture": "#darkguntexture"},
				"west": {"uv": [6.8, 4.6875, 9.2, 5.0625], "texture": "#darkguntexture"},
				"up": {"uv": [8.5, 6.8, 10.5, 9.2], "texture": "#darkguntexture"},
				"down": {"uv": [7.5, 9.2, 5.5, 6.8], "texture": "#darkguntexture"}
			}
		},
		{
			"from": [8.5, 9.5, 6.8],
			"to": [10.5, 10.375, 9.2],
			"faces": {
				"north": {"uv": [5.5, 5.625, 7.5, 6.5], "texture": "#darkguntexture"},
				"east": {"uv": [6.8, 5.625, 9.2, 6.5], "texture": "#darkguntexture"},
				"south": {"uv": [8.5, 5.625, 10.5, 6.5], "texture": "#darkguntexture"},
				"west": {"uv": [6.8, 5.625, 9.2, 6.5], "texture": "#darkguntexture"},
				"up": {"uv": [8.5, 6.8, 10.5, 9.2], "texture": "#darkguntexture"},
				"down": {"uv": [7.5, 9.2, 5.5, 6.8], "texture": "#darkguntexture"}
			}
		},
		{
			"from": [8.625, 10.25, 7],
			"to": [10.5, 11, 8.875],
			"faces": {
				"north": {"uv": [11, 2, 12, 3], "texture": "#debug"},
				"east": {"uv": [11, 2, 12, 3], "texture": "#debug"},
				"south": {"uv": [11, 2, 12, 3], "texture": "#debug"},
				"west": {"uv": [11, 2, 12, 3], "texture": "#debug"},
				"up": {"uv": [11, 2, 12, 3], "texture": "#debug"},
				"down": {"uv": [11, 2, 12, 3], "texture": "#debug"}
			}
		}
	],
	"display": {
		"thirdperson_righthand": {
			"rotation": [45, -90, 0],
			"translation": [0, 2, 1],
			"scale": [0.8, 0.8, 0.8]
		},
		"thirdperson_lefthand": {
			"rotation": [45, 90, 0],
			"translation": [0, 2, 1],
			"scale": [0.8, 0.8, 0.8]
		},
		"firstperson_righthand": {
			"rotation": [0, -90, 0],
			"translation": [0, 0, -8]
		},
		"firstperson_lefthand": {
			"rotation": [0, 90, 0],
			"translation": [0, 0, -8]
		},
		"ground": {
			"rotation": [90, 0, 0],
			"scale": [0.6, 0.6, 0.6]
		},
		"gui": {
			"rotation": [-20, 40, 0],
			"translation": [-0.5, 0, 0],
			"scale": [0.5, 0.5, 0.5]
		},
		"head": {
			"rotation": [-45, -90, 0],
			"translation": [0, 4, -10]
		},
		"fixed": {
			"translation": [0, 0, -1]
		}
	}
}