{
	"credit": "Made with Blockbench",
	"texture_size": [32, 32],
	"textures": {
		"0": "block/aa26",
		"particle": "block/aa26"
	},
	"elements": [
		{
			"from": [6.5, 3, 6],
			"to": [9.5, 14, 7],
			"rotation": {"angle": 0, "axis": "y", "origin": [-0.5, 3, 0]},
			"faces": {
				"north": {"uv": [0.016, 0.016, 1.484, 5.484], "texture": "#0"},
				"east": {"uv": [4.016, 0.016, 4.484, 5.484], "texture": "#0"},
				"south": {"uv": [2.016, 0.016, 3.484, 5.484], "texture": "#0"},
				"west": {"uv": [5.016, 0.016, 5.484, 5.484], "texture": "#0"},
				"up": {"uv": [8.984, 2.484, 7.516, 2.016], "texture": "#0"},
				"down": {"uv": [8.984, 3.016, 7.516, 3.484], "texture": "#0"}
			}
		},
		{
			"from": [7.5, 15.5, 6],
			"to": [8.5, 19.5, 7],
			"rotation": {"angle": 0, "axis": "y", "origin": [8, 20.5, 6.5]},
			"faces": {
				"north": {"uv": [5.516, 6.016, 5.984, 7.984], "texture": "#0"},
				"east": {"uv": [6.516, 5.516, 6.984, 7.484], "texture": "#0"},
				"south": {"uv": [3.516, 7.516, 3.984, 9.484], "texture": "#0"},
				"west": {"uv": [4.516, 7.516, 4.984, 9.484], "texture": "#0"},
				"up": {"uv": [7.984, 9.984, 7.516, 9.516], "texture": "#0"},
				"down": {"uv": [9.984, 9.016, 9.516, 9.484], "texture": "#0"}
			}
		},
		{
			"from": [6.23223, 18.56066, 6],
			"to": [7.23223, 21.56066, 7],
			"rotation": {"angle": 45, "axis": "z", "origin": [6.73223, 20.56066, 6.5]},
			"faces": {
				"north": {"uv": [7.516, 5.516, 7.984, 6.984], "texture": "#0"},
				"east": {"uv": [7.516, 7.516, 7.984, 8.984], "texture": "#0"},
				"south": {"uv": [0.016, 8.016, 0.484, 9.484], "texture": "#0"},
				"west": {"uv": [8.016, 0.016, 8.484, 1.484], "texture": "#0"},
				"up": {"uv": [0.484, 10.484, 0.016, 10.016], "texture": "#0"},
				"down": {"uv": [1.484, 10.016, 1.016, 10.484], "texture": "#0"}
			}
		},
		{
			"from": [6.20754, 20.60869, 6],
			"to": [7.20754, 23.60869, 7],
			"rotation": {"angle": -22.5, "axis": "z", "origin": [6.70754, 22.10869, 6.5]},
			"faces": {
				"north": {"uv": [1.016, 8.016, 1.484, 9.484], "texture": "#0"},
				"east": {"uv": [2.016, 8.016, 2.484, 9.484], "texture": "#0"},
				"south": {"uv": [6.516, 8.016, 6.984, 9.484], "texture": "#0"},
				"west": {"uv": [8.516, 4.016, 8.984, 5.484], "texture": "#0"},
				"up": {"uv": [2.484, 10.484, 2.016, 10.016], "texture": "#0"},
				"down": {"uv": [3.484, 10.016, 3.016, 10.484], "texture": "#0"}
			}
		},
		{
			"from": [6.7435, 23.30317, 6],
			"to": [7.7435, 25.30317, 7],
			"rotation": {"angle": 0, "axis": "y", "origin": [7.2435, 24.80317, 6.5]},
			"faces": {
				"north": {"uv": [5.516, 8.516, 5.984, 9.484], "texture": "#0"},
				"east": {"uv": [8.516, 9.016, 8.984, 9.984], "texture": "#0"},
				"south": {"uv": [9.516, 1.016, 9.984, 1.984], "texture": "#0"},
				"west": {"uv": [9.516, 2.516, 9.984, 3.484], "texture": "#0"},
				"up": {"uv": [4.484, 10.484, 4.016, 10.016], "texture": "#0"},
				"down": {"uv": [5.484, 10.016, 5.016, 10.484], "texture": "#0"}
			}
		},
		{
			"from": [7, 2, 6],
			"to": [9, 3, 7],
			"rotation": {"angle": 0, "axis": "y", "origin": [-0.5, 3, 0]},
			"faces": {
				"north": {"uv": [8.516, 6.016, 9.484, 6.484], "texture": "#0"},
				"east": {"uv": [9.516, 4.016, 9.984, 4.484], "texture": "#0"},
				"south": {"uv": [8.516, 7.016, 9.484, 7.484], "texture": "#0"},
				"west": {"uv": [9.516, 5.016, 9.984, 5.484], "texture": "#0"},
				"up": {"uv": [9.484, 8.484, 8.516, 8.016], "texture": "#0"},
				"down": {"uv": [9.984, 0.016, 9.016, 0.484], "texture": "#0"}
			}
		},
		{
			"from": [6.5, 12.5, 5.5],
			"to": [9.5, 15.5, 7.5],
			"rotation": {"angle": 45, "axis": "z", "origin": [8, 14, 6.5]},
			"faces": {
				"north": {"uv": [0.016, 6.016, 1.484, 7.484], "texture": "#0"},
				"east": {"uv": [2.016, 6.016, 2.984, 7.484], "texture": "#0"},
				"south": {"uv": [6.016, 0.016, 7.484, 1.484], "texture": "#0"},
				"west": {"uv": [6.016, 2.016, 6.984, 3.484], "texture": "#0"},
				"up": {"uv": [4.984, 6.984, 3.516, 6.016], "texture": "#0"},
				"down": {"uv": [7.484, 4.016, 6.016, 4.984], "texture": "#0"}
			}
		}
	],
	"display": {
		"thirdperson_righthand": {
			"rotation": [0, -90, 0],
			"translation": [-0.75, 0, 0.75],
			"scale": [0.45, 0.45, 0.45]
		},
		"thirdperson_lefthand": {
			"rotation": [0, -90, 0],
			"translation": [-0.75, 0, 0.75],
			"scale": [0.45, 0.45, 0.45]
		},
		"firstperson_righthand": {
			"rotation": [0, -90, 25],
			"translation": [1.13, 3.2, 1.13],
			"scale": [0.45, 0.45, 0.45]
		},
		"firstperson_lefthand": {
			"rotation": [0, -90, 25],
			"translation": [1.13, 3.2, 1.13],
			"scale": [0.45, 0.45, 0.45]
		},
		"ground": {
			"translation": [0, 2, 0],
			"scale": [0.5, 0.5, 0.5]
		},
		"gui": {
			"rotation": [0, 0, -45],
			"translation": [-2.25, -2.75, 0],
			"scale": [0.7, 0.7, 0.7]
		},
		"fixed": {
			"translation": [0, -4.75, 0]
		}
	}
}