{
	"__comment": "Designed by Nathankuijt with BDcraft Cubik PRO 0.95 Beta - http://bdcraft.net",
	"textures": {
		"particle": "block/hay_block_top",
		"Haybale": "block/hay_block_top"
	},
	"elements": [
		{
			"from": [ 2, 0, 1 ],
			"to": [ 14, 1, 15 ],
			"faces": {
				"down": { "uv": [ 13.999, 14.999, 2.001, 1.001 ], "texture": "#Haybale" },
				"up": { "uv": [ 2.001, 1.001, 13.999, 14.999 ], "texture": "#Haybale" },
				"north": { "uv": [ 2.001, 15.001, 13.999, 15.999 ], "texture": "#Haybale" },
				"south": { "uv": [ 2.001, 15.001, 13.999, 15.999 ], "texture": "#Haybale" },
				"west": { "uv": [ 1.001, 15.001, 14.999, 15.999 ], "texture": "#Haybale" },
				"east": { "uv": [ 1.001, 15.001, 14.999, 15.999 ], "texture": "#Haybale" }
			}
		},
		{
			"from": [ 4.5, 1, 4.5 ],
			"to": [ 11.5, 5.5, 11.5 ],
			"faces": {
				"down": { "uv": [ 11.499, 11.499, 4.501, 4.500999 ], "texture": "#Haybale" },
				"up": { "uv": [ 4.501, 4.500999, 11.499, 11.499 ], "texture": "#Haybale" },
				"north": { "uv": [ 4.501, 10.501, 11.499, 14.999 ], "texture": "#Haybale" },
				"south": { "uv": [ 4.501, 10.501, 11.499, 14.999 ], "texture": "#Haybale" },
				"west": { "uv": [ 4.501, 10.501, 11.499, 14.999 ], "texture": "#Haybale" },
				"east": { "uv": [ 4.501, 10.501, 11.499, 14.999 ], "texture": "#Haybale" }
			}
		},
		{
			"from": [ 15, 2, 3 ],
			"to": [ 16, 3.5, 13 ],
			"faces": {
				"down": { "uv": [ 0.999, 12.999, 0.001, 3.000999 ], "texture": "#Haybale" },
				"up": { "uv": [ 15.001, 3.000999, 15.999, 12.999 ], "texture": "#Haybale" },
				"north": { "uv": [ 0.001, 12.501, 0.999, 13.999 ], "texture": "#Haybale" },
				"south": { "uv": [ 15.001, 12.501, 15.999, 13.999 ], "texture": "#Haybale" },
				"west": { "uv": [ 3.001, 12.501, 12.999, 13.999 ], "texture": "#Haybale" },
				"east": { "uv": [ 3.001, 12.501, 12.999, 13.999 ], "texture": "#Haybale" }
			}
		},
		{
			"from": [ 0, 2, 3 ],
			"to": [ 1, 3.5, 13 ],
			"faces": {
				"down": { "uv": [ 15.999, 12.999, 15.001, 3.000999 ], "texture": "#Haybale" },
				"up": { "uv": [ 0.001, 3.000999, 0.999, 12.999 ], "texture": "#Haybale" },
				"north": { "uv": [ 15.001, 12.501, 15.999, 13.999 ], "texture": "#Haybale" },
				"south": { "uv": [ 0.001, 12.501, 0.999, 13.999 ], "texture": "#Haybale" },
				"west": { "uv": [ 3.001, 12.501, 12.999, 13.999 ], "texture": "#Haybale" },
				"east": { "uv": [ 3.001, 12.501, 12.999, 13.999 ], "texture": "#Haybale" }
			}
		},
		{
			"from": [ 1, 1, 2 ],
			"to": [ 2, 3, 14 ],
			"faces": {
				"down": { "uv": [ 14.999, 13.999, 14.001, 2.000999 ], "texture": "#Haybale" },
				"up": { "uv": [ 1.001, 2.000999, 1.999, 13.999 ], "texture": "#Haybale" },
				"north": { "uv": [ 14.001, 13.001, 14.999, 14.999 ], "texture": "#Haybale" },
				"south": { "uv": [ 1.001, 13.001, 1.999, 14.999 ], "texture": "#Haybale" },
				"west": { "uv": [ 2.001, 13.001, 13.999, 14.999 ], "texture": "#Haybale" },
				"east": { "uv": [ 2.001, 13.001, 13.999, 14.999 ], "texture": "#Haybale" }
			}
		},
		{
			"from": [ 14, 1, 2 ],
			"to": [ 15, 3, 14 ],
			"faces": {
				"down": { "uv": [ 1.999, 13.999, 1.001, 2.000999 ], "texture": "#Haybale" },
				"up": { "uv": [ 14.001, 2.000999, 14.999, 13.999 ], "texture": "#Haybale" },
				"north": { "uv": [ 1.001, 13.001, 1.999, 14.999 ], "texture": "#Haybale" },
				"south": { "uv": [ 14.001, 13.001, 14.999, 14.999 ], "texture": "#Haybale" },
				"west": { "uv": [ 2.001, 13.001, 13.999, 14.999 ], "texture": "#Haybale" },
				"east": { "uv": [ 2.001, 13.001, 13.999, 14.999 ], "texture": "#Haybale" }
			}
		},
		{
			"from": [ 3, 0, 15 ],
			"to": [ 13, 1, 16 ],
			"faces": {
				"down": { "uv": [ 12.999, 15.999, 3.001, 15.001 ], "texture": "#Haybale" },
				"up": { "uv": [ 3.001, 15.001, 12.999, 15.999 ], "texture": "#Haybale" },
				"north": { "uv": [ 3.001, 15.001, 12.999, 15.999 ], "texture": "#Haybale" },
				"south": { "uv": [ 3.001, 15.001, 12.999, 15.999 ], "texture": "#Haybale" },
				"west": { "uv": [ 15.001, 15.001, 15.999, 15.999 ], "texture": "#Haybale" },
				"east": { "uv": [ 0.001, 15.001, 0.999, 15.999 ], "texture": "#Haybale" }
			}
		},
		{
			"from": [ 3, 0, 0 ],
			"to": [ 13, 1, 1 ],
			"faces": {
				"down": { "uv": [ 12.999, 0.9989996, 3.001, 0.001000404 ], "texture": "#Haybale" },
				"up": { "uv": [ 3.001, 0.001000404, 12.999, 0.9989996 ], "texture": "#Haybale" },
				"north": { "uv": [ 3.001, 15.001, 12.999, 15.999 ], "texture": "#Haybale" },
				"south": { "uv": [ 3.001, 15.001, 12.999, 15.999 ], "texture": "#Haybale" },
				"west": { "uv": [ 0.001, 15.001, 0.999, 15.999 ], "texture": "#Haybale" },
				"east": { "uv": [ 15.001, 15.001, 15.999, 15.999 ], "texture": "#Haybale" }
			}
		},
		{
			"from": [ 4.5, 5.5, 5 ],
			"to": [ 7.5, 6, 11 ],
			"faces": {
				"down": { "uv": [ 11.499, 10.999, 8.501, 5.000999 ], "texture": "#Haybale" },
				"up": { "uv": [ 4.501, 5.000999, 7.499, 10.999 ], "texture": "#Haybale" },
				"north": { "uv": [ 8.501, 10.001, 11.499, 10.499 ], "texture": "#Haybale" },
				"south": { "uv": [ 4.501, 10.001, 7.499, 10.499 ], "texture": "#Haybale" },
				"west": { "uv": [ 5.001, 10.001, 10.999, 10.499 ], "texture": "#Haybale" },
				"east": { "uv": [ 5.001, 10.001, 10.999, 10.499 ], "texture": "#Haybale" }
			}
		},
		{
			"from": [ 9, 5.5, 5 ],
			"to": [ 11.5, 6, 11 ],
			"faces": {
				"down": { "uv": [ 6.999, 10.999, 4.501, 5.000999 ], "texture": "#Haybale" },
				"up": { "uv": [ 9.001, 5.000999, 11.499, 10.999 ], "texture": "#Haybale" },
				"north": { "uv": [ 4.501, 10.001, 6.999, 10.499 ], "texture": "#Haybale" },
				"south": { "uv": [ 9.001, 10.001, 11.499, 10.499 ], "texture": "#Haybale" },
				"west": { "uv": [ 5.001, 10.001, 10.999, 10.499 ], "texture": "#Haybale" },
				"east": { "uv": [ 5.001, 10.001, 10.999, 10.499 ], "texture": "#Haybale" }
			}
		},
		{
			"from": [ 1.5, 0.5, 2 ],
			"to": [ 2, 1, 14 ],
			"faces": {
				"down": { "uv": [ 14.499, 13.999, 14.001, 2.000999 ], "texture": "#Haybale" },
				"up": { "uv": [ 1.501, 2.000999, 1.999, 13.999 ], "texture": "#Haybale" },
				"north": { "uv": [ 14.001, 15.001, 14.499, 15.499 ], "texture": "#Haybale" },
				"south": { "uv": [ 1.501, 15.001, 1.999, 15.499 ], "texture": "#Haybale" },
				"west": { "uv": [ 2.001, 15.001, 13.999, 15.499 ], "texture": "#Haybale" },
				"east": { "uv": [ 2.001, 15.001, 13.999, 15.499 ], "texture": "#Haybale" }
			}
		},
		{
			"from": [ 14, 0.5, 2 ],
			"to": [ 14.5, 1, 14 ],
			"faces": {
				"down": { "uv": [ 1.999, 13.999, 1.501, 2.000999 ], "texture": "#Haybale" },
				"up": { "uv": [ 14.001, 2.000999, 14.499, 13.999 ], "texture": "#Haybale" },
				"north": { "uv": [ 1.501, 15.001, 1.999, 15.499 ], "texture": "#Haybale" },
				"south": { "uv": [ 14.001, 15.001, 14.499, 15.499 ], "texture": "#Haybale" },
				"west": { "uv": [ 2.001, 15.001, 13.999, 15.499 ], "texture": "#Haybale" },
				"east": { "uv": [ 2.001, 15.001, 13.999, 15.499 ], "texture": "#Haybale" }
			}
		},
		{
			"from": [ 2, 1, 2 ],
			"to": [ 2.5, 2, 14 ],
			"faces": {
				"down": { "uv": [ 13.999, 13.999, 13.501, 2.000999 ], "texture": "#Haybale" },
				"up": { "uv": [ 2.001, 2.000999, 2.499, 13.999 ], "texture": "#Haybale" },
				"north": { "uv": [ 13.501, 14.001, 13.999, 14.999 ], "texture": "#Haybale" },
				"south": { "uv": [ 2.001, 14.001, 2.499, 14.999 ], "texture": "#Haybale" },
				"west": { "uv": [ 2.001, 14.001, 13.999, 14.999 ], "texture": "#Haybale" },
				"east": { "uv": [ 2.001, 14.001, 13.999, 14.999 ], "texture": "#Haybale" }
			}
		},
		{
			"from": [ 13.5, 1, 1.5 ],
			"to": [ 14, 2, 13.5 ],
			"faces": {
				"down": { "uv": [ 2.499, 13.499, 2.001, 1.501 ], "texture": "#Haybale" },
				"up": { "uv": [ 13.501, 1.500999, 13.999, 13.499 ], "texture": "#Haybale" },
				"north": { "uv": [ 2.001, 14.001, 2.499, 14.999 ], "texture": "#Haybale" },
				"south": { "uv": [ 13.501, 14.001, 13.999, 14.999 ], "texture": "#Haybale" },
				"west": { "uv": [ 1.501, 14.001, 13.499, 14.999 ], "texture": "#Haybale" },
				"east": { "uv": [ 2.501, 14.001, 14.499, 14.999 ], "texture": "#Haybale" }
			}
		},
		{
			"from": [ 5.5, 1, 11.5 ],
			"to": [ 10.5, 5, 12 ],
			"faces": {
				"down": { "uv": [ 10.499, 11.999, 5.501, 11.501 ], "texture": "#Haybale" },
				"up": { "uv": [ 5.501, 11.501, 10.499, 11.999 ], "texture": "#Haybale" },
				"north": { "uv": [ 5.501, 11.001, 10.499, 14.999 ], "texture": "#Haybale" },
				"south": { "uv": [ 5.501, 11.001, 10.499, 14.999 ], "texture": "#Haybale" },
				"west": { "uv": [ 11.501, 11.001, 11.999, 14.999 ], "texture": "#Haybale" },
				"east": { "uv": [ 4.001, 11.001, 4.499, 14.999 ], "texture": "#Haybale" }
			}
		},
		{
			"from": [ 5.5, 1, 4 ],
			"to": [ 10.5, 5, 4.5 ],
			"faces": {
				"down": { "uv": [ 10.499, 4.499001, 5.501, 4.000999 ], "texture": "#Haybale" },
				"up": { "uv": [ 5.501, 4.000999, 10.499, 4.499001 ], "texture": "#Haybale" },
				"north": { "uv": [ 5.501, 11.001, 10.499, 14.999 ], "texture": "#Haybale" },
				"south": { "uv": [ 5.501, 11.001, 10.499, 14.999 ], "texture": "#Haybale" },
				"west": { "uv": [ 4.001, 11.001, 4.499, 14.999 ], "texture": "#Haybale" },
				"east": { "uv": [ 11.501, 11.001, 11.999, 14.999 ], "texture": "#Haybale" }
			}
		}
	],
	"display": {
		"thirdperson_righthand": {
			"rotation":  [ 85, 6, 0 ],
			"translation":  [ 0.183, -1.128, 1.7 ],
			"scale":  [ 0.6, 0.6, 0.6 ]
		},
		"thirdperson_lefthand": {
			"rotation":  [ 85, 6, 0 ],
			"translation":  [ 0.183, -1.128, 1.7 ],
			"scale":  [ 0.6, 0.6, 0.6 ]
		},
		"firstperson_righthand": {
			"rotation":  [ 0, -135, -27 ],
			"translation":  [ 0, 6.61, 2 ]
		},
		"firstperson_lefthand": {
			"rotation":  [ 0, -135, -27 ],
			"translation":  [ 0, 6.61, 2 ]
		},
		"gui": {
			"rotation":  [ 20, 130, 0 ],
			"translation":  [ 0, 3, 0 ],
			"scale":  [ 0.7, 0.7, 0.7 ]
		},
		"head": {
			"rotation":  [ 1, 0, 0 ],
			"translation":  [ 0, 18, 0 ],
			"scale":  [ 1.5, 1.5, 1.5 ]
		},
		"ground": {
			"translation":  [ 0, 5.67, 0 ],
			"scale":  [ 0.5, 0.5, 0.5 ]
		}
	}
}