{
	"credit": "Made with Blockbench",
	"textures": {
		"gold_block": "block/gold_block",
		"iron_block": "block/aa25",
		"particle": "block/hardened_clay_stained_red"
	},
	"elements": [
		{
			"name": "Bullet Casing",
			"from": [7.8508, 10.792, 7.9135],
			"to": [8.8589, 11.0528, 8.30468],
			"faces": {
				"north": {"uv": [7, 6, 9, 16], "rotation": 90, "texture": "#gold_block"},
				"east": {"uv": [9.5, 9, 6.5, 7], "texture": "#gold_block"},
				"south": {"uv": [7, 6, 9, 16], "texture": "#gold_block"},
				"west": {"uv": [6.5, 7, 9.5, 9], "texture": "#gold_block"},
				"up": {"uv": [6.5, 6, 9.5, 16], "rotation": 270, "texture": "#gold_block"},
				"down": {"uv": [6.5, 6, 9.5, 16], "rotation": 270, "texture": "#gold_block"}
			}
		},
		{
			"name": "Bullet Casing",
			"from": [7.8508, 11.0528, 7.9787],
			"to": [8.8589, 11.118, 8.23949],
			"faces": {
				"north": {"uv": [6.5, 6, 7, 16], "rotation": 90, "texture": "#gold_block"},
				"east": {"uv": [9, 7, 7, 6.5], "texture": "#gold_block"},
				"south": {"uv": [9, 6, 9.5, 16], "texture": "#gold_block"},
				"west": {"uv": [7, 6.5, 9, 7], "texture": "#gold_block"},
				"up": {"uv": [7, 6, 9, 16], "rotation": 270, "texture": "#gold_block"},
				"down": {"uv": [7, 6, 9, 16], "rotation": 270, "texture": "#gold_block"}
			}
		},
		{
			"name": "Bullet Casing",
			"from": [7.8508, 10.7268, 7.9787],
			"to": [8.8589, 10.792, 8.23949],
			"faces": {
				"north": {"uv": [9, 6, 9.5, 16], "rotation": 90, "texture": "#gold_block"},
				"east": {"uv": [9, 9.5, 7, 9], "texture": "#gold_block"},
				"south": {"uv": [6.5, 6, 7, 16], "texture": "#gold_block"},
				"west": {"uv": [7, 9, 9, 9.5], "texture": "#gold_block"},
				"up": {"uv": [7, 6, 9, 16], "rotation": 270, "texture": "#gold_block"},
				"down": {"uv": [7, 6, 9, 16], "rotation": 270, "texture": "#gold_block"}
			}
		},
		{
			"name": "Bullet",
			"from": [7.5145, 10.7949, 7.9145],
			"to": [7.8438, 11.0505, 8.29786],
			"faces": {
				"north": {"uv": [7, 6, 9, 16], "rotation": 90, "texture": "#iron_block"},
				"east": {"uv": [9.5, 9, 6.5, 7], "texture": "#iron_block"},
				"south": {"uv": [7, 6, 9, 16], "texture": "#iron_block"},
				"west": {"uv": [6.5, 7, 9.5, 9], "texture": "#iron_block"},
				"up": {"uv": [6.5, 6, 9.5, 16], "rotation": 270, "texture": "#iron_block"},
				"down": {"uv": [6.5, 6, 9.5, 16], "rotation": 270, "texture": "#iron_block"}
			}
		},
		{
			"name": "Bullet",
			"from": [7.5145, 11.0506, 7.9784],
			"to": [7.8438, 11.1145, 8.23398],
			"faces": {
				"north": {"uv": [6.5, 6, 7, 16], "rotation": 90, "texture": "#iron_block"},
				"east": {"uv": [9, 7, 7, 6.5], "texture": "#iron_block"},
				"south": {"uv": [9, 6, 9.5, 16], "texture": "#iron_block"},
				"west": {"uv": [7, 6.5, 9, 7], "texture": "#iron_block"},
				"up": {"uv": [7, 6, 9, 16], "rotation": 270, "texture": "#iron_block"},
				"down": {"uv": [7, 6, 9, 16], "rotation": 270, "texture": "#iron_block"}
			}
		},
		{
			"name": "Bullet",
			"from": [7.5145, 10.731, 7.9784],
			"to": [7.8438, 10.7949, 8.23398],
			"faces": {
				"north": {"uv": [9, 6, 9.5, 16], "rotation": 90, "texture": "#iron_block"},
				"east": {"uv": [9, 9.5, 7, 9], "texture": "#iron_block"},
				"south": {"uv": [6.5, 6, 7, 16], "texture": "#iron_block"},
				"west": {"uv": [7, 9, 9, 9.5], "texture": "#iron_block"},
				"up": {"uv": [7, 6, 9, 16], "rotation": 270, "texture": "#iron_block"},
				"down": {"uv": [7, 6, 9, 16], "rotation": 270, "texture": "#iron_block"}
			}
		},
		{
			"name": "Bullet",
			"from": [7.3539, 10.856, 7.9182],
			"to": [7.5184, 10.9851, 8.28044],
			"faces": {
				"north": {"uv": [7.5, 5.5, 8.5, 6], "rotation": 90, "texture": "#iron_block"},
				"east": {"uv": [9.5, 8.5, 6.5, 7.5], "texture": "#iron_block"},
				"south": {"uv": [7.5, 5.5, 8.5, 6], "texture": "#iron_block"},
				"west": {"uv": [6.5, 7.5, 9.5, 8.5], "texture": "#iron_block"},
				"up": {"uv": [6.5, 5.5, 9.5, 6], "rotation": 270, "texture": "#iron_block"},
				"down": {"uv": [6.5, 5.5, 9.5, 6], "rotation": 270, "texture": "#iron_block"}
			}
		},
		{
			"name": "Bullet",
			"from": [7.1459, 10.7851, 7.9578],
			"to": [7.5606, 11.0746, 8.24095],
			"faces": {
				"north": {"uv": [7, 2.5, 7.5, 6], "rotation": 90, "texture": "#iron_block"},
				"east": {"uv": [9, 7.5, 7, 7], "texture": "#iron_block"},
				"south": {"uv": [8.5, 2.5, 9, 6], "texture": "#iron_block"},
				"west": {"uv": [7, 7, 9, 7.5], "texture": "#iron_block"},
				"up": {"uv": [7, 2.5, 9, 6], "rotation": 270, "texture": "#iron_block"},
				"down": {"uv": [7, 2.5, 9, 6], "rotation": 270, "texture": "#iron_block"}
			}
		},
		{
			"name": "Bullet",
			"from": [7.3959, 10.7915, 7.9578],
			"to": [7.5606, 10.9851, 8.21595],
			"faces": {
				"north": {"uv": [7.5, 2.5, 9, 5.5], "rotation": 90, "texture": "#iron_block"},
				"east": {"uv": [9, 9, 7, 7.5], "texture": "#iron_block"},
				"south": {"uv": [7, 2.5, 8.5, 5.5], "texture": "#iron_block"},
				"west": {"uv": [7, 7.5, 9, 9], "texture": "#iron_block"},
				"up": {"uv": [7, 2.5, 9, 5.5], "rotation": 270, "texture": "#iron_block"},
				"down": {"uv": [7, 2.5, 9, 5.5], "rotation": 270, "texture": "#iron_block"}
			}
		},
		{
			"name": "Bullet",
			"from": [7.4539, 10.7915, 7.9578],
			"to": [7.5184, 10.8561, 8.21595],
			"faces": {
				"north": {"uv": [8.5, 5.5, 9, 6], "rotation": 90, "texture": "#iron_block"},
				"east": {"uv": [9, 9, 7, 8.5], "texture": "#iron_block"},
				"south": {"uv": [7, 5.5, 7.5, 6], "texture": "#iron_block"},
				"west": {"uv": [7, 8.5, 9, 9], "texture": "#iron_block"},
				"up": {"uv": [7, 5.5, 9, 6], "rotation": 270, "texture": "#iron_block"},
				"down": {"uv": [7, 5.5, 9, 6], "rotation": 270, "texture": "#iron_block"}
			}
		},
		{
			"name": "Bullet",
			"from": [7.4539, 11.0496, 8.0223],
			"to": [7.5184, 11.1142, 8.15138],
			"faces": {
				"north": {"uv": [6.5, 5.5, 7, 6], "rotation": 90, "texture": "#iron_block"},
				"east": {"uv": [8.5, 7, 7.5, 6.5], "texture": "#iron_block"},
				"south": {"uv": [9, 5.5, 9.5, 6], "texture": "#iron_block"},
				"west": {"uv": [7.5, 6.5, 8.5, 7], "texture": "#iron_block"},
				"up": {"uv": [7.5, 5.5, 8.5, 6], "rotation": 270, "texture": "#iron_block"},
				"down": {"uv": [7.5, 5.5, 8.5, 6], "rotation": 270, "texture": "#iron_block"}
			}
		},
		{
			"name": "Bullet",
			"from": [7.0202, 10.856, 8.0223],
			"to": [7.4025, 10.9851, 8.17638],
			"faces": {
				"north": {"uv": [7.5, 0, 8.5, 1.5], "rotation": 90, "texture": "#iron_block"},
				"east": {"uv": [8.5, 8.5, 7.5, 7.5], "texture": "#iron_block"},
				"south": {"uv": [7.5, 0, 8.5, 1.5], "texture": "#iron_block"},
				"west": {"uv": [7.5, 7.5, 8.5, 8.5], "texture": "#iron_block"},
				"up": {"uv": [7.5, 0, 8.5, 1.5], "rotation": 270, "texture": "#iron_block"},
				"down": {"uv": [7.5, 0, 8.5, 1.5], "rotation": 270, "texture": "#iron_block"}
			}
		},
		{
			"name": "Bullet",
			"from": [7.4539, 10.727, 8.0223],
			"to": [7.5184, 10.7915, 8.15138],
			"faces": {
				"north": {"uv": [9, 5.5, 9.5, 6], "rotation": 90, "texture": "#iron_block"},
				"east": {"uv": [8.5, 9.5, 7.5, 9], "texture": "#iron_block"},
				"south": {"uv": [6.5, 5.5, 7, 6], "texture": "#iron_block"},
				"west": {"uv": [7.5, 9, 8.5, 9.5], "texture": "#iron_block"},
				"up": {"uv": [7.5, 5.5, 8.5, 6], "rotation": 270, "texture": "#iron_block"},
				"down": {"uv": [7.5, 5.5, 8.5, 6], "rotation": 270, "texture": "#iron_block"}
			}
		}
	],
	"display": {
		"thirdperson_righthand": {
			"rotation": [90, -90, 0],
			"translation": [0, 0.43, -1.56],
			"scale": [0.7, 0.7, 0.7]
		},
		"thirdperson_lefthand": {
			"rotation": [90, -90, 0],
			"translation": [0, -1.07, 0.19],
			"scale": [0.7, 0.7, 0.7]
		},
		"firstperson_righthand": {
			"rotation": [-108.5, -77, 170],
			"translation": [3.02, 0.57, -2.19]
		},
		"firstperson_lefthand": {
			"rotation": [-9, 77, 10],
			"translation": [3.02, 0.56, 2.31]
		},
		"ground": {
			"rotation": [90, 0, 0],
			"translation": [0, 0, 2],
			"scale": [0.7, 0.7, 0.7]
		},
		"gui": {
			"rotation": [65.32, -44.5, -17.16],
			"translation": [-2.25, -2.25, 0],
			"scale": [4, 4, 4]
		},
		"fixed": {
			"scale": [2, 2, 2]
		}
	}
}