{
"__comment": "Designed by NathanKuijt - In Order Of DusDavidGames",
"textures": {
    "particle": "block/red_sand",
    "texture": "block/red_wool",
    "anvil_base": "block/anvil_base",
    "hardened_clay_stained_yellow": "block/hardened_clay_stained_yellow",
    "lapis_block": "block/lapis_block",
    "mushroom_block_skin_stem": "block/mushroom_block_skin_stem"
},
"elements": [ 
{
    "from": [ 4.5, 8.5, 4 ],
    "to": [ 7, 12, 7.5 ],
    "faces": {
        "down":  { "uv": [ 11.5, 7.5, 9, 4 ], "texture": "#texture" },
        "up":    { "uv": [ 4.5, 4, 7, 7.5 ], "texture": "#texture" },
        "north": { "uv": [ 9, 4, 11.5, 7.5 ], "texture": "#texture" },
        "south": { "uv": [ 4.5, 4, 7, 7.5 ], "texture": "#texture" },
        "west":  { "uv": [ 4, 4, 7.5, 7.5 ], "texture": "#texture" },
        "east":  { "uv": [ 8.5, 4, 12, 7.5 ], "texture": "#texture" }
    }
},
{
    "from": [ 7, 1.5, 5.5 ],
    "to": [ 8, 3, 6.5 ],
    "faces": {
        "down":  { "uv": [ 9, 6.5, 8, 5.5 ], "texture": "#anvil_base" },
        "up":    { "uv": [ 7, 5.5, 8, 6.5 ], "texture": "#anvil_base" },
        "north": { "uv": [ 8, 13, 9, 14.5 ], "texture": "#anvil_base" },
        "south": { "uv": [ 7, 13, 8, 14.5 ], "texture": "#anvil_base" },
        "west":  { "uv": [ 5.5, 13, 6.5, 14.5 ], "texture": "#anvil_base" },
        "east":  { "uv": [ 9.5, 13, 10.5, 14.5 ], "texture": "#anvil_base" }
    }
},
{
    "from": [ 3.5, 3, 3.5 ],
    "to": [ 8, 9.5, 7 ],
    "faces": {
        "down":  { "uv": [ 12.5, 7, 8, 3.5 ], "texture": "#texture" },
        "up":    { "uv": [ 3.5, 3.5, 8, 7 ], "texture": "#texture" },
        "north": { "uv": [ 8, 6.5, 12.5, 13 ], "texture": "#texture" },
        "south": { "uv": [ 3.5, 6.5, 8, 13 ], "texture": "#texture" },
        "west":  { "uv": [ 3.5, 6.5, 7, 13 ], "texture": "#texture" },
        "east":  { "uv": [ 9, 6.5, 12.5, 13 ], "texture": "#texture" }
    }
},
{
    "from": [ 3.5, 1.5, 5.5 ],
    "to": [ 4.5, 3.5, 6.5 ],
    "faces": {
        "down":  { "uv": [ 16, 6.5, 16, 5.5 ], "texture": "#anvil_base" },
        "up":    { "uv": [ 0, 5.5, 0, 6.5 ], "texture": "#anvil_base" },
        "north": { "uv": [ 16, 12.5, 16, 14.5 ], "texture": "#anvil_base" },
        "south": { "uv": [ 0, 12.5, 0, 14.5 ], "texture": "#anvil_base" },
        "west":  { "uv": [ 5.5, 12.5, 6.5, 14.5 ], "texture": "#anvil_base" },
        "east":  { "uv": [ 9.5, 12.5, 10.5, 14.5 ], "texture": "#anvil_base" }
    }
},
{
    "from": [ 5.1875, 9.5, 7.5 ],
    "to": [ 6.1875, 11, 9 ],
    "faces": {
        "down":  { "uv": [ 10.8125, 9, 9.8125, 7.5 ], "texture": "#anvil_base" },
        "up":    { "uv": [ 5.1875, 7.5, 6.1875, 9 ], "texture": "#anvil_base" },
        "north": { "uv": [ 9.8125, 5, 10.8125, 6.5 ], "texture": "#anvil_base" },
        "south": { "uv": [ 5.1875, 5, 6.1875, 6.5 ], "texture": "#anvil_base" },
        "west":  { "uv": [ 7.5, 5, 9, 6.5 ], "texture": "#anvil_base" },
        "east":  { "uv": [ 7, 5, 8.5, 6.5 ], "texture": "#anvil_base" }
    }
},
{
    "from": [ 8, 3.5, 4 ],
    "to": [ 9, 5, 6.5 ],
    "faces": {
        "down":  { "uv": [ 8, 6.5, 7, 4 ], "texture": "#lapis_block" },
        "up":    { "uv": [ 8, 4, 9, 6.5 ], "texture": "#lapis_block" },
        "north": { "uv": [ 7, 11, 8, 12.5 ], "texture": "#lapis_block" },
        "south": { "uv": [ 8, 11, 9, 12.5 ], "texture": "#lapis_block" },
        "west":  { "uv": [ 4, 11, 6.5, 12.5 ], "texture": "#lapis_block" },
        "east":  { "uv": [ 9.5, 11, 12, 12.5 ], "texture": "#lapis_block" }
    }
},
{
    "from": [ 4.1875, 2, 1 ],
    "to": [ 7.1875, 2.5, 4 ],
    "rotation": { "origin": [ 4.1875, 2.5, 1 ], "axis": "x", "angle": -22.5 },
    "faces": {
        "down":  { "uv": [ 12.3125, 4, 8.3125, 1 ], "texture": "#texture" },
        "up":    { "uv": [ 3.6875, 1, 7.6875, 4 ], "texture": "#texture" },
        "north": { "uv": [ 8.3125, 13.5, 12.3125, 14 ], "texture": "#texture" },
        "south": { "uv": [ 3.6875, 13.5, 7.6875, 14 ], "texture": "#texture" },
        "west":  { "uv": [ 1, 13.5, 4, 14 ], "texture": "#texture" },
        "east":  { "uv": [ 12, 13.5, 15, 14 ], "texture": "#texture" }
    }
},
{
    "from": [ 4.6875, 2.0625, 0.3125 ],
    "to": [ 6.6875, 2.5625, 1.3125 ],
    "faces": {
        "down":  { "uv": [ 11.3125, 1.3125, 9.3125, 0.3125 ], "texture": "#texture" },
        "up":    { "uv": [ 4.6875, 0.3125, 6.6875, 1.3125 ], "texture": "#texture" },
        "north": { "uv": [ 9.3125, 13.4375, 11.3125, 13.9375 ], "texture": "#texture" },
        "south": { "uv": [ 4.6875, 13.4375, 6.6875, 13.9375 ], "texture": "#texture" },
        "west":  { "uv": [ 0.3125, 13.4375, 1.3125, 13.9375 ], "texture": "#texture" },
        "east":  { "uv": [ 14.6875, 13.4375, 15.6875, 13.9375 ], "texture": "#texture" }
    }
},
{
    "from": [ 7, 1.4375, 6.125 ],
    "to": [ 8, 1.5, 7.125 ],
    "faces": {
        "down":  { "uv": [ 9, 7.125, 8, 6.125 ], "texture": "#anvil_base" },
        "up":    { "uv": [ 7, 6.125, 8, 7.125 ], "texture": "#anvil_base" },
        "north": { "uv": [ 8, 14.5, 9, 14.5625 ], "texture": "#anvil_base" },
        "south": { "uv": [ 7, 14.5, 8, 14.5625 ], "texture": "#anvil_base" },
        "west":  { "uv": [ 6.125, 14.5, 7.125, 14.5625 ], "texture": "#anvil_base" },
        "east":  { "uv": [ 8.875, 14.5, 9.875, 14.5625 ], "texture": "#anvil_base" }
    }
},
{
    "from": [ 3.5, 1.4375, 6.125 ],
    "to": [ 4.5, 1.5, 7.125 ],
    "faces": {
        "down":  { "uv": [ 12.5, 7.125, 11.5, 6.125 ], "texture": "#anvil_base" },
        "up":    { "uv": [ 3.5, 6.125, 4.5, 7.125 ], "texture": "#anvil_base" },
        "north": { "uv": [ 11.5, 14.5, 12.5, 14.5625 ], "texture": "#anvil_base" },
        "south": { "uv": [ 3.5, 14.5, 4.5, 14.5625 ], "texture": "#anvil_base" },
        "west":  { "uv": [ 6.125, 14.5, 7.125, 14.5625 ], "texture": "#anvil_base" },
        "east":  { "uv": [ 8.875, 14.5, 9.875, 14.5625 ], "texture": "#anvil_base" }
    }
},
{
    "from": [ 5.1875, 10.0625, 7.125 ],
    "to": [ 6.1875, 11.0625, 9.125 ],
    "faces": {
        "down":  { "uv": [ 10.8125, 9.125, 9.8125, 7.125 ], "texture": "#anvil_base" },
        "up":    { "uv": [ 5.1875, 7.125, 6.1875, 9.125 ], "texture": "#anvil_base" },
        "north": { "uv": [ 9.8125, 4.9375, 10.8125, 5.9375 ], "texture": "#anvil_base" },
        "south": { "uv": [ 5.1875, 4.9375, 6.1875, 5.9375 ], "texture": "#anvil_base" },
        "west":  { "uv": [ 7.125, 4.9375, 9.125, 5.9375 ], "texture": "#anvil_base" },
        "east":  { "uv": [ 6.875, 4.9375, 8.875, 5.9375 ], "texture": "#anvil_base" }
    }
},
{
    "from": [ 4.75, 11.25, 4.1875 ],
    "to": [ 6.75, 12.25, 7.1875 ],
    "faces": {
        "down":  { "uv": [ 11.25, 7.1875, 9.25, 4.1875 ], "texture": "#texture" },
        "up":    { "uv": [ 4.75, 4.1875, 6.75, 7.1875 ], "texture": "#texture" },
        "north": { "uv": [ 9.25, 3.75, 11.25, 4.75 ], "texture": "#texture" },
        "south": { "uv": [ 4.75, 3.75, 6.75, 4.75 ], "texture": "#texture" },
        "west":  { "uv": [ 4.1875, 3.75, 7.1875, 4.75 ], "texture": "#texture" },
        "east":  { "uv": [ 8.8125, 3.75, 11.8125, 4.75 ], "texture": "#texture" }
    }
},
{
    "from": [ 8, 7, 4 ],
    "to": [ 9, 9, 6.5 ],
    "faces": {
        "down":  { "uv": [ 8, 6.5, 7, 4 ], "texture": "#texture" },
        "up":    { "uv": [ 8, 4, 9, 6.5 ], "texture": "#texture" },
        "north": { "uv": [ 7, 7, 8, 9 ], "texture": "#texture" },
        "south": { "uv": [ 8, 7, 9, 9 ], "texture": "#texture" },
        "west":  { "uv": [ 4, 7, 6.5, 9 ], "texture": "#texture" },
        "east":  { "uv": [ 9.5, 7, 12, 9 ], "texture": "#texture" }
    }
},
{
    "from": [ 8, 5, 4 ],
    "to": [ 9, 7, 6.5 ],
    "faces": {
        "down":  { "uv": [ 8, 6.5, 7, 4 ], "texture": "#hardened_clay_stained_yellow" },
        "up":    { "uv": [ 8, 4, 9, 6.5 ], "texture": "#hardened_clay_stained_yellow" },
        "north": { "uv": [ 7, 9, 8, 11 ], "texture": "#hardened_clay_stained_yellow" },
        "south": { "uv": [ 8, 9, 9, 11 ], "texture": "#hardened_clay_stained_yellow" },
        "west":  { "uv": [ 4, 9, 6.5, 11 ], "texture": "#hardened_clay_stained_yellow" },
        "east":  { "uv": [ 9.5, 9, 12, 11 ], "texture": "#hardened_clay_stained_yellow" }
    }
},
{
    "from": [ 2.5, 7, 4 ],
    "to": [ 3.5, 9, 6.5 ],
    "faces": {
        "down":  { "uv": [ 13.5, 6.5, 12.5, 4 ], "texture": "#texture" },
        "up":    { "uv": [ 2.5, 4, 3.5, 6.5 ], "texture": "#texture" },
        "north": { "uv": [ 12.5, 7, 13.5, 9 ], "texture": "#texture" },
        "south": { "uv": [ 2.5, 7, 3.5, 9 ], "texture": "#texture" },
        "west":  { "uv": [ 4, 7, 6.5, 9 ], "texture": "#texture" },
        "east":  { "uv": [ 9.5, 7, 12, 9 ], "texture": "#texture" }
    }
},
{
    "from": [ 2.5, 5, 4 ],
    "to": [ 3.5, 7, 6.5 ],
    "faces": {
        "down":  { "uv": [ 13.5, 6.5, 12.5, 4 ], "texture": "#hardened_clay_stained_yellow" },
        "up":    { "uv": [ 2.5, 4, 3.5, 6.5 ], "texture": "#hardened_clay_stained_yellow" },
        "north": { "uv": [ 12.5, 9, 13.5, 11 ], "texture": "#hardened_clay_stained_yellow" },
        "south": { "uv": [ 2.5, 9, 3.5, 11 ], "texture": "#hardened_clay_stained_yellow" },
        "west":  { "uv": [ 4, 9, 6.5, 11 ], "texture": "#hardened_clay_stained_yellow" },
        "east":  { "uv": [ 9.5, 9, 12, 11 ], "texture": "#hardened_clay_stained_yellow" }
    }
},
{
    "from": [ 2.5, 3.5, 4 ],
    "to": [ 3.5, 5, 6.5 ],
    "faces": {
        "down":  { "uv": [ 13.5, 6.5, 12.5, 4 ], "texture": "#lapis_block" },
        "up":    { "uv": [ 2.5, 4, 3.5, 6.5 ], "texture": "#lapis_block" },
        "north": { "uv": [ 12.5, 11, 13.5, 12.5 ], "texture": "#lapis_block" },
        "south": { "uv": [ 2.5, 11, 3.5, 12.5 ], "texture": "#lapis_block" },
        "west":  { "uv": [ 4, 11, 6.5, 12.5 ], "texture": "#lapis_block" },
        "east":  { "uv": [ 9.5, 11, 12, 12.5 ], "texture": "#lapis_block" }
    }
},
{
    "from": [ 4.4375, 10.125, 5.0625 ],
    "to": [ 7.0625, 11.625, 7.5625 ],
    "faces": {
        "down":  { "uv": [ 11.5625, 7.5625, 8.9375, 5.0625 ], "texture": "#mushroom_block_skin_stem" },
        "up":    { "uv": [ 4.4375, 5.0625, 7.0625, 7.5625 ], "texture": "#mushroom_block_skin_stem" },
        "north": { "uv": [ 8.9375, 4.375, 11.5625, 5.875 ], "texture": "#mushroom_block_skin_stem" },
        "south": { "uv": [ 4.4375, 4.375, 7.0625, 5.875 ], "texture": "#mushroom_block_skin_stem" },
        "west":  { "uv": [ 5.0625, 4.375, 7.5625, 5.875 ], "texture": "#mushroom_block_skin_stem" },
        "east":  { "uv": [ 8.4375, 4.375, 10.9375, 5.875 ], "texture": "#mushroom_block_skin_stem" }
    }
},
{
    "from": [ 4.375, 10.5, 6 ],
    "to": [ 5.375, 11.5, 7 ],
    "faces": {
        "down":  { "uv": [ 11.625, 7, 10.625, 6 ], "texture": "#anvil_base" },
        "up":    { "uv": [ 4.375, 6, 5.375, 7 ], "texture": "#anvil_base" },
        "north": { "uv": [ 10.625, 4.5, 11.625, 5.5 ], "texture": "#anvil_base" },
        "south": { "uv": [ 4.375, 4.5, 5.375, 5.5 ], "texture": "#anvil_base" },
        "west":  { "uv": [ 6, 4.5, 7, 5.5 ], "texture": "#anvil_base" },
        "east":  { "uv": [ 9, 4.5, 10, 5.5 ], "texture": "#anvil_base" }
    }
},
{
    "from": [ 6.125, 10.5, 6 ],
    "to": [ 7.125, 11.5, 7 ],
    "faces": {
        "down":  { "uv": [ 9.875, 7, 8.875, 6 ], "texture": "#anvil_base" },
        "up":    { "uv": [ 6.125, 6, 7.125, 7 ], "texture": "#anvil_base" },
        "north": { "uv": [ 8.875, 4.5, 9.875, 5.5 ], "texture": "#anvil_base" },
        "south": { "uv": [ 6.125, 4.5, 7.125, 5.5 ], "texture": "#anvil_base" },
        "west":  { "uv": [ 6, 4.5, 7, 5.5 ], "texture": "#anvil_base" },
        "east":  { "uv": [ 9, 4.5, 10, 5.5 ], "texture": "#anvil_base" }
    }
}
],
"display": {
    "thirdperson_righthand": {
        "rotation": [ 58, 180, 0 ],
        "translation": [ -1.51, 3.97, 15.87 ],
        "scale": [ 0.8, 0.8, 0.8 ]
    },
    "thirdperson_lefthand": {
        "rotation": [ 58, 180, 0 ],
        "translation": [ 2.46, 3.97, 15.87 ],
        "scale": [ 0.8, 0.8, 0.8 ]
    },
    "head": {
        "rotation": [ 0, -176, 0 ],
        "translation": [ -0.76, 13.23, -6.05 ],
        "scale": [ 1, 1, 1 ]
    },
    "ground": {
        "rotation": [ 0, 0, 0 ],
        "translation": [ 4.54, 3.02, 2.65 ],
        "scale": [ 1, 1, 1 ]
    },
    "fixed": {
        "rotation": [ 0, -90, 0 ],
        "translation": [ -3.78, 2.08, 2.65 ],
        "scale": [ 1.4, 1.4, 1.4 ]
    },
    "firstperson_righthand": {
        "rotation": [ 0, -159, -9 ],
        "translation": [ -1.13, 4.72, 0.57 ],
        "scale": [ 1, 1, 1 ]
    },
    "firstperson_lefthand": {
        "rotation": [ 0, -159, -9 ],
        "translation": [ -1.13, 4.72, 0.57 ],
        "scale": [ 1, 1, 1 ]
    },
    "gui": {
        "rotation": [ 30, -45, 0 ],
        "translation": [ -0.38, -0.38, 0 ],
        "scale": [ 1, 1, 1 ]
    }
}
}