{
	"credit": "Made with Blockbench",
	"textures": {
		"gold_block": "block/gold_block",
		"iron_block": "block/aa25",
		"particle": "block/hardened_clay_stained_red"
	},
	"elements": [
		{
			"name": "Bullet Casing",
			"from": [7.76051, 0.0528, 7.8508],
			"to": [8.0213, 0.118, 8.8589],
			"rotation": {"angle": 0, "axis": "y", "origin": [16, -11, 0]},
			"faces": {
				"north": {"uv": [7, 6.5, 9, 7], "texture": "#gold_block"},
				"east": {"uv": [6.5, 6, 7, 16], "rotation": 90, "texture": "#gold_block"},
				"south": {"uv": [9, 7, 7, 6.5], "texture": "#gold_block"},
				"west": {"uv": [9, 6, 9.5, 16], "texture": "#gold_block"},
				"up": {"uv": [7, 6, 9, 16], "texture": "#gold_block"},
				"down": {"uv": [7, 6, 9, 16], "rotation": 180, "texture": "#gold_block"}
			}
		},
		{
			"name": "Bullet Casing",
			"from": [7.69532, -0.208, 7.8508],
			"to": [8.0865, 0.0528, 8.8589],
			"rotation": {"angle": 0, "axis": "y", "origin": [16, -11, 0]},
			"faces": {
				"north": {"uv": [6.5, 7, 9.5, 9], "texture": "#gold_block"},
				"east": {"uv": [7, 6, 9, 16], "rotation": 90, "texture": "#gold_block"},
				"south": {"uv": [9.5, 9, 6.5, 7], "texture": "#gold_block"},
				"west": {"uv": [7, 6, 9, 16], "texture": "#gold_block"},
				"up": {"uv": [6.5, 6, 9.5, 16], "texture": "#gold_block"},
				"down": {"uv": [6.5, 6, 9.5, 16], "rotation": 180, "texture": "#gold_block"}
			}
		},
		{
			"name": "Bullet Casing",
			"from": [7.76051, -0.2732, 7.8508],
			"to": [8.0213, -0.208, 8.8589],
			"rotation": {"angle": 0, "axis": "y", "origin": [16, -11, 0]},
			"faces": {
				"north": {"uv": [7, 9, 9, 9.5], "texture": "#gold_block"},
				"east": {"uv": [9, 6, 9.5, 16], "rotation": 90, "texture": "#gold_block"},
				"south": {"uv": [9, 9.5, 7, 9], "texture": "#gold_block"},
				"west": {"uv": [6.5, 6, 7, 16], "texture": "#gold_block"},
				"up": {"uv": [7, 6, 9, 16], "texture": "#gold_block"},
				"down": {"uv": [7, 6, 9, 16], "rotation": 180, "texture": "#gold_block"}
			}
		},
		{
			"name": "Bullet",
			"from": [7.70214, -0.2051, 7.5145],
			"to": [8.0855, 0.0505, 7.8438],
			"rotation": {"angle": 0, "axis": "y", "origin": [16, -11, 0]},
			"faces": {
				"north": {"uv": [6.5, 7, 9.5, 9], "texture": "#iron_block"},
				"east": {"uv": [7, 6, 9, 16], "rotation": 90, "texture": "#iron_block"},
				"south": {"uv": [9.5, 9, 6.5, 7], "texture": "#iron_block"},
				"west": {"uv": [7, 6, 9, 16], "texture": "#iron_block"},
				"up": {"uv": [6.5, 6, 9.5, 16], "texture": "#iron_block"},
				"down": {"uv": [6.5, 6, 9.5, 16], "rotation": 180, "texture": "#iron_block"}
			}
		},
		{
			"name": "Bullet",
			"from": [7.76602, 0.0506, 7.5145],
			"to": [8.0216, 0.1145, 7.8438],
			"rotation": {"angle": 0, "axis": "y", "origin": [16, -11, 0]},
			"faces": {
				"north": {"uv": [7, 6.5, 9, 7], "texture": "#iron_block"},
				"east": {"uv": [6.5, 6, 7, 16], "rotation": 90, "texture": "#iron_block"},
				"south": {"uv": [9, 7, 7, 6.5], "texture": "#iron_block"},
				"west": {"uv": [9, 6, 9.5, 16], "texture": "#iron_block"},
				"up": {"uv": [7, 6, 9, 16], "texture": "#iron_block"},
				"down": {"uv": [7, 6, 9, 16], "rotation": 180, "texture": "#iron_block"}
			}
		},
		{
			"name": "Bullet",
			"from": [7.75905, -0.2149, 7.1459],
			"to": [8.0422, 0.0746, 7.5606],
			"rotation": {"angle": 0, "axis": "y", "origin": [16, -11, 0]},
			"faces": {
				"north": {"uv": [7, 7, 9, 7.5], "texture": "#iron_block"},
				"east": {"uv": [7, 2.5, 7.5, 6], "rotation": 90, "texture": "#iron_block"},
				"south": {"uv": [9, 7.5, 7, 7], "texture": "#iron_block"},
				"west": {"uv": [8.5, 2.5, 9, 6], "texture": "#iron_block"},
				"up": {"uv": [7, 2.5, 9, 6], "texture": "#iron_block"},
				"down": {"uv": [7, 2.5, 9, 6], "rotation": 180, "texture": "#iron_block"}
			}
		},
		{
			"name": "Bullet",
			"from": [7.76602, -0.269, 7.5145],
			"to": [8.0216, -0.2051, 7.8438],
			"rotation": {"angle": 0, "axis": "y", "origin": [16, -11, 0]},
			"faces": {
				"north": {"uv": [7, 9, 9, 9.5], "texture": "#iron_block"},
				"east": {"uv": [9, 6, 9.5, 16], "rotation": 90, "texture": "#iron_block"},
				"south": {"uv": [9, 9.5, 7, 9], "texture": "#iron_block"},
				"west": {"uv": [6.5, 6, 7, 16], "texture": "#iron_block"},
				"up": {"uv": [7, 6, 9, 16], "texture": "#iron_block"},
				"down": {"uv": [7, 6, 9, 16], "rotation": 180, "texture": "#iron_block"}
			}
		},
		{
			"name": "Bullet",
			"from": [7.71956, -0.144, 7.3539],
			"to": [8.0818, -0.0149, 7.5184],
			"rotation": {"angle": 0, "axis": "y", "origin": [16, -11, 0]},
			"faces": {
				"north": {"uv": [6.5, 7.5, 9.5, 8.5], "texture": "#iron_block"},
				"east": {"uv": [7.5, 5.5, 8.5, 6], "rotation": 90, "texture": "#iron_block"},
				"south": {"uv": [9.5, 8.5, 6.5, 7.5], "texture": "#iron_block"},
				"west": {"uv": [7.5, 5.5, 8.5, 6], "texture": "#iron_block"},
				"up": {"uv": [6.5, 5.5, 9.5, 6], "texture": "#iron_block"},
				"down": {"uv": [6.5, 5.5, 9.5, 6], "rotation": 180, "texture": "#iron_block"}
			}
		},
		{
			"name": "Bullet",
			"from": [7.78405, -0.2085, 7.3959],
			"to": [8.0422, -0.0149, 7.5606],
			"rotation": {"angle": 0, "axis": "y", "origin": [16, -11, 0]},
			"faces": {
				"north": {"uv": [7, 7.5, 9, 9], "texture": "#iron_block"},
				"east": {"uv": [7.5, 2.5, 9, 5.5], "rotation": 90, "texture": "#iron_block"},
				"south": {"uv": [9, 9, 7, 7.5], "texture": "#iron_block"},
				"west": {"uv": [7, 2.5, 8.5, 5.5], "texture": "#iron_block"},
				"up": {"uv": [7, 2.5, 9, 5.5], "texture": "#iron_block"},
				"down": {"uv": [7, 2.5, 9, 5.5], "rotation": 180, "texture": "#iron_block"}
			}
		},
		{
			"name": "Bullet",
			"from": [7.78405, -0.2085, 7.4539],
			"to": [8.0422, -0.1439, 7.5184],
			"rotation": {"angle": 0, "axis": "y", "origin": [16, -11, 0]},
			"faces": {
				"north": {"uv": [7, 8.5, 9, 9], "texture": "#iron_block"},
				"east": {"uv": [8.5, 5.5, 9, 6], "rotation": 90, "texture": "#iron_block"},
				"south": {"uv": [9, 9, 7, 8.5], "texture": "#iron_block"},
				"west": {"uv": [7, 5.5, 7.5, 6], "texture": "#iron_block"},
				"up": {"uv": [7, 5.5, 9, 6], "texture": "#iron_block"},
				"down": {"uv": [7, 5.5, 9, 6], "rotation": 180, "texture": "#iron_block"}
			}
		},
		{
			"name": "Bullet",
			"from": [7.84862, 0.0496, 7.4539],
			"to": [7.9777, 0.1142, 7.5184],
			"rotation": {"angle": 0, "axis": "y", "origin": [16, -11, 0]},
			"faces": {
				"north": {"uv": [7.5, 6.5, 8.5, 7], "texture": "#iron_block"},
				"east": {"uv": [6.5, 5.5, 7, 6], "rotation": 90, "texture": "#iron_block"},
				"south": {"uv": [8.5, 7, 7.5, 6.5], "texture": "#iron_block"},
				"west": {"uv": [9, 5.5, 9.5, 6], "texture": "#iron_block"},
				"up": {"uv": [7.5, 5.5, 8.5, 6], "texture": "#iron_block"},
				"down": {"uv": [7.5, 5.5, 8.5, 6], "rotation": 180, "texture": "#iron_block"}
			}
		},
		{
			"name": "Bullet",
			"from": [7.82362, -0.144, 7.0202],
			"to": [7.9777, -0.0149, 7.4025],
			"rotation": {"angle": 0, "axis": "y", "origin": [16, -11, 0]},
			"faces": {
				"north": {"uv": [7.5, 7.5, 8.5, 8.5], "texture": "#iron_block"},
				"east": {"uv": [7.5, 0, 8.5, 1.5], "rotation": 90, "texture": "#iron_block"},
				"south": {"uv": [8.5, 8.5, 7.5, 7.5], "texture": "#iron_block"},
				"west": {"uv": [7.5, 0, 8.5, 1.5], "texture": "#iron_block"},
				"up": {"uv": [7.5, 0, 8.5, 1.5], "texture": "#iron_block"},
				"down": {"uv": [7.5, 0, 8.5, 1.5], "rotation": 180, "texture": "#iron_block"}
			}
		},
		{
			"name": "Bullet",
			"from": [7.84862, -0.273, 7.4539],
			"to": [7.9777, -0.2085, 7.5184],
			"rotation": {"angle": 0, "axis": "y", "origin": [16, -11, 0]},
			"faces": {
				"north": {"uv": [7.5, 9, 8.5, 9.5], "texture": "#iron_block"},
				"east": {"uv": [9, 5.5, 9.5, 6], "rotation": 90, "texture": "#iron_block"},
				"south": {"uv": [8.5, 9.5, 7.5, 9], "texture": "#iron_block"},
				"west": {"uv": [6.5, 5.5, 7, 6], "texture": "#iron_block"},
				"up": {"uv": [7.5, 5.5, 8.5, 6], "texture": "#iron_block"},
				"down": {"uv": [7.5, 5.5, 8.5, 6], "rotation": 180, "texture": "#iron_block"}
			}
		}
	],
	"display": {
		"thirdperson_righthand": {
			"rotation": [90, -90, 0],
			"translation": [0, 0.43, -1.56],
			"scale": [0.7, 0.7, 0.7]
		},
		"thirdperson_lefthand": {
			"rotation": [90, -90, 0],
			"translation": [0, -1.07, 0.19],
			"scale": [0.7, 0.7, 0.7]
		},
		"firstperson_righthand": {
			"rotation": [-108.5, -77, 170],
			"translation": [3.02, 0.57, -2.19]
		},
		"firstperson_lefthand": {
			"rotation": [-9, 77, 10],
			"translation": [3.02, 0.56, 2.31]
		},
		"ground": {
			"rotation": [90, 0, 0],
			"translation": [0, 0, 2],
			"scale": [0.7, 0.7, 0.7]
		},
		"gui": {
			"rotation": [65.32, -44.5, -17.16],
			"translation": [-1.75, -2.25, 0],
			"scale": [4, 4, 4]
		},
		"fixed": {
			"scale": [2, 2, 2]
		}
	},
	"groups": [
		{
			"name": "group",
			"origin": [8, 8, 8],
			"color": 0,
			"children": [0, 1, 2, 3, 4, 5, 6, 7, 8, 9, 10, 11, 12]
		}
	]
}