{
        "revangemt.alarm": { 
		"sounds": [
			"custom/alarm"
		]

	},
        "revangemt.death": {
		"sounds": [
			"custom/death"
		]
	},
        "revangemt.money": {
		"sounds": [
			"custom/cashmoney"
		]
	},
        "revangemt.bagopen": {
		"sounds": [
			"custom/bagopen"
		]
	},
        "revangemt.bomplaats": {
		"sounds": [
			"custom/bomplaats"
		]
	},
        "revangemt.bompiep": {
		"sounds": [
			"custom/bompiep"
		]
	},
        "revangemt.tasershoot": {
		"sounds": [
			"custom/taser_shoot"
		]
	}
}

