{
	"credit": "Made with Blockbench",
	"texture_size": [64, 64],
	"textures": {
		"0": "custom/overige/steampunk_case",
		"particle": "custom/overige/steampunk_case"
	},
	"elements": [
		{
			"from": [14.5, 1.5, 7],
			"to": [16.5, 5.5, 10],
			"faces": {
				"north": {"uv": [3, 6.25, 3.5, 7.25], "texture": "#0"},
				"east": {"uv": [5, 5, 5.75, 6], "texture": "#0"},
				"south": {"uv": [3.5, 6.25, 4, 7.25], "texture": "#0"},
				"west": {"uv": [5.75, 5, 6.5, 6], "texture": "#0"},
				"up": {"uv": [7, 6.25, 6.5, 5.5], "texture": "#0"},
				"down": {"uv": [7, 6.25, 6.5, 7], "texture": "#0"}
			}
		},
		{
			"from": [1, 0, 6],
			"to": [15, 10, 11],
			"faces": {
				"north": {"uv": [0, 0, 3.5, 2.5], "texture": "#0"},
				"east": {"uv": [3.5, 2.5, 4.75, 5], "texture": "#0"},
				"south": {"uv": [0, 2.5, 3.5, 5], "texture": "#0"},
				"west": {"uv": [4.75, 2.5, 6, 5], "texture": "#0"},
				"up": {"uv": [7, 1.25, 3.5, 0], "texture": "#0"},
				"down": {"uv": [7, 1.25, 3.5, 2.5], "texture": "#0"}
			}
		},
		{
			"from": [3, 9.5, 8],
			"to": [4, 11.5, 9],
			"rotation": {"angle": 0, "axis": "y", "origin": [0, -0.5, 0]},
			"faces": {
				"north": {"uv": [1, 7.25, 1.25, 7.75], "texture": "#0"},
				"east": {"uv": [1.25, 7.25, 1.5, 7.75], "texture": "#0"},
				"south": {"uv": [3.75, 7.25, 4, 7.75], "texture": "#0"},
				"west": {"uv": [7.25, 5.5, 7.5, 6], "texture": "#0"},
				"up": {"uv": [7.5, 6.25, 7.25, 6], "texture": "#0"},
				"down": {"uv": [6.75, 7.25, 6.5, 7.5], "texture": "#0"}
			}
		},
		{
			"from": [3, 10.5, 5],
			"to": [4, 11.5, 8],
			"faces": {
				"north": {"uv": [6.75, 7.25, 7, 7.5], "texture": "#0"},
				"east": {"uv": [7, 1.75, 7.75, 2], "texture": "#0"},
				"south": {"uv": [7, 7.25, 7.25, 7.5], "texture": "#0"},
				"west": {"uv": [2, 7, 2.75, 7.25], "texture": "#0"},
				"up": {"uv": [3, 7.75, 2.75, 7], "texture": "#0"},
				"down": {"uv": [7.25, 5.5, 7, 6.25], "texture": "#0"}
			}
		},
		{
			"from": [3, 3.5, 5],
			"to": [4, 10.5, 6],
			"rotation": {"angle": 0, "axis": "y", "origin": [0, -0.5, 0]},
			"faces": {
				"north": {"uv": [4, 6.25, 4.25, 8], "texture": "#0"},
				"east": {"uv": [4.25, 6.25, 4.5, 8], "texture": "#0"},
				"south": {"uv": [4.5, 6.25, 4.75, 8], "texture": "#0"},
				"west": {"uv": [4.75, 6.25, 5, 8], "texture": "#0"},
				"up": {"uv": [7.5, 7.25, 7.25, 7], "texture": "#0"},
				"down": {"uv": [7.5, 7.25, 7.25, 7.5], "texture": "#0"}
			}
		},
		{
			"from": [0, 3.5, 5],
			"to": [3, 4.5, 6],
			"rotation": {"angle": 0, "axis": "y", "origin": [0, -0.5, 0]},
			"faces": {
				"north": {"uv": [7, 2, 7.75, 2.25], "texture": "#0"},
				"east": {"uv": [7.5, 1.25, 7.75, 1.5], "texture": "#0"},
				"south": {"uv": [7, 2.25, 7.75, 2.5], "texture": "#0"},
				"west": {"uv": [1.5, 7.5, 1.75, 7.75], "texture": "#0"},
				"up": {"uv": [7.75, 6.5, 7, 6.25], "texture": "#0"},
				"down": {"uv": [7.25, 7, 6.5, 7.25], "texture": "#0"}
			}
		},
		{
			"from": [9.5, 0.5, 5],
			"to": [16.5, 1.5, 6],
			"rotation": {"angle": 0, "axis": "y", "origin": [0, -0.5, 0]},
			"faces": {
				"north": {"uv": [6, 4.5, 7.75, 4.75], "texture": "#0"},
				"east": {"uv": [2, 7.5, 2.25, 7.75], "texture": "#0"},
				"south": {"uv": [6, 4.75, 7.75, 5], "texture": "#0"},
				"west": {"uv": [2.25, 7.5, 2.5, 7.75], "texture": "#0"},
				"up": {"uv": [8.25, 5.25, 6.5, 5], "texture": "#0"},
				"down": {"uv": [8.25, 5.25, 6.5, 5.5], "texture": "#0"}
			}
		},
		{
			"from": [8.5, 0.5, 11],
			"to": [9.5, 6.5, 12],
			"rotation": {"angle": 0, "axis": "y", "origin": [0.5, -0.5, 0]},
			"faces": {
				"north": {"uv": [5, 6.75, 5.25, 8.25], "texture": "#0"},
				"east": {"uv": [5.25, 6.75, 5.5, 8.25], "texture": "#0"},
				"south": {"uv": [5.5, 6.75, 5.75, 8.25], "texture": "#0"},
				"west": {"uv": [5.75, 6.75, 6, 8.25], "texture": "#0"},
				"up": {"uv": [2.75, 7.75, 2.5, 7.5], "texture": "#0"},
				"down": {"uv": [7.75, 2.5, 7.5, 2.75], "texture": "#0"}
			}
		},
		{
			"from": [9.5, 0.5, 11],
			"to": [15.5, 1.5, 12],
			"rotation": {"angle": 0, "axis": "y", "origin": [0.5, -0.5, 0]},
			"faces": {
				"north": {"uv": [7, 0.25, 8.5, 0.5], "texture": "#0"},
				"east": {"uv": [7.5, 3, 7.75, 3.25], "texture": "#0"},
				"south": {"uv": [7, 0.5, 8.5, 0.75], "texture": "#0"},
				"west": {"uv": [3.25, 7.5, 3.5, 7.75], "texture": "#0"},
				"up": {"uv": [8.5, 1, 7, 0.75], "texture": "#0"},
				"down": {"uv": [8.5, 1, 7, 1.25], "texture": "#0"}
			}
		},
		{
			"from": [15.5, 0.5, 6],
			"to": [16.5, 1.5, 12],
			"rotation": {"angle": 0, "axis": "y", "origin": [0.5, -0.5, 0]},
			"faces": {
				"north": {"uv": [7.5, 2.75, 7.75, 3], "texture": "#0"},
				"east": {"uv": [0, 7, 1.5, 7.25], "texture": "#0"},
				"south": {"uv": [3, 7.5, 3.25, 7.75], "texture": "#0"},
				"west": {"uv": [7, 0, 8.5, 0.25], "texture": "#0"},
				"up": {"uv": [6.25, 8.25, 6, 6.75], "texture": "#0"},
				"down": {"uv": [6.5, 6.75, 6.25, 8.25], "texture": "#0"}
			}
		},
		{
			"from": [0, 3.5, 6],
			"to": [1, 4.5, 9],
			"rotation": {"angle": 0, "axis": "y", "origin": [0, -0.5, 0]},
			"faces": {
				"north": {"uv": [7.5, 1.5, 7.75, 1.75], "texture": "#0"},
				"east": {"uv": [7, 6.5, 7.75, 6.75], "texture": "#0"},
				"south": {"uv": [1.75, 7.5, 2, 7.75], "texture": "#0"},
				"west": {"uv": [7, 6.75, 7.75, 7], "texture": "#0"},
				"up": {"uv": [0.25, 8, 0, 7.25], "texture": "#0"},
				"down": {"uv": [0.5, 7.25, 0.25, 8], "texture": "#0"}
			}
		},
		{
			"from": [5, 10, 7.25],
			"to": [11, 12, 9.25],
			"faces": {
				"north": {"uv": [6, 2.5, 7.5, 3], "texture": "#0"},
				"east": {"uv": [7, 1.25, 7.5, 1.75], "texture": "#0"},
				"south": {"uv": [6, 3, 7.5, 3.5], "texture": "#0"},
				"west": {"uv": [1.5, 7, 2, 7.5], "texture": "#0"},
				"up": {"uv": [7.5, 4, 6, 3.5], "texture": "#0"},
				"down": {"uv": [7.5, 4, 6, 4.5], "texture": "#0"}
			}
		},
		{
			"from": [6, 5, 5.5],
			"to": [9, 8, 6.5],
			"faces": {
				"north": {"uv": [5, 6, 5.75, 6.75], "texture": "#0"},
				"east": {"uv": [0.5, 7.25, 0.75, 8], "texture": "#0"},
				"south": {"uv": [5.75, 6, 6.5, 6.75], "texture": "#0"},
				"west": {"uv": [0.75, 7.25, 1, 8], "texture": "#0"},
				"up": {"uv": [2.75, 7.5, 2, 7.25], "texture": "#0"},
				"down": {"uv": [3.75, 7.25, 3, 7.5], "texture": "#0"}
			}
		},
		{
			"from": [9, 3, 5.75],
			"to": [14, 8, 5.75],
			"faces": {
				"north": {"uv": [0, 5, 1.25, 6.25], "texture": "#0"},
				"east": {"uv": [0, 0, 0, 1.25], "texture": "#0"},
				"south": {"uv": [1.25, 5, 2.5, 6.25], "texture": "#0"},
				"west": {"uv": [0, 0, 0, 1.25], "texture": "#0"},
				"up": {"uv": [1.25, 0, 0, 0], "texture": "#0"},
				"down": {"uv": [1.25, 0, 0, 0], "texture": "#0"}
			}
		},
		{
			"from": [11, 5, 5.5],
			"to": [12, 6, 6.5],
			"faces": {
				"north": {"uv": [7.5, 3.25, 7.75, 3.5], "texture": "#0"},
				"east": {"uv": [3.5, 7.5, 3.75, 7.75], "texture": "#0"},
				"south": {"uv": [7.5, 3.5, 7.75, 3.75], "texture": "#0"},
				"west": {"uv": [7.5, 3.75, 7.75, 4], "texture": "#0"},
				"up": {"uv": [7.75, 4.25, 7.5, 4], "texture": "#0"},
				"down": {"uv": [7.75, 4.25, 7.5, 4.5], "texture": "#0"}
			}
		},
		{
			"from": [4, 2, 5.75],
			"to": [7, 5, 5.75],
			"faces": {
				"north": {"uv": [0, 6.25, 0.75, 7], "texture": "#0"},
				"east": {"uv": [0, 0, 0, 0.75], "texture": "#0"},
				"south": {"uv": [0.75, 6.25, 1.5, 7], "texture": "#0"},
				"west": {"uv": [0, 0, 0, 0.75], "texture": "#0"},
				"up": {"uv": [0.75, 0, 0, 0], "texture": "#0"},
				"down": {"uv": [0.75, 0, 0, 0], "texture": "#0"}
			}
		},
		{
			"from": [5, 3, 5.5],
			"to": [6, 4, 6.5],
			"faces": {
				"north": {"uv": [7.5, 5.5, 7.75, 5.75], "texture": "#0"},
				"east": {"uv": [7.5, 5.75, 7.75, 6], "texture": "#0"},
				"south": {"uv": [7.5, 6, 7.75, 6.25], "texture": "#0"},
				"west": {"uv": [6.5, 7.5, 6.75, 7.75], "texture": "#0"},
				"up": {"uv": [7, 7.75, 6.75, 7.5], "texture": "#0"},
				"down": {"uv": [7.25, 7.5, 7, 7.75], "texture": "#0"}
			}
		},
		{
			"from": [4, 3, 11],
			"to": [5, 4, 12],
			"faces": {
				"north": {"uv": [7.5, 7, 7.75, 7.25], "texture": "#0"},
				"east": {"uv": [7.25, 7.5, 7.5, 7.75], "texture": "#0"},
				"south": {"uv": [7.5, 7.25, 7.75, 7.5], "texture": "#0"},
				"west": {"uv": [7.5, 7.5, 7.75, 7.75], "texture": "#0"},
				"up": {"uv": [1.25, 8, 1, 7.75], "texture": "#0"},
				"down": {"uv": [1.5, 7.75, 1.25, 8], "texture": "#0"}
			}
		},
		{
			"from": [2, 1, 11.75],
			"to": [7, 6, 11.75],
			"faces": {
				"north": {"uv": [2.5, 5, 3.75, 6.25], "texture": "#0"},
				"east": {"uv": [0, 0, 0, 1.25], "texture": "#0"},
				"south": {"uv": [3.75, 5, 5, 6.25], "texture": "#0"},
				"west": {"uv": [0, 0, 0, 1.25], "texture": "#0"},
				"up": {"uv": [1.25, 0, 0, 0], "texture": "#0"},
				"down": {"uv": [1.25, 0, 0, 0], "texture": "#0"}
			}
		},
		{
			"from": [11, 5, 11.75],
			"to": [14, 8, 11.75],
			"faces": {
				"north": {"uv": [1.5, 6.25, 2.25, 7], "texture": "#0"},
				"east": {"uv": [0, 0, 0, 0.75], "texture": "#0"},
				"south": {"uv": [2.25, 6.25, 3, 7], "texture": "#0"},
				"west": {"uv": [0, 0, 0, 0.75], "texture": "#0"},
				"up": {"uv": [0.75, 0, 0, 0], "texture": "#0"},
				"down": {"uv": [0.75, 0, 0, 0], "texture": "#0"}
			}
		},
		{
			"from": [12, 6, 11],
			"to": [13, 7, 12],
			"faces": {
				"north": {"uv": [7.75, 1.25, 8, 1.5], "texture": "#0"},
				"east": {"uv": [1.5, 7.75, 1.75, 8], "texture": "#0"},
				"south": {"uv": [7.75, 1.5, 8, 1.75], "texture": "#0"},
				"west": {"uv": [1.75, 7.75, 2, 8], "texture": "#0"},
				"up": {"uv": [8, 2, 7.75, 1.75], "texture": "#0"},
				"down": {"uv": [2.25, 7.75, 2, 8], "texture": "#0"}
			}
		}
	],
	"display": {
		"thirdperson_righthand": {
			"rotation": [76, -90, 0],
			"translation": [0, -2.75, -2.5]
		},
		"thirdperson_lefthand": {
			"rotation": [76, 90, 0],
			"translation": [0, -2.75, -2.5]
		},
		"firstperson_righthand": {
			"rotation": [25, -60, 0],
			"translation": [0, 2, 0.5],
			"scale": [0.75, 0.75, 0.75]
		},
		"firstperson_lefthand": {
			"rotation": [25, -60, 0],
			"translation": [0, 2, 0.5],
			"scale": [0.75, 0.75, 0.75]
		},
		"ground": {
			"rotation": [-90, 0, 0],
			"scale": [0.5, 0.5, 0.5]
		},
		"gui": {
			"rotation": [23, -161, 0],
			"translation": [0.5, 2.25, 0]
		},
		"fixed": {
			"translation": [0, 2, 0]
		}
	}
}