{
	"credit": "robinnoob220 ;p",
	"textures": {
		"0": "custom/overige/heksenhoed",
		"particle": "custom/overige/heksenhoed"
	},
	"elements": [
		{
			"from": [3.2, 10, 2.8],
			"to": [5.6, 12, 4.8],
			"rotation": {"angle": -22.5, "axis": "x", "origin": [8.2, 9, 7.8]},
			"faces": {
				"north": {"uv": [2.23935, 6.39946, 2.87782, 6.71743], "texture": "#0"},
				"east": {"uv": [2.23935, 6.39946, 2.87782, 6.71743], "texture": "#0"},
				"south": {"uv": [2.23935, 6.39946, 2.87782, 6.71743], "texture": "#0"},
				"west": {"uv": [2.23935, 6.39946, 2.87782, 6.71743], "texture": "#0"},
				"up": {"uv": [2.23935, 6.39946, 2.87782, 6.71743], "texture": "#0"},
				"down": {"uv": [2.23935, 6.39946, 2.87782, 6.71743], "texture": "#0"}
			}
		},
		{
			"from": [2, 7, 2],
			"to": [6, 9, 6],
			"faces": {
				"north": {"uv": [2.23935, 6.39946, 2.87782, 6.71743], "texture": "#0"},
				"east": {"uv": [2.23935, 6.39946, 2.87782, 6.71743], "texture": "#0"},
				"south": {"uv": [2.23935, 6.39946, 2.87782, 6.71743], "texture": "#0"},
				"west": {"uv": [2.23935, 6.39946, 2.87782, 6.71743], "texture": "#0"},
				"up": {"uv": [2.23935, 6.39946, 2.87782, 6.71743], "texture": "#0"},
				"down": {"uv": [2.23935, 6.39946, 2.87782, 6.71743], "texture": "#0"}
			}
		},
		{
			"from": [1, 2, 1],
			"to": [7, 3, 7],
			"faces": {
				"north": {"uv": [1.91981, 7.38499, 2.7182, 7.60265], "texture": "#0"},
				"east": {"uv": [1.91981, 7.38499, 2.7182, 7.60265], "texture": "#0"},
				"south": {"uv": [1.91981, 7.38499, 2.7182, 7.60265], "texture": "#0"},
				"west": {"uv": [1.91981, 7.38499, 2.7182, 7.60265], "texture": "#0"},
				"up": {"uv": [1.91981, 7.35999, 2.7182, 7.67765], "texture": "#0"},
				"down": {"uv": [1.91981, 7.35999, 2.7182, 7.67765], "texture": "#0"}
			}
		},
		{
			"from": [1, 3, 1],
			"to": [7, 7, 7],
			"faces": {
				"north": {"uv": [3.98964, 6.39958, 6.23964, 7.62458], "texture": "#0"},
				"east": {"uv": [2.23964, 6.39958, 4.48964, 7.62458], "texture": "#0"},
				"south": {"uv": [3.98964, 6.39958, 6.23964, 7.62458], "texture": "#0"},
				"west": {"uv": [3.98964, 6.39958, 6.23964, 7.62458], "texture": "#0"},
				"up": {"uv": [2.23935, 6.39946, 2.87782, 6.71743], "texture": "#0"},
				"down": {"uv": [0, 0, 6, 6], "texture": "#missing"}
			}
		},
		{
			"from": [0, 0, 0],
			"to": [8, 2, 8],
			"faces": {
				"north": {"uv": [1.91981, 7.40999, 2.7182, 7.59015], "texture": "#0"},
				"east": {"uv": [1.91981, 7.40999, 2.7182, 7.59015], "texture": "#0"},
				"south": {"uv": [1.91981, 7.40999, 2.7182, 7.59015], "texture": "#0"},
				"west": {"uv": [1.91981, 7.40999, 2.7182, 7.59015], "texture": "#0"},
				"up": {"uv": [1.91981, 7.40999, 2.7182, 7.59015], "texture": "#0"},
				"down": {"uv": [2.76981, 7.85999, 3.48231, 8.63499], "texture": "#0"}
			}
		}
	],
	"display": {
		"thirdperson_righthand": {
			"translation": [2.5, 2.5, 0.25],
			"scale": [0.625, 0.625, 0.625]
		},
		"thirdperson_lefthand": {
			"translation": [-2.5, 2.5, 0.25],
			"scale": [0.625, 0.625, 0.625]
		},
		"firstperson_righthand": {
			"rotation": [0, -143, 0],
			"translation": [6.5, 3.5, -8]
		},
		"firstperson_lefthand": {
			"rotation": [0, 36, 0],
			"translation": [11, 3.5, -1.25]
		},
		"ground": {
			"translation": [2.5, 2, 3.5],
			"scale": [0.725, 0.65, 0.725]
		},
		"gui": {
			"rotation": [22, -115, 0],
			"translation": [-7.75, 4.75, 0],
			"scale": [1.5, 1.5, 1.5]
		},
		"head": {
			"rotation": [0, 90, 0],
			"translation": [7.45, 18.75, -7.5],
			"scale": [1.9, 1.9, 1.9]
		},
		"fixed": {
			"rotation": [0, 90, 0],
			"translation": [3.5, 2.5, -6.75],
			"scale": [1, 1.15, 1]
		}
	}
}