{
	"credit": "Made with Blockbench",
	"textures": {
		"particle": "custom/heads/texture",
		"voxels_atlas": "custom/heads/red_knight"
	},
	"elements": [
		{
			"name": "Voxels",
			"from": [1.5484, 14.4516, 7.2258],
			"to": [10.83872, 14.96773, 8.25806],
			"faces": {
				"north": {"uv": [4.875, 10.25, 2.625, 10.375], "texture": "#voxels_atlas"},
				"east": {"uv": [1.75, 7.25, 1.5, 7.375], "texture": "#voxels_atlas"},
				"south": {"uv": [2.625, 11, 4.875, 11.125], "texture": "#voxels_atlas"},
				"west": {"uv": [10.75, 10.25, 11, 10.375], "texture": "#voxels_atlas"},
				"up": {"uv": [10.125, 14.125, 12.375, 13.875], "texture": "#voxels_atlas"},
				"down": {"uv": [12.375, 13.875, 14.625, 14.125], "texture": "#voxels_atlas"}
			}
		},
		{
			"name": "Voxels",
			"from": [1.5484, 14.9677, 7.2258],
			"to": [9.29034, 15.48383, 8.25806],
			"faces": {
				"north": {"uv": [4.5, 8.625, 2.625, 8.75], "texture": "#voxels_atlas"},
				"east": {"uv": [2.25, 7.25, 2, 7.375], "texture": "#voxels_atlas"},
				"south": {"uv": [10.375, 12.625, 12.25, 12.75], "texture": "#voxels_atlas"},
				"west": {"uv": [1.75, 7.25, 2, 7.375], "texture": "#voxels_atlas"},
				"up": {"uv": [7.25, 15, 9.125, 14.75], "texture": "#voxels_atlas"}
			}
		},
		{
			"name": "Voxels",
			"from": [1.5484, 15.4839, 7.2258],
			"to": [6.70969, 16.00003, 8.25806],
			"faces": {
				"north": {"uv": [4, 5.625, 2.75, 5.75], "texture": "#voxels_atlas"},
				"east": {"uv": [2.125, 5.5, 1.875, 5.625], "texture": "#voxels_atlas"},
				"south": {"uv": [2.75, 5.5, 4, 5.625], "texture": "#voxels_atlas"},
				"west": {"uv": [1.625, 5.5, 1.875, 5.625], "texture": "#voxels_atlas"},
				"up": {"uv": [1.125, 10.125, 2.375, 9.875], "texture": "#voxels_atlas"},
				"down": {"uv": [1.125, 10.125, 2.375, 10.375], "texture": "#voxels_atlas"}
			}
		},
		{
			"name": "Voxels",
			"from": [2.0645, 0, 5.1613],
			"to": [12.90321, 0.51613, 10.32259],
			"faces": {
				"north": {"uv": [13.375, 11.75, 10.75, 11.875], "texture": "#voxels_atlas"},
				"east": {"uv": [4, 5, 2.75, 5.125], "texture": "#voxels_atlas"},
				"south": {"uv": [2.625, 11.5, 5.25, 11.625], "texture": "#voxels_atlas"},
				"west": {"uv": [2.75, 5.125, 4, 5.25], "texture": "#voxels_atlas"},
				"up": {"uv": [2.625, 16, 5.25, 14.75], "texture": "#voxels_atlas"},
				"down": {"uv": [0, 14.75, 2.625, 16], "texture": "#voxels_atlas"}
			}
		},
		{
			"name": "Voxels",
			"from": [2.0645, 0.5161, 5.1613],
			"to": [3.09676, 3.09675, 6.70969],
			"faces": {
				"north": {"uv": [1.125, 4, 0.875, 4.625], "texture": "#voxels_atlas"},
				"east": {"uv": [0.375, 2, 0, 2.625], "texture": "#voxels_atlas"},
				"south": {"uv": [0.875, 1.375, 1.125, 2], "texture": "#voxels_atlas"},
				"west": {"uv": [0.5, 4, 0.875, 4.625], "texture": "#voxels_atlas"},
				"up": {"uv": [5, 2.625, 5.25, 2.25], "texture": "#voxels_atlas"}
			}
		},
		{
			"name": "Voxels",
			"from": [2.0645, 0.5161, 6.7097],
			"to": [2.58063, 4.129, 9.29034],
			"faces": {
				"north": {"uv": [5.25, 4.375, 5.125, 5.25], "texture": "#voxels_atlas"},
				"east": {"uv": [0.625, 8.375, 0, 9.25], "texture": "#voxels_atlas"},
				"south": {"uv": [5, 8.75, 5.125, 9.625], "texture": "#voxels_atlas"},
				"west": {"uv": [0, 9.25, 0.625, 10.125], "texture": "#voxels_atlas"},
				"up": {"uv": [5.5, 10.375, 5.625, 9.75], "texture": "#voxels_atlas"}
			}
		},
		{
			"name": "Voxels",
			"from": [2.0645, 0.5161, 9.2903],
			"to": [3.09676, 3.61287, 9.80643],
			"faces": {
				"north": {"uv": [1.875, 5.625, 1.625, 6.375], "texture": "#voxels_atlas"},
				"east": {"uv": [16, 14, 15.875, 14.75], "texture": "#voxels_atlas"},
				"south": {"uv": [1.875, 5.625, 2.125, 6.375], "texture": "#voxels_atlas"},
				"west": {"uv": [1, 7.625, 1.125, 8.375], "texture": "#voxels_atlas"},
				"up": {"uv": [4.625, 9.5, 4.875, 9.375], "texture": "#voxels_atlas"}
			}
		},
		{
			"name": "Voxels",
			"from": [2.0645, 0.5161, 9.8065],
			"to": [3.09676, 3.09675, 10.32263],
			"faces": {
				"north": {"uv": [1.875, 0.625, 1.625, 1.25], "texture": "#voxels_atlas"},
				"east": {"uv": [5.625, 7.875, 5.5, 8.5], "texture": "#voxels_atlas"},
				"south": {"uv": [1.625, 0, 1.875, 0.625], "texture": "#voxels_atlas"},
				"west": {"uv": [5.5, 8.5, 5.625, 9.125], "texture": "#voxels_atlas"},
				"up": {"uv": [4.625, 9.25, 4.875, 9.125], "texture": "#voxels_atlas"},
				"down": {"uv": [4.625, 9.25, 4.875, 9.375], "texture": "#voxels_atlas"}
			}
		},
		{
			"name": "Voxels",
			"from": [2.0645, 3.0968, 5.6774],
			"to": [4.12902, 3.61293, 6.19353],
			"faces": {
				"north": {"uv": [8.625, 10.375, 8.125, 10.5], "texture": "#voxels_atlas"},
				"east": {"uv": [16, 13.875, 15.875, 14], "texture": "#voxels_atlas"},
				"south": {"uv": [8.125, 10.5, 8.625, 10.625], "texture": "#voxels_atlas"},
				"west": {"uv": [0, 0, 0.125, 0.125], "texture": "#voxels_atlas"},
				"up": {"uv": [8.625, 10.75, 9.125, 10.625], "texture": "#voxels_atlas"},
				"down": {"uv": [13.75, 10.875, 14.25, 11], "texture": "#voxels_atlas"}
			}
		},
		{
			"name": "Voxels",
			"from": [2.0645, 3.0968, 6.1935],
			"to": [3.09676, 4.12906, 6.70963],
			"faces": {
				"north": {"uv": [7.375, 10.375, 7.125, 10.625], "texture": "#voxels_atlas"},
				"east": {"uv": [9.25, 14.75, 9.125, 15], "texture": "#voxels_atlas"},
				"south": {"uv": [6.875, 10.375, 7.125, 10.625], "texture": "#voxels_atlas"},
				"west": {"uv": [7.125, 14.75, 7.25, 15], "texture": "#voxels_atlas"},
				"up": {"uv": [15.25, 10.75, 15.5, 10.625], "texture": "#voxels_atlas"},
				"down": {"uv": [14.875, 10.375, 15.125, 10.5], "texture": "#voxels_atlas"}
			}
		},
		{
			"name": "Voxels",
			"from": [2.0645, 13.4194, 7.2258],
			"to": [12.38708, 13.93553, 8.25806],
			"faces": {
				"north": {"uv": [7.625, 11.375, 5.125, 11.5], "texture": "#voxels_atlas"},
				"east": {"uv": [15.5, 10.375, 15.25, 10.5], "texture": "#voxels_atlas"},
				"south": {"uv": [2.625, 11.375, 5.125, 11.5], "texture": "#voxels_atlas"},
				"west": {"uv": [15.25, 10.5, 15.5, 10.625], "texture": "#voxels_atlas"},
				"up": {"uv": [7.625, 12.375, 10.125, 12.125], "texture": "#voxels_atlas"},
				"down": {"uv": [5.125, 12.125, 7.625, 12.375], "texture": "#voxels_atlas"}
			}
		},
		{
			"name": "Voxels",
			"from": [2.0645, 13.9355, 7.2258],
			"to": [11.87095, 14.45163, 8.25806],
			"faces": {
				"north": {"uv": [5, 11.25, 2.625, 11.375], "texture": "#voxels_atlas"},
				"east": {"uv": [16, 10.625, 15.75, 10.75], "texture": "#voxels_atlas"},
				"south": {"uv": [5, 11.25, 7.375, 11.375], "texture": "#voxels_atlas"},
				"west": {"uv": [15.5, 10.625, 15.75, 10.75], "texture": "#voxels_atlas"},
				"up": {"uv": [2.625, 12.125, 5, 11.875], "texture": "#voxels_atlas"}
			}
		},
		{
			"name": "Voxels",
			"from": [2.5806, 0, 4.6452],
			"to": [12.38705, 0.51613, 5.16133],
			"faces": {
				"north": {"uv": [14.5, 11.25, 12.125, 11.375], "texture": "#voxels_atlas"},
				"east": {"uv": [4.875, 9.875, 4.75, 10], "texture": "#voxels_atlas"},
				"west": {"uv": [4.75, 10, 4.875, 10.125], "texture": "#voxels_atlas"},
				"up": {"uv": [9.75, 11.375, 12.125, 11.25], "texture": "#voxels_atlas"},
				"down": {"uv": [7.375, 11.25, 9.75, 11.375], "texture": "#voxels_atlas"}
			}
		},
		{
			"name": "Voxels",
			"from": [2.5806, 0, 10.3226],
			"to": [12.38705, 0.51613, 10.83873],
			"faces": {
				"east": {"uv": [4.875, 9.625, 4.75, 9.75], "texture": "#voxels_atlas"},
				"south": {"uv": [12.5, 11.375, 14.875, 11.5], "texture": "#voxels_atlas"},
				"west": {"uv": [4.75, 9.75, 4.875, 9.875], "texture": "#voxels_atlas"},
				"up": {"uv": [9.75, 11.25, 12.125, 11.125], "texture": "#voxels_atlas"},
				"down": {"uv": [7.375, 11.125, 9.75, 11.25], "texture": "#voxels_atlas"}
			}
		},
		{
			"name": "Voxels",
			"from": [2.5806, 0.5161, 4.6452],
			"to": [4.12899, 3.09675, 5.16133],
			"faces": {
				"north": {"uv": [0.75, 4.75, 0.375, 5.375], "texture": "#voxels_atlas"},
				"east": {"uv": [5.75, 9.75, 5.625, 10.375], "texture": "#voxels_atlas"},
				"south": {"uv": [0.75, 4.75, 1.125, 5.375], "texture": "#voxels_atlas"},
				"west": {"uv": [5.625, 9.125, 5.75, 9.75], "texture": "#voxels_atlas"},
				"up": {"uv": [10.75, 10.625, 11.125, 10.5], "texture": "#voxels_atlas"}
			}
		},
		{
			"name": "Voxels",
			"from": [2.5806, 0.5161, 7.2258],
			"to": [3.09673, 4.64513, 8.25806],
			"faces": {
				"north": {"uv": [5, 10.125, 4.875, 11.125], "texture": "#voxels_atlas"},
				"east": {"uv": [0.5, 3.625, 0.25, 4.625], "texture": "#voxels_atlas"},
				"south": {"uv": [4.875, 9.125, 5, 10.125], "texture": "#voxels_atlas"},
				"west": {"uv": [0, 3.625, 0.25, 4.625], "texture": "#voxels_atlas"},
				"up": {"uv": [1, 3.375, 1.125, 3.125], "texture": "#voxels_atlas"}
			}
		},
		{
			"name": "Voxels",
			"from": [2.5806, 0.5161, 8.7742],
			"to": [3.09673, 4.64513, 9.29033],
			"faces": {
				"north": {"uv": [5, 8.125, 4.875, 9.125], "texture": "#voxels_atlas"},
				"east": {"uv": [5, 5.125, 4.875, 6.125], "texture": "#voxels_atlas"},
				"south": {"uv": [4.875, 7.125, 5, 8.125], "texture": "#voxels_atlas"},
				"west": {"uv": [4.875, 6.125, 5, 7.125], "texture": "#voxels_atlas"},
				"up": {"uv": [4.75, 2.25, 4.875, 2.125], "texture": "#voxels_atlas"}
			}
		},
		{
			"name": "Voxels",
			"from": [2.5806, 0.5161, 10.3226],
			"to": [4.12899, 3.09675, 10.83873],
			"faces": {
				"north": {"uv": [0.875, 1.375, 0.5, 2], "texture": "#voxels_atlas"},
				"east": {"uv": [5.625, 1, 5.5, 1.625], "texture": "#voxels_atlas"},
				"south": {"uv": [0.375, 2, 0.75, 2.625], "texture": "#voxels_atlas"},
				"west": {"uv": [5.5, 0.375, 5.625, 1], "texture": "#voxels_atlas"},
				"up": {"uv": [11.5, 10.625, 11.875, 10.5], "texture": "#voxels_atlas"}
			}
		},
		{
			"name": "Voxels",
			"from": [2.5806, 3.0968, 5.1613],
			"to": [4.12899, 4.12906, 5.67743],
			"faces": {
				"north": {"uv": [3.75, 0, 3.375, 0.25], "texture": "#voxels_atlas"},
				"east": {"uv": [1.125, 2.625, 1, 2.875], "texture": "#voxels_atlas"},
				"south": {"uv": [5.375, 10.75, 5.75, 11], "texture": "#voxels_atlas"},
				"west": {"uv": [1, 2.875, 1.125, 3.125], "texture": "#voxels_atlas"},
				"up": {"uv": [11.875, 10.75, 12.25, 10.625], "texture": "#voxels_atlas"},
				"down": {"uv": [11.5, 10.375, 11.875, 10.5], "texture": "#voxels_atlas"}
			}
		},
		{
			"name": "Voxels",
			"from": [2.5806, 3.0968, 9.8065],
			"to": [3.09673, 4.12906, 10.32263],
			"faces": {
				"north": {"uv": [1.125, 1.125, 1, 1.375], "texture": "#voxels_atlas"},
				"east": {"uv": [1.125, 0.375, 1, 0.625], "texture": "#voxels_atlas"},
				"south": {"uv": [1, 0.875, 1.125, 1.125], "texture": "#voxels_atlas"},
				"west": {"uv": [1, 0.625, 1.125, 0.875], "texture": "#voxels_atlas"},
				"up": {"uv": [9, 10.5, 9.125, 10.375], "texture": "#voxels_atlas"},
				"down": {"uv": [3.25, 0, 3.375, 0.125], "texture": "#voxels_atlas"}
			}
		},
		{
			"name": "Voxels",
			"from": [2.5806, 3.6129, 5.6774],
			"to": [3.09673, 4.64516, 6.19353],
			"faces": {
				"north": {"uv": [1.5, 3.75, 1.375, 4], "texture": "#voxels_atlas"},
				"east": {"uv": [1.875, 3.75, 1.75, 4], "texture": "#voxels_atlas"},
				"south": {"uv": [1.5, 3.75, 1.625, 4], "texture": "#voxels_atlas"},
				"west": {"uv": [1.625, 3.75, 1.75, 4], "texture": "#voxels_atlas"},
				"up": {"uv": [5.375, 0.125, 5.5, 0], "texture": "#voxels_atlas"}
			}
		},
		{
			"name": "Voxels",
			"from": [2.5806, 3.6129, 6.7097],
			"to": [3.09673, 4.64516, 7.22583],
			"faces": {
				"north": {"uv": [2.625, 1.75, 2.5, 2], "texture": "#voxels_atlas"},
				"east": {"uv": [3, 0, 2.875, 0.25], "texture": "#voxels_atlas"},
				"south": {"uv": [5.75, 2.25, 5.875, 2.5], "texture": "#voxels_atlas"},
				"west": {"uv": [4.75, 4.875, 4.875, 5.125], "texture": "#voxels_atlas"},
				"up": {"uv": [5.625, 0.125, 5.75, 0], "texture": "#voxels_atlas"},
				"down": {"uv": [5.5, 0, 5.625, 0.125], "texture": "#voxels_atlas"}
			}
		},
		{
			"name": "Voxels",
			"from": [2.5806, 3.6129, 8.2581],
			"to": [3.09673, 4.64516, 8.77423],
			"faces": {
				"north": {"uv": [3.125, 0, 3, 0.25], "texture": "#voxels_atlas"},
				"east": {"uv": [5, 0, 4.875, 0.25], "texture": "#voxels_atlas"},
				"south": {"uv": [3.125, 0, 3.25, 0.25], "texture": "#voxels_atlas"},
				"west": {"uv": [3.75, 0, 3.875, 0.25], "texture": "#voxels_atlas"},
				"up": {"uv": [13.875, 10.125, 14, 10], "texture": "#voxels_atlas"},
				"down": {"uv": [15.875, 10.125, 16, 10.25], "texture": "#voxels_atlas"}
			}
		},
		{
			"name": "Voxels",
			"from": [2.5806, 3.6129, 9.2903],
			"to": [3.09673, 4.64516, 9.80643],
			"faces": {
				"north": {"uv": [6, 9, 5.875, 9.25], "texture": "#voxels_atlas"},
				"east": {"uv": [6, 9.75, 5.875, 10], "texture": "#voxels_atlas"},
				"south": {"uv": [5.875, 9.25, 6, 9.5], "texture": "#voxels_atlas"},
				"west": {"uv": [5.875, 9.5, 6, 9.75], "texture": "#voxels_atlas"},
				"up": {"uv": [14.125, 10.125, 14.25, 10], "texture": "#voxels_atlas"},
				"down": {"uv": [14, 10, 14.125, 10.125], "texture": "#voxels_atlas"}
			}
		},
		{
			"name": "Voxels",
			"from": [2.5806, 4.129, 6.1935],
			"to": [4.12899, 4.64513, 6.70963],
			"faces": {
				"north": {"uv": [2.625, 7.25, 2.25, 7.375], "texture": "#voxels_atlas"},
				"east": {"uv": [13.875, 9.875, 13.75, 10], "texture": "#voxels_atlas"},
				"south": {"uv": [4.5, 8.75, 4.875, 8.875], "texture": "#voxels_atlas"},
				"west": {"uv": [13.875, 9.875, 14, 10], "texture": "#voxels_atlas"},
				"up": {"uv": [10.375, 10.625, 10.75, 10.5], "texture": "#voxels_atlas"},
				"down": {"uv": [0.75, 4.625, 1.125, 4.75], "texture": "#voxels_atlas"}
			}
		},
		{
			"name": "Voxels",
			"from": [2.5806, 12.3871, 7.2258],
			"to": [13.41931, 12.90323, 8.25806],
			"faces": {
				"north": {"uv": [7.875, 11.5, 5.25, 11.625], "texture": "#voxels_atlas"},
				"east": {"uv": [13.125, 10.125, 12.875, 10.25], "texture": "#voxels_atlas"},
				"south": {"uv": [10.75, 11.625, 13.375, 11.75], "texture": "#voxels_atlas"},
				"west": {"uv": [14.125, 10.125, 14.375, 10.25], "texture": "#voxels_atlas"},
				"up": {"uv": [2.625, 12.625, 5.25, 12.375], "texture": "#voxels_atlas"},
				"down": {"uv": [5.25, 12.375, 7.875, 12.625], "texture": "#voxels_atlas"}
			}
		},
		{
			"name": "Voxels",
			"from": [2.5806, 12.9032, 7.2258],
			"to": [12.90318, 13.41933, 8.25806],
			"faces": {
				"north": {"uv": [15.375, 11.5, 12.875, 11.625], "texture": "#voxels_atlas"},
				"east": {"uv": [11.625, 10.125, 11.375, 10.25], "texture": "#voxels_atlas"},
				"south": {"uv": [7.625, 11.375, 10.125, 11.5], "texture": "#voxels_atlas"},
				"west": {"uv": [12.625, 10.125, 12.875, 10.25], "texture": "#voxels_atlas"},
				"up": {"uv": [13.125, 12.625, 15.625, 12.375], "texture": "#voxels_atlas"}
			}
		},
		{
			"name": "Voxels",
			"from": [3.0968, 0, 4.129],
			"to": [12.38712, 0.51613, 4.64513],
			"faces": {
				"north": {"uv": [4.875, 10.625, 2.625, 10.75], "texture": "#voxels_atlas"},
				"east": {"uv": [12.875, 9.875, 12.75, 10], "texture": "#voxels_atlas"},
				"south": {"uv": [2.625, 10.75, 4.875, 10.875], "texture": "#voxels_atlas"},
				"west": {"uv": [12.875, 9.875, 13, 10], "texture": "#voxels_atlas"},
				"up": {"uv": [2.625, 10.625, 4.875, 10.5], "texture": "#voxels_atlas"},
				"down": {"uv": [2.625, 10.375, 4.875, 10.5], "texture": "#voxels_atlas"}
			}
		},
		{
			"name": "Voxels",
			"from": [3.0968, 0, 10.8387],
			"to": [12.38712, 2.58065, 11.35483],
			"faces": {
				"north": {"uv": [12.375, 14.125, 10.125, 14.75], "texture": "#voxels_atlas"},
				"east": {"uv": [5.625, 6.625, 5.5, 7.25], "texture": "#voxels_atlas"},
				"south": {"uv": [12.375, 14.125, 14.625, 14.75], "texture": "#voxels_atlas"},
				"west": {"uv": [5.375, 2.25, 5.5, 2.875], "texture": "#voxels_atlas"},
				"up": {"uv": [2.625, 10.25, 4.875, 10.125], "texture": "#voxels_atlas"},
				"down": {"uv": [2.625, 10.875, 4.875, 11], "texture": "#voxels_atlas"}
			}
		},
		{
			"name": "Voxels",
			"from": [3.0968, 0.5161, 4.129],
			"to": [4.12906, 4.129, 4.64513],
			"faces": {
				"north": {"uv": [2.5, 8.25, 2.25, 9.125], "texture": "#voxels_atlas"},
				"east": {"uv": [5, 0.25, 4.875, 1.125], "texture": "#voxels_atlas"},
				"south": {"uv": [1.75, 7.375, 2, 8.25], "texture": "#voxels_atlas"},
				"west": {"uv": [5.125, 7, 5.25, 7.875], "texture": "#voxels_atlas"},
				"up": {"uv": [9.875, 10.25, 10.125, 10.125], "texture": "#voxels_atlas"}
			}
		},
		{
			"name": "Voxels",
			"from": [3.0968, 2.5806, 10.8387],
			"to": [11.87099, 4.12899, 11.35483],
			"faces": {
				"north": {"uv": [10.375, 12.75, 8.25, 13.125], "texture": "#voxels_atlas"},
				"east": {"uv": [9.25, 10.375, 9.125, 10.75], "texture": "#voxels_atlas"},
				"south": {"uv": [6.125, 12.75, 8.25, 13.125], "texture": "#voxels_atlas"},
				"west": {"uv": [15.125, 14.75, 15.25, 15.125], "texture": "#voxels_atlas"},
				"up": {"uv": [8.25, 12.75, 10.375, 12.625], "texture": "#voxels_atlas"}
			}
		},
		{
			"name": "Voxels",
			"from": [3.0968, 3.0968, 4.6452],
			"to": [4.12906, 4.64519, 5.16133],
			"faces": {
				"north": {"uv": [5.625, 10.375, 5.375, 10.75], "texture": "#voxels_atlas"},
				"east": {"uv": [9.5, 10.375, 9.375, 10.75], "texture": "#voxels_atlas"},
				"south": {"uv": [5.625, 10.375, 5.875, 10.75], "texture": "#voxels_atlas"},
				"west": {"uv": [9.25, 10.375, 9.375, 10.75], "texture": "#voxels_atlas"},
				"up": {"uv": [9.375, 10.25, 9.625, 10.125], "texture": "#voxels_atlas"},
				"down": {"uv": [9.625, 10.125, 9.875, 10.25], "texture": "#voxels_atlas"}
			}
		},
		{
			"name": "Voxels",
			"from": [3.0968, 3.0968, 7.2258],
			"to": [4.12906, 8.25809, 8.25806],
			"faces": {
				"north": {"uv": [0.75, 5.875, 0.5, 7.125], "texture": "#voxels_atlas"},
				"east": {"uv": [1, 5.875, 0.75, 7.125], "texture": "#voxels_atlas"},
				"south": {"uv": [0.25, 5.875, 0.5, 7.125], "texture": "#voxels_atlas"},
				"west": {"uv": [0, 5.875, 0.25, 7.125], "texture": "#voxels_atlas"},
				"up": {"uv": [12, 11, 12.25, 10.75], "texture": "#voxels_atlas"},
				"down": {"uv": [12.25, 10.75, 12.5, 11], "texture": "#voxels_atlas"}
			}
		},
		{
			"name": "Voxels",
			"from": [3.0968, 3.0968, 10.3226],
			"to": [4.12906, 4.64519, 10.83873],
			"faces": {
				"north": {"uv": [6.125, 10.375, 5.875, 10.75], "texture": "#voxels_atlas"},
				"east": {"uv": [9.75, 10.375, 9.625, 10.75], "texture": "#voxels_atlas"},
				"south": {"uv": [6.125, 10.375, 6.375, 10.75], "texture": "#voxels_atlas"},
				"west": {"uv": [9.5, 10.375, 9.625, 10.75], "texture": "#voxels_atlas"},
				"up": {"uv": [8.375, 10.25, 8.625, 10.125], "texture": "#voxels_atlas"},
				"down": {"uv": [8.625, 10.125, 8.875, 10.25], "texture": "#voxels_atlas"}
			}
		},
		{
			"name": "Voxels",
			"from": [3.0968, 4.129, 5.1613],
			"to": [4.12906, 7.22577, 6.19356],
			"faces": {
				"north": {"uv": [15.125, 13.125, 14.875, 13.875], "texture": "#voxels_atlas"},
				"east": {"uv": [15.875, 13.125, 15.625, 13.875], "texture": "#voxels_atlas"},
				"south": {"uv": [15.125, 13.125, 15.375, 13.875], "texture": "#voxels_atlas"},
				"west": {"uv": [15.375, 13.125, 15.625, 13.875], "texture": "#voxels_atlas"},
				"up": {"uv": [11.5, 11, 11.75, 10.75], "texture": "#voxels_atlas"},
				"down": {"uv": [11.75, 10.75, 12, 11], "texture": "#voxels_atlas"}
			}
		},
		{
			"name": "Voxels",
			"from": [3.0968, 4.129, 6.7097],
			"to": [4.12906, 7.7419, 7.22583],
			"faces": {
				"north": {"uv": [1.75, 7.375, 1.5, 8.25], "texture": "#voxels_atlas"},
				"east": {"uv": [5.125, 5.25, 5, 6.125], "texture": "#voxels_atlas"},
				"west": {"uv": [5, 6.125, 5.125, 7], "texture": "#voxels_atlas"},
				"up": {"uv": [7.875, 10.25, 8.125, 10.125], "texture": "#voxels_atlas"},
				"down": {"uv": [8.125, 10.125, 8.375, 10.25], "texture": "#voxels_atlas"}
			}
		},
		{
			"name": "Voxels",
			"from": [3.0968, 4.129, 8.2581],
			"to": [4.12906, 7.7419, 9.29036],
			"faces": {
				"north": {"uv": [1.75, 8.25, 1.5, 9.125], "texture": "#voxels_atlas"},
				"east": {"uv": [2.125, 6.375, 1.875, 7.25], "texture": "#voxels_atlas"},
				"south": {"uv": [2.25, 7.375, 2.5, 8.25], "texture": "#voxels_atlas"},
				"west": {"uv": [1.625, 6.375, 1.875, 7.25], "texture": "#voxels_atlas"},
				"up": {"uv": [10, 11, 10.25, 10.75], "texture": "#voxels_atlas"},
				"down": {"uv": [10.25, 10.75, 10.5, 11], "texture": "#voxels_atlas"}
			}
		},
		{
			"name": "Voxels",
			"from": [3.0968, 4.129, 9.2903],
			"to": [4.12906, 7.22577, 10.32256],
			"faces": {
				"east": {"uv": [1.5, 0.5, 1.25, 1.25], "texture": "#voxels_atlas"},
				"south": {"uv": [2.125, 4.25, 2.375, 5], "texture": "#voxels_atlas"},
				"west": {"uv": [2.375, 4.25, 2.625, 5], "texture": "#voxels_atlas"},
				"up": {"uv": [9.5, 11, 9.75, 10.75], "texture": "#voxels_atlas"},
				"down": {"uv": [9.75, 10.75, 10, 11], "texture": "#voxels_atlas"}
			}
		},
		{
			"name": "Voxels",
			"from": [3.0968, 4.6452, 6.1935],
			"to": [4.12906, 7.74197, 6.70963],
			"faces": {
				"north": {"uv": [1.5, 1.25, 1.25, 2], "texture": "#voxels_atlas"},
				"east": {"uv": [5.375, 5, 5.25, 5.75], "texture": "#voxels_atlas"},
				"south": {"uv": [1.5, 1.25, 1.75, 2], "texture": "#voxels_atlas"},
				"west": {"uv": [5.25, 5.75, 5.375, 6.5], "texture": "#voxels_atlas"},
				"up": {"uv": [6.875, 10.25, 7.125, 10.125], "texture": "#voxels_atlas"},
				"down": {"uv": [7.125, 10.125, 7.375, 10.25], "texture": "#voxels_atlas"}
			}
		},
		{
			"name": "Voxels",
			"from": [3.0968, 11.3548, 7.2258],
			"to": [13.93551, 11.87093, 8.25806],
			"faces": {
				"north": {"uv": [16, 11.625, 13.375, 11.75], "texture": "#voxels_atlas"},
				"east": {"uv": [6.375, 10.125, 6.125, 10.25], "texture": "#voxels_atlas"},
				"south": {"uv": [13.375, 11.75, 16, 11.875], "texture": "#voxels_atlas"},
				"west": {"uv": [6.625, 10.125, 6.875, 10.25], "texture": "#voxels_atlas"},
				"up": {"uv": [7.875, 12.625, 10.5, 12.375], "texture": "#voxels_atlas"},
				"down": {"uv": [10.5, 12.375, 13.125, 12.625], "texture": "#voxels_atlas"}
			}
		},
		{
			"name": "Voxels",
			"from": [3.0968, 11.871, 7.2258],
			"to": [13.41938, 12.38713, 8.25806],
			"faces": {
				"north": {"uv": [10.375, 11.5, 7.875, 11.625], "texture": "#voxels_atlas"},
				"east": {"uv": [16, 10.25, 15.75, 10.375], "texture": "#voxels_atlas"},
				"south": {"uv": [10.375, 11.5, 12.875, 11.625], "texture": "#voxels_atlas"},
				"west": {"uv": [5.875, 10.125, 6.125, 10.25], "texture": "#voxels_atlas"},
				"up": {"uv": [12.625, 12.375, 15.125, 12.125], "texture": "#voxels_atlas"},
				"down": {"uv": [10.125, 12.125, 12.625, 12.375], "texture": "#voxels_atlas"}
			}
		},
		{
			"name": "Voxels",
			"from": [3.6129, 0, 3.6129],
			"to": [11.87096, 4.12903, 4.12903],
			"faces": {
				"north": {"uv": [11.25, 15, 9.25, 16], "texture": "#voxels_atlas"},
				"east": {"uv": [5, 3.125, 4.875, 4.125], "texture": "#voxels_atlas"},
				"south": {"uv": [11.25, 15, 13.25, 16], "texture": "#voxels_atlas"},
				"west": {"uv": [4.875, 4.125, 5, 5.125], "texture": "#voxels_atlas"},
				"up": {"uv": [2.625, 9.25, 4.625, 9.125], "texture": "#voxels_atlas"},
				"down": {"uv": [2.625, 9.25, 4.625, 9.375], "texture": "#voxels_atlas"}
			}
		},
		{
			"name": "Voxels",
			"from": [3.6129, 0, 11.3548],
			"to": [11.87096, 4.12903, 11.87093],
			"faces": {
				"north": {"uv": [9.25, 15, 7.25, 16], "texture": "#voxels_atlas"},
				"east": {"uv": [3.375, 0.125, 3.25, 1.125], "texture": "#voxels_atlas"},
				"south": {"uv": [5.25, 15, 7.25, 16], "texture": "#voxels_atlas"},
				"west": {"uv": [3.25, 1.125, 3.375, 2.125], "texture": "#voxels_atlas"},
				"up": {"uv": [2.625, 9.125, 4.625, 9], "texture": "#voxels_atlas"},
				"down": {"uv": [2.625, 9.5, 4.625, 9.625], "texture": "#voxels_atlas"}
			}
		},
		{
			"name": "Voxels",
			"from": [3.6129, 0.5161, 5.1613],
			"to": [4.12903, 3.09675, 10.32259],
			"faces": {
				"north": {"uv": [5.625, 6, 5.5, 6.625], "texture": "#voxels_atlas"},
				"east": {"uv": [2.375, 10.625, 1.125, 11.25], "texture": "#voxels_atlas"},
				"south": {"uv": [5.5, 5.375, 5.625, 6], "texture": "#voxels_atlas"},
				"west": {"uv": [1.125, 11.25, 2.375, 11.875], "texture": "#voxels_atlas"},
				"up": {"uv": [1.5, 1.25, 1.625, 0], "texture": "#voxels_atlas"}
			}
		},
		{
			"name": "Voxels",
			"from": [3.6129, 3.0968, 6.1935],
			"to": [4.12903, 4.12906, 7.22576],
			"faces": {
				"north": {"uv": [5.875, 3.5, 5.75, 3.75], "texture": "#voxels_atlas"},
				"east": {"uv": [13.25, 14.75, 13, 15], "texture": "#voxels_atlas"},
				"south": {"uv": [5.75, 5.25, 5.875, 5.5], "texture": "#voxels_atlas"},
				"west": {"uv": [11, 14.75, 11.25, 15], "texture": "#voxels_atlas"},
				"up": {"uv": [5.75, 3.5, 5.875, 3.25], "texture": "#voxels_atlas"},
				"down": {"uv": [5.75, 2.5, 5.875, 2.75], "texture": "#voxels_atlas"}
			}
		},
		{
			"name": "Voxels",
			"from": [3.6129, 3.0968, 8.2581],
			"to": [4.12903, 4.12906, 10.32262],
			"faces": {
				"north": {"uv": [5.875, 5.5, 5.75, 5.75], "texture": "#voxels_atlas"},
				"east": {"uv": [4.75, 4.875, 4.25, 5.125], "texture": "#voxels_atlas"},
				"west": {"uv": [3.375, 0.75, 3.875, 1], "texture": "#voxels_atlas"},
				"up": {"uv": [1, 5.875, 1.125, 5.375], "texture": "#voxels_atlas"},
				"down": {"uv": [1, 7.125, 1.125, 7.625], "texture": "#voxels_atlas"}
			}
		},
		{
			"name": "Voxels",
			"from": [3.6129, 3.6129, 5.6774],
			"to": [4.12903, 4.12903, 6.19353],
			"faces": {
				"north": {"uv": [6, 0.625, 5.875, 0.75], "texture": "#voxels_atlas"},
				"east": {"uv": [6, 1.5, 5.875, 1.625], "texture": "#voxels_atlas"},
				"west": {"uv": [5.875, 0.875, 6, 1], "texture": "#voxels_atlas"},
				"down": {"uv": [6.75, 9.875, 6.875, 10], "texture": "#voxels_atlas"}
			}
		},
		{
			"name": "Voxels",
			"from": [3.6129, 4.129, 4.129],
			"to": [4.12903, 7.7419, 4.64513],
			"faces": {
				"north": {"uv": [5.25, 5.25, 5.125, 6.125], "texture": "#voxels_atlas"},
				"east": {"uv": [5.125, 3.5, 5, 4.375], "texture": "#voxels_atlas"},
				"south": {"uv": [5.125, 7.875, 5.25, 8.75], "texture": "#voxels_atlas"},
				"west": {"uv": [5, 7.875, 5.125, 8.75], "texture": "#voxels_atlas"},
				"up": {"uv": [5.875, 1.875, 6, 1.75], "texture": "#voxels_atlas"}
			}
		},
		{
			"name": "Voxels",
			"from": [3.6129, 4.129, 10.8387],
			"to": [11.87096, 7.7419, 11.35483],
			"faces": {
				"north": {"uv": [3.125, 13.875, 1.125, 14.75], "texture": "#voxels_atlas"},
				"east": {"uv": [5.25, 6.125, 5.125, 7], "texture": "#voxels_atlas"},
				"south": {"uv": [13.25, 15.125, 15.25, 16], "texture": "#voxels_atlas"},
				"west": {"uv": [5, 7, 5.125, 7.875], "texture": "#voxels_atlas"},
				"up": {"uv": [2.625, 9.5, 4.625, 9.375], "texture": "#voxels_atlas"},
				"down": {"uv": [2.625, 8.875, 4.625, 9], "texture": "#voxels_atlas"}
			}
		},
		{
			"name": "Voxels",
			"from": [3.6129, 4.6452, 4.6452],
			"to": [4.12903, 7.74197, 5.16133],
			"faces": {
				"north": {"uv": [5.375, 3.5, 5.25, 4.25], "texture": "#voxels_atlas"},
				"east": {"uv": [5.375, 1.25, 5.25, 2], "texture": "#voxels_atlas"},
				"south": {"uv": [5.25, 2.75, 5.375, 3.5], "texture": "#voxels_atlas"},
				"west": {"uv": [5.25, 2, 5.375, 2.75], "texture": "#voxels_atlas"},
				"up": {"uv": [5.875, 2.375, 6, 2.25], "texture": "#voxels_atlas"},
				"down": {"uv": [5.875, 1.875, 6, 2], "texture": "#voxels_atlas"}
			}
		},
		{
			"name": "Voxels",
			"from": [3.6129, 4.6452, 10.3226],
			"to": [4.12903, 7.74197, 10.83873],
			"faces": {
				"north": {"uv": [5.375, 4.25, 5.25, 5], "texture": "#voxels_atlas"},
				"east": {"uv": [5.5, 8.125, 5.375, 8.875], "texture": "#voxels_atlas"},
				"south": {"uv": [5.375, 9.625, 5.5, 10.375], "texture": "#voxels_atlas"},
				"west": {"uv": [5.25, 8.75, 5.375, 9.5], "texture": "#voxels_atlas"},
				"up": {"uv": [14.5, 10, 14.625, 9.875], "texture": "#voxels_atlas"},
				"down": {"uv": [14.875, 9.875, 15, 10], "texture": "#voxels_atlas"}
			}
		},
		{
			"name": "Voxels",
			"from": [3.6129, 7.2258, 5.1613],
			"to": [4.12903, 8.25806, 6.19356],
			"faces": {
				"north": {"uv": [5.75, 1.125, 5.625, 1.375], "texture": "#voxels_atlas"},
				"east": {"uv": [2.625, 10.125, 2.375, 10.375], "texture": "#voxels_atlas"},
				"south": {"uv": [5.625, 1.375, 5.75, 1.625], "texture": "#voxels_atlas"},
				"west": {"uv": [2.375, 10.375, 2.625, 10.625], "texture": "#voxels_atlas"},
				"up": {"uv": [5.625, 1.125, 5.75, 0.875], "texture": "#voxels_atlas"},
				"down": {"uv": [5.75, 9.75, 5.875, 10], "texture": "#voxels_atlas"}
			}
		},
		{
			"name": "Voxels",
			"from": [3.6129, 7.2258, 9.2903],
			"to": [4.12903, 8.25806, 10.32256],
			"faces": {
				"north": {"uv": [5.75, 4.125, 5.625, 4.375], "texture": "#voxels_atlas"},
				"east": {"uv": [2.625, 9.625, 2.375, 9.875], "texture": "#voxels_atlas"},
				"south": {"uv": [5.625, 4.375, 5.75, 4.625], "texture": "#voxels_atlas"},
				"west": {"uv": [2.375, 9.875, 2.625, 10.125], "texture": "#voxels_atlas"},
				"up": {"uv": [5.625, 4.125, 5.75, 3.875], "texture": "#voxels_atlas"},
				"down": {"uv": [5.625, 3.625, 5.75, 3.875], "texture": "#voxels_atlas"}
			}
		},
		{
			"name": "Voxels",
			"from": [3.6129, 7.7419, 6.1935],
			"to": [12.38709, 8.25803, 7.22576],
			"faces": {
				"north": {"uv": [8.25, 12.625, 6.125, 12.75], "texture": "#voxels_atlas"},
				"east": {"uv": [9.5, 10.25, 9.25, 10.375], "texture": "#voxels_atlas"},
				"south": {"uv": [2.625, 10, 4.75, 10.125], "texture": "#voxels_atlas"},
				"west": {"uv": [9.5, 10.25, 9.75, 10.375], "texture": "#voxels_atlas"},
				"up": {"uv": [6.875, 11.875, 9, 11.625], "texture": "#voxels_atlas"},
				"down": {"uv": [12.125, 11.875, 14.25, 12.125], "texture": "#voxels_atlas"}
			}
		},
		{
			"name": "Voxels",
			"from": [3.6129, 7.7419, 8.2581],
			"to": [12.38709, 8.25803, 9.29036],
			"faces": {
				"north": {"uv": [4.75, 9.75, 2.625, 9.875], "texture": "#voxels_atlas"},
				"east": {"uv": [9, 10.25, 8.75, 10.375], "texture": "#voxels_atlas"},
				"south": {"uv": [2.625, 9.625, 4.75, 9.75], "texture": "#voxels_atlas"},
				"west": {"uv": [9, 10.25, 9.25, 10.375], "texture": "#voxels_atlas"},
				"up": {"uv": [4.75, 11.875, 6.875, 11.625], "texture": "#voxels_atlas"},
				"down": {"uv": [2.625, 11.625, 4.75, 11.875], "texture": "#voxels_atlas"}
			}
		},
		{
			"name": "Voxels",
			"from": [3.6129, 8.2581, 6.7097],
			"to": [5.16129, 8.77423, 8.77422],
			"faces": {
				"north": {"uv": [4.875, 8.625, 4.5, 8.75], "texture": "#voxels_atlas"},
				"east": {"uv": [4.875, 8.375, 4.375, 8.5], "texture": "#voxels_atlas"},
				"south": {"uv": [4.5, 8.5, 4.875, 8.625], "texture": "#voxels_atlas"},
				"west": {"uv": [2.125, 5.5, 2.625, 5.625], "texture": "#voxels_atlas"},
				"up": {"uv": [0.625, 7.625, 1, 7.125], "texture": "#voxels_atlas"},
				"down": {"uv": [0.625, 5.375, 1, 5.875], "texture": "#voxels_atlas"}
			}
		},
		{
			"name": "Voxels",
			"from": [3.6129, 8.7742, 7.2258],
			"to": [5.16129, 11.35485, 8.25806],
			"faces": {
				"north": {"uv": [0.5, 1.375, 0.125, 2], "texture": "#voxels_atlas"},
				"east": {"uv": [2.625, 10.625, 2.375, 11.25], "texture": "#voxels_atlas"},
				"south": {"uv": [0.75, 2, 1.125, 2.625], "texture": "#voxels_atlas"},
				"west": {"uv": [2.375, 11.25, 2.625, 11.875], "texture": "#voxels_atlas"}
			}
		},
		{
			"name": "Voxels",
			"from": [4.129, 0, 3.0968],
			"to": [11.35481, 3.09677, 3.61293],
			"faces": {
				"north": {"uv": [2.875, 13.125, 1.125, 13.875], "texture": "#voxels_atlas"},
				"east": {"uv": [5.5, 5.125, 5.375, 5.875], "texture": "#voxels_atlas"},
				"west": {"uv": [5.375, 5.875, 5.5, 6.625], "texture": "#voxels_atlas"},
				"up": {"uv": [2.625, 7.75, 4.375, 7.625], "texture": "#voxels_atlas"},
				"down": {"uv": [2.625, 7.375, 4.375, 7.5], "texture": "#voxels_atlas"}
			}
		},
		{
			"name": "Voxels",
			"from": [4.129, 0, 11.871],
			"to": [11.35481, 3.09677, 12.38713],
			"faces": {
				"north": {"uv": [6.375, 13.125, 4.625, 13.875], "texture": "#voxels_atlas"},
				"east": {"uv": [5.5, 3.625, 5.375, 4.375], "texture": "#voxels_atlas"},
				"south": {"uv": [6.375, 13.125, 8.125, 13.875], "texture": "#voxels_atlas"},
				"west": {"uv": [5.375, 4.375, 5.5, 5.125], "texture": "#voxels_atlas"},
				"up": {"uv": [2.625, 7.625, 4.375, 7.5], "texture": "#voxels_atlas"},
				"down": {"uv": [2.625, 6.75, 4.375, 6.875], "texture": "#voxels_atlas"}
			}
		},
		{
			"name": "Voxels",
			"from": [4.129, 4.129, 3.6129],
			"to": [11.35481, 7.7419, 4.12903],
			"faces": {
				"north": {"uv": [6.625, 13.875, 4.875, 14.75], "texture": "#voxels_atlas"},
				"east": {"uv": [5.125, 2.625, 5, 3.5], "texture": "#voxels_atlas"},
				"south": {"uv": [6.625, 13.875, 8.375, 14.75], "texture": "#voxels_atlas"},
				"west": {"uv": [5.125, 2.625, 5.25, 3.5], "texture": "#voxels_atlas"},
				"up": {"uv": [2.625, 6.75, 4.375, 6.625], "texture": "#voxels_atlas"}
			}
		},
		{
			"name": "Voxels",
			"from": [4.129, 4.129, 11.3548],
			"to": [11.35481, 7.7419, 11.87093],
			"faces": {
				"east": {"uv": [5.25, 8.75, 5.125, 9.625], "texture": "#voxels_atlas"},
				"south": {"uv": [8.375, 13.875, 10.125, 14.75], "texture": "#voxels_atlas"},
				"west": {"uv": [5.125, 3.5, 5.25, 4.375], "texture": "#voxels_atlas"},
				"up": {"uv": [2.625, 7.125, 4.375, 7], "texture": "#voxels_atlas"}
			}
		},
		{
			"name": "Voxels",
			"from": [4.129, 6.1935, 4.129],
			"to": [11.87094, 7.74189, 4.64513],
			"faces": {
				"north": {"uv": [15.125, 14.75, 13.25, 15.125], "texture": "#voxels_atlas"},
				"east": {"uv": [10, 10.375, 9.875, 10.75], "texture": "#voxels_atlas"},
				"south": {"uv": [10.375, 12.75, 12.25, 13.125], "texture": "#voxels_atlas"},
				"up": {"uv": [2.625, 8.625, 4.5, 8.5], "texture": "#voxels_atlas"},
				"down": {"uv": [2.625, 8.75, 4.5, 8.875], "texture": "#voxels_atlas"}
			}
		},
		{
			"name": "Voxels",
			"from": [4.129, 7.7419, 4.129],
			"to": [11.35481, 8.25803, 6.19352],
			"faces": {
				"north": {"uv": [4.375, 7.25, 2.625, 7.375], "texture": "#voxels_atlas"},
				"east": {"uv": [4.875, 1.75, 4.375, 1.875], "texture": "#voxels_atlas"},
				"west": {"uv": [4.375, 7.875, 4.875, 8], "texture": "#voxels_atlas"},
				"up": {"uv": [2.625, 13.125, 4.375, 12.625], "texture": "#voxels_atlas"},
				"down": {"uv": [4.375, 12.625, 6.125, 13.125], "texture": "#voxels_atlas"}
			}
		},
		{
			"name": "Voxels",
			"from": [4.129, 7.7419, 7.2258],
			"to": [13.93545, 8.25803, 8.25806],
			"faces": {
				"north": {"uv": [7.375, 11.125, 5, 11.25], "texture": "#voxels_atlas"},
				"east": {"uv": [8.5, 10.25, 8.25, 10.375], "texture": "#voxels_atlas"},
				"south": {"uv": [10.125, 11.375, 12.5, 11.5], "texture": "#voxels_atlas"},
				"up": {"uv": [7.375, 12.125, 9.75, 11.875], "texture": "#voxels_atlas"},
				"down": {"uv": [9.75, 11.875, 12.125, 12.125], "texture": "#voxels_atlas"}
			}
		},
		{
			"name": "Voxels",
			"from": [4.129, 7.7419, 9.2903],
			"to": [11.87094, 8.25803, 10.83869],
			"faces": {
				"east": {"uv": [9, 10.375, 8.625, 10.5], "texture": "#voxels_atlas"},
				"south": {"uv": [14.125, 12.625, 16, 12.75], "texture": "#voxels_atlas"},
				"west": {"uv": [15.625, 11, 16, 11.125], "texture": "#voxels_atlas"},
				"up": {"uv": [12.25, 13.125, 14.125, 12.75], "texture": "#voxels_atlas"},
				"down": {"uv": [14.125, 12.75, 16, 13.125], "texture": "#voxels_atlas"}
			}
		},
		{
			"name": "Voxels",
			"from": [4.129, 7.7419, 10.8387],
			"to": [11.35481, 8.25803, 11.35483],
			"faces": {
				"east": {"uv": [6.375, 9.875, 6.25, 10], "texture": "#voxels_atlas"},
				"south": {"uv": [2.625, 8.375, 4.375, 8.5], "texture": "#voxels_atlas"},
				"west": {"uv": [7, 9.875, 7.125, 10], "texture": "#voxels_atlas"},
				"up": {"uv": [2.625, 6.5, 4.375, 6.375], "texture": "#voxels_atlas"}
			}
		},
		{
			"name": "Voxels",
			"from": [4.129, 8.2581, 4.6452],
			"to": [11.35481, 8.77423, 5.16133],
			"faces": {
				"north": {"uv": [4.375, 8.125, 2.625, 8.25], "texture": "#voxels_atlas"},
				"east": {"uv": [6, 0.125, 5.875, 0.25], "texture": "#voxels_atlas"},
				"south": {"uv": [2.625, 7.875, 4.375, 8], "texture": "#voxels_atlas"},
				"west": {"uv": [5.875, 0, 6, 0.125], "texture": "#voxels_atlas"},
				"up": {"uv": [2.625, 8.125, 4.375, 8], "texture": "#voxels_atlas"},
				"down": {"uv": [2.625, 8.25, 4.375, 8.375], "texture": "#voxels_atlas"}
			}
		},
		{
			"name": "Voxels",
			"from": [4.129, 8.2581, 5.1613],
			"to": [6.70965, 8.77423, 5.67743],
			"faces": {
				"east": {"uv": [11.875, 9.875, 11.75, 10], "texture": "#voxels_atlas"},
				"south": {"uv": [4.25, 2.375, 4.875, 2.5], "texture": "#voxels_atlas"},
				"west": {"uv": [5.875, 0.25, 6, 0.375], "texture": "#voxels_atlas"},
				"up": {"uv": [0.5, 3.75, 1.125, 3.625], "texture": "#voxels_atlas"},
				"down": {"uv": [15.375, 11.5, 16, 11.625], "texture": "#voxels_atlas"}
			}
		},
		{
			"name": "Voxels",
			"from": [4.129, 8.2581, 5.6774],
			"to": [5.67739, 8.77423, 6.70966],
			"faces": {
				"east": {"uv": [16, 10.5, 15.75, 10.625], "texture": "#voxels_atlas"},
				"south": {"uv": [10, 10.5, 10.375, 10.625], "texture": "#voxels_atlas"},
				"west": {"uv": [15.75, 10.375, 16, 10.5], "texture": "#voxels_atlas"},
				"up": {"uv": [15.625, 12.625, 16, 12.375], "texture": "#voxels_atlas"},
				"down": {"uv": [0.75, 10.25, 1.125, 10.5], "texture": "#voxels_atlas"}
			}
		},
		{
			"name": "Voxels",
			"from": [4.129, 8.2581, 8.7742],
			"to": [5.67739, 8.77423, 10.83872],
			"faces": {
				"north": {"uv": [10.375, 10.375, 10, 10.5], "texture": "#voxels_atlas"},
				"east": {"uv": [4.75, 2.25, 4.25, 2.375], "texture": "#voxels_atlas"},
				"south": {"uv": [10.375, 10.625, 10.75, 10.75], "texture": "#voxels_atlas"},
				"west": {"uv": [4.375, 6.25, 4.875, 6.375], "texture": "#voxels_atlas"},
				"up": {"uv": [1.875, 5.5, 2.25, 5], "texture": "#voxels_atlas"},
				"down": {"uv": [2.125, 5.875, 2.5, 6.375], "texture": "#voxels_atlas"}
			}
		},
		{
			"name": "Voxels",
			"from": [4.129, 8.7742, 6.7097],
			"to": [5.16126, 9.29033, 7.22583],
			"faces": {
				"north": {"uv": [4.875, 8.875, 4.625, 9], "texture": "#voxels_atlas"},
				"east": {"uv": [7.625, 9.875, 7.5, 10], "texture": "#voxels_atlas"},
				"west": {"uv": [8.625, 9.875, 8.75, 10], "texture": "#voxels_atlas"},
				"up": {"uv": [15.5, 10.625, 15.75, 10.5], "texture": "#voxels_atlas"}
			}
		},
		{
			"name": "Voxels",
			"from": [4.129, 8.7742, 8.2581],
			"to": [5.16126, 9.29033, 8.77423],
			"faces": {
				"north": {"uv": [13.375, 10, 13.125, 10.125], "texture": "#voxels_atlas"},
				"east": {"uv": [10.75, 9.875, 10.625, 10], "texture": "#voxels_atlas"},
				"south": {"uv": [12.375, 10, 12.625, 10.125], "texture": "#voxels_atlas"},
				"west": {"uv": [15, 9.875, 15.125, 10], "texture": "#voxels_atlas"},
				"up": {"uv": [13.375, 10.125, 13.625, 10], "texture": "#voxels_atlas"}
			}
		},
		{
			"name": "Voxels",
			"from": [4.6452, 3.0968, 3.0968],
			"to": [10.83875, 5.67745, 3.61293],
			"faces": {
				"north": {"uv": [12.125, 13.25, 10.625, 13.875], "texture": "#voxels_atlas"},
				"east": {"uv": [5.625, 7.25, 5.5, 7.875], "texture": "#voxels_atlas"},
				"west": {"uv": [5.5, 4.75, 5.625, 5.375], "texture": "#voxels_atlas"},
				"up": {"uv": [1.125, 3.625, 2.625, 3.5], "texture": "#voxels_atlas"},
				"down": {"uv": [1.125, 2.75, 2.625, 2.875], "texture": "#voxels_atlas"}
			}
		},
		{
			"name": "Voxels",
			"from": [4.6452, 3.0968, 11.871],
			"to": [10.83875, 5.67745, 12.38713],
			"faces": {
				"north": {"uv": [2.625, 12.5, 1.125, 13.125], "texture": "#voxels_atlas"},
				"east": {"uv": [5.625, 4.125, 5.5, 4.75], "texture": "#voxels_atlas"},
				"south": {"uv": [1.125, 11.875, 2.625, 12.5], "texture": "#voxels_atlas"},
				"west": {"uv": [5.5, 3.5, 5.625, 4.125], "texture": "#voxels_atlas"},
				"up": {"uv": [14.5, 11.375, 16, 11.25], "texture": "#voxels_atlas"},
				"down": {"uv": [2.75, 6, 4.25, 6.125], "texture": "#voxels_atlas"}
			}
		},
		{
			"name": "Voxels",
			"from": [4.6452, 7.7419, 3.6129],
			"to": [10.83875, 8.25803, 4.12903],
			"faces": {
				"north": {"uv": [2.625, 2.25, 1.125, 2.375], "texture": "#voxels_atlas"},
				"east": {"uv": [9.75, 9.875, 9.625, 10], "texture": "#voxels_atlas"},
				"west": {"uv": [9.75, 9.875, 9.875, 10], "texture": "#voxels_atlas"},
				"up": {"uv": [1.125, 2.25, 2.625, 2.125], "texture": "#voxels_atlas"}
			}
		},
		{
			"name": "Voxels",
			"from": [4.6452, 7.7419, 11.3548],
			"to": [10.83875, 8.25803, 11.87093],
			"faces": {
				"east": {"uv": [6, 1.25, 5.875, 1.375], "texture": "#voxels_atlas"},
				"south": {"uv": [2.75, 6.125, 4.25, 6.25], "texture": "#voxels_atlas"},
				"west": {"uv": [9.5, 9.875, 9.625, 10], "texture": "#voxels_atlas"},
				"up": {"uv": [1.125, 3.5, 2.625, 3.375], "texture": "#voxels_atlas"}
			}
		},
		{
			"name": "Voxels",
			"from": [4.6452, 8.2581, 4.129],
			"to": [10.83875, 8.77423, 4.64513],
			"faces": {
				"north": {"uv": [12.125, 13.125, 10.625, 13.25], "texture": "#voxels_atlas"},
				"east": {"uv": [6, 2, 5.875, 2.125], "texture": "#voxels_atlas"},
				"south": {"uv": [1.125, 2.5, 2.625, 2.625], "texture": "#voxels_atlas"},
				"west": {"uv": [5.875, 1.375, 6, 1.5], "texture": "#voxels_atlas"},
				"up": {"uv": [12.125, 13.25, 13.625, 13.125], "texture": "#voxels_atlas"},
				"down": {"uv": [1.125, 2.625, 2.625, 2.75], "texture": "#voxels_atlas"}
			}
		},
		{
			"name": "Voxels",
			"from": [4.6452, 8.2581, 10.8387],
			"to": [10.83875, 8.77423, 11.35483],
			"faces": {
				"north": {"uv": [2.625, 3.125, 1.125, 3.25], "texture": "#voxels_atlas"},
				"east": {"uv": [9, 9.875, 8.875, 10], "texture": "#voxels_atlas"},
				"south": {"uv": [14.5, 11.125, 16, 11.25], "texture": "#voxels_atlas"},
				"west": {"uv": [5.875, 2.125, 6, 2.25], "texture": "#voxels_atlas"},
				"up": {"uv": [1.125, 3.125, 2.625, 3], "texture": "#voxels_atlas"},
				"down": {"uv": [1.125, 2.875, 2.625, 3], "texture": "#voxels_atlas"}
			}
		},
		{
			"name": "Voxels",
			"from": [4.6452, 8.7742, 5.6774],
			"to": [5.67746, 9.29033, 6.70966],
			"faces": {
				"north": {"uv": [8.25, 10.25, 8, 10.375], "texture": "#voxels_atlas"},
				"east": {"uv": [7.5, 10.25, 7.25, 10.375], "texture": "#voxels_atlas"},
				"south": {"uv": [7.75, 10.25, 8, 10.375], "texture": "#voxels_atlas"},
				"west": {"uv": [7.5, 10.25, 7.75, 10.375], "texture": "#voxels_atlas"},
				"up": {"uv": [15.75, 12.375, 16, 12.125], "texture": "#voxels_atlas"},
				"down": {"uv": [2.375, 9.375, 2.625, 9.625], "texture": "#voxels_atlas"}
			}
		},
		{
			"name": "Voxels",
			"from": [4.6452, 8.7742, 8.7742],
			"to": [5.67746, 9.29033, 9.80646],
			"faces": {
				"north": {"uv": [7.25, 10.25, 7, 10.375], "texture": "#voxels_atlas"},
				"east": {"uv": [6.5, 10.25, 6.25, 10.375], "texture": "#voxels_atlas"},
				"south": {"uv": [6.75, 10.25, 7, 10.375], "texture": "#voxels_atlas"},
				"west": {"uv": [6.5, 10.25, 6.75, 10.375], "texture": "#voxels_atlas"},
				"up": {"uv": [4.625, 3.5, 4.875, 3.25], "texture": "#voxels_atlas"},
				"down": {"uv": [4.625, 3.5, 4.875, 3.75], "texture": "#voxels_atlas"}
			}
		},
		{
			"name": "Voxels",
			"from": [4.6452, 9.2903, 6.7097],
			"to": [6.19359, 9.80643, 7.22583],
			"faces": {
				"north": {"uv": [14.5, 10.5, 14.125, 10.625], "texture": "#voxels_atlas"},
				"east": {"uv": [7.375, 9.875, 7.25, 10], "texture": "#voxels_atlas"},
				"south": {"uv": [14.125, 10.625, 14.5, 10.75], "texture": "#voxels_atlas"},
				"west": {"uv": [7.375, 9.875, 7.5, 10], "texture": "#voxels_atlas"},
				"up": {"uv": [14.125, 10.5, 14.5, 10.375], "texture": "#voxels_atlas"},
				"down": {"uv": [14.5, 10.625, 14.875, 10.75], "texture": "#voxels_atlas"}
			}
		},
		{
			"name": "Voxels",
			"from": [4.6452, 9.2903, 8.2581],
			"to": [6.19359, 9.80643, 8.77423],
			"faces": {
				"north": {"uv": [11.125, 10.375, 10.75, 10.5], "texture": "#voxels_atlas"},
				"east": {"uv": [6, 8.75, 5.875, 8.875], "texture": "#voxels_atlas"},
				"south": {"uv": [10.375, 10.375, 10.75, 10.5], "texture": "#voxels_atlas"},
				"west": {"uv": [5.875, 7.375, 6, 7.5], "texture": "#voxels_atlas"},
				"up": {"uv": [11.125, 10.75, 11.5, 10.625], "texture": "#voxels_atlas"},
				"down": {"uv": [12.25, 10.625, 12.625, 10.75], "texture": "#voxels_atlas"}
			}
		},
		{
			"name": "Voxels",
			"from": [5.1613, 0, 2.5806],
			"to": [10.32259, 3.09677, 3.09673],
			"faces": {
				"north": {"uv": [9.375, 13.125, 8.125, 13.875], "texture": "#voxels_atlas"},
				"east": {"uv": [5.375, 10.25, 5.25, 11], "texture": "#voxels_atlas"},
				"south": {"uv": [9.375, 13.125, 10.625, 13.875], "texture": "#voxels_atlas"},
				"west": {"uv": [5.125, 0.75, 5.25, 1.5], "texture": "#voxels_atlas"},
				"up": {"uv": [2.875, 3.75, 4.125, 3.625], "texture": "#voxels_atlas"},
				"down": {"uv": [2.875, 3.75, 4.125, 3.875], "texture": "#voxels_atlas"}
			}
		},
		{
			"name": "Voxels",
			"from": [5.1613, 0, 12.3871],
			"to": [10.32259, 3.09677, 12.90323],
			"faces": {
				"east": {"uv": [5.375, 6.5, 5.25, 7.25], "texture": "#voxels_atlas"},
				"south": {"uv": [14.625, 14, 15.875, 14.75], "texture": "#voxels_atlas"},
				"west": {"uv": [5.25, 9.5, 5.375, 10.25], "texture": "#voxels_atlas"},
				"up": {"uv": [2.875, 3.5, 4.125, 3.375], "texture": "#voxels_atlas"},
				"down": {"uv": [2.875, 3.5, 4.125, 3.625], "texture": "#voxels_atlas"}
			}
		},
		{
			"name": "Voxels",
			"from": [5.1613, 5.6774, 3.0968],
			"to": [10.32259, 6.70966, 3.61293],
			"faces": {
				"north": {"uv": [2.375, 9.125, 1.125, 9.375], "texture": "#voxels_atlas"},
				"east": {"uv": [5.875, 1.25, 5.75, 1.5], "texture": "#voxels_atlas"},
				"west": {"uv": [5.75, 0.5, 5.875, 0.75], "texture": "#voxels_atlas"},
				"up": {"uv": [2.625, 3.25, 3.875, 3.125], "texture": "#voxels_atlas"}
			}
		},
		{
			"name": "Voxels",
			"from": [5.1613, 5.6774, 11.871],
			"to": [10.32259, 6.70966, 12.38713],
			"faces": {
				"north": {"uv": [2.375, 9.625, 1.125, 9.875], "texture": "#voxels_atlas"},
				"east": {"uv": [5.875, 7.5, 5.75, 7.75], "texture": "#voxels_atlas"},
				"south": {"uv": [1.125, 9.375, 2.375, 9.625], "texture": "#voxels_atlas"},
				"west": {"uv": [5.75, 1.5, 5.875, 1.75], "texture": "#voxels_atlas"},
				"up": {"uv": [2.75, 6, 4, 5.875], "texture": "#voxels_atlas"}
			}
		},
		{
			"name": "Voxels",
			"from": [5.1613, 8.7742, 5.1613],
			"to": [6.19356, 9.29033, 5.67743],
			"faces": {
				"north": {"uv": [12.25, 10.25, 12, 10.375], "texture": "#voxels_atlas"},
				"east": {"uv": [6, 4.25, 5.875, 4.375], "texture": "#voxels_atlas"},
				"south": {"uv": [15.5, 10.25, 15.75, 10.375], "texture": "#voxels_atlas"},
				"west": {"uv": [10.375, 9.875, 10.5, 10], "texture": "#voxels_atlas"},
				"up": {"uv": [11.75, 10.375, 12, 10.25], "texture": "#voxels_atlas"}
			}
		},
		{
			"name": "Voxels",
			"from": [5.1613, 8.7742, 9.8065],
			"to": [6.19356, 9.29033, 10.32263],
			"faces": {
				"north": {"uv": [7.875, 10.125, 7.625, 10.25], "texture": "#voxels_atlas"},
				"east": {"uv": [6, 5.75, 5.875, 5.875], "texture": "#voxels_atlas"},
				"south": {"uv": [7.375, 10.125, 7.625, 10.25], "texture": "#voxels_atlas"},
				"west": {"uv": [5.875, 4.875, 6, 5], "texture": "#voxels_atlas"},
				"up": {"uv": [8.875, 10.25, 9.125, 10.125], "texture": "#voxels_atlas"},
				"down": {"uv": [9.125, 10.125, 9.375, 10.25], "texture": "#voxels_atlas"}
			}
		},
		{
			"name": "Voxels",
			"from": [5.1613, 9.2903, 6.1935],
			"to": [6.19356, 9.80643, 6.70963],
			"faces": {
				"north": {"uv": [7.375, 10, 7.125, 10.125], "texture": "#voxels_atlas"},
				"east": {"uv": [11.375, 9.875, 11.25, 10], "texture": "#voxels_atlas"},
				"south": {"uv": [7.375, 10, 7.625, 10.125], "texture": "#voxels_atlas"},
				"west": {"uv": [11.125, 9.875, 11.25, 10], "texture": "#voxels_atlas"},
				"up": {"uv": [6.875, 10.125, 7.125, 10], "texture": "#voxels_atlas"},
				"down": {"uv": [6.625, 10, 6.875, 10.125], "texture": "#voxels_atlas"}
			}
		},
		{
			"name": "Voxels",
			"from": [5.1613, 9.2903, 7.2258],
			"to": [5.67743, 11.35482, 8.25806],
			"faces": {
				"north": {"uv": [2.625, 5, 2.5, 5.5], "texture": "#voxels_atlas"},
				"east": {"uv": [2.5, 5, 2.25, 5.5], "texture": "#voxels_atlas"},
				"south": {"uv": [2.5, 5.875, 2.625, 6.375], "texture": "#voxels_atlas"},
				"west": {"uv": [4.25, 5.125, 4.5, 5.625], "texture": "#voxels_atlas"},
				"down": {"uv": [5.625, 3.375, 5.75, 3.625], "texture": "#voxels_atlas"}
			}
		},
		{
			"name": "Voxels",
			"from": [5.1613, 9.2903, 8.7742],
			"to": [6.19356, 9.80643, 9.29033],
			"faces": {
				"east": {"uv": [10.625, 9.875, 10.5, 10], "texture": "#voxels_atlas"},
				"south": {"uv": [11.875, 10, 12.125, 10.125], "texture": "#voxels_atlas"},
				"west": {"uv": [11, 9.875, 11.125, 10], "texture": "#voxels_atlas"},
				"up": {"uv": [14, 10.375, 14.25, 10.25], "texture": "#voxels_atlas"},
				"down": {"uv": [13.75, 10.25, 14, 10.375], "texture": "#voxels_atlas"}
			}
		},
		{
			"name": "Voxels",
			"from": [5.1613, 9.8065, 6.7097],
			"to": [10.32259, 10.32263, 7.22583],
			"faces": {
				"north": {"uv": [4, 5.25, 2.75, 5.375], "texture": "#voxels_atlas"},
				"east": {"uv": [6, 4.75, 5.875, 4.875], "texture": "#voxels_atlas"},
				"south": {"uv": [2.75, 4.875, 4, 5], "texture": "#voxels_atlas"},
				"west": {"uv": [5.875, 4.375, 6, 4.5], "texture": "#voxels_atlas"},
				"up": {"uv": [2.75, 5.5, 4, 5.375], "texture": "#voxels_atlas"},
				"down": {"uv": [2.75, 5.75, 4, 5.875], "texture": "#voxels_atlas"}
			}
		},
		{
			"name": "Voxels",
			"from": [5.1613, 9.8065, 8.2581],
			"to": [10.32259, 10.32263, 8.77423],
			"faces": {
				"north": {"uv": [4.125, 4.5, 2.875, 4.625], "texture": "#voxels_atlas"},
				"east": {"uv": [6, 6, 5.875, 6.125], "texture": "#voxels_atlas"},
				"south": {"uv": [2.875, 4.375, 4.125, 4.5], "texture": "#voxels_atlas"},
				"west": {"uv": [5.875, 5.875, 6, 6], "texture": "#voxels_atlas"},
				"up": {"uv": [2.875, 4.75, 4.125, 4.625], "texture": "#voxels_atlas"},
				"down": {"uv": [2.75, 4.75, 4, 4.875], "texture": "#voxels_atlas"}
			}
		},
		{
			"name": "Voxels",
			"from": [5.6774, 3.0968, 2.5806],
			"to": [9.80643, 3.61293, 3.09673],
			"faces": {
				"north": {"uv": [4.875, 0.625, 3.875, 0.75], "texture": "#voxels_atlas"},
				"east": {"uv": [6, 6.25, 5.875, 6.375], "texture": "#voxels_atlas"},
				"south": {"uv": [3.875, 0.75, 4.875, 0.875], "texture": "#voxels_atlas"},
				"west": {"uv": [5.875, 6.125, 6, 6.25], "texture": "#voxels_atlas"},
				"up": {"uv": [3.875, 0.625, 4.875, 0.5], "texture": "#voxels_atlas"},
				"down": {"uv": [3.875, 0.375, 4.875, 0.5], "texture": "#voxels_atlas"}
			}
		},
		{
			"name": "Voxels",
			"from": [5.6774, 3.0968, 12.3871],
			"to": [9.80643, 3.61293, 12.90323],
			"faces": {
				"east": {"uv": [6, 6.5, 5.875, 6.625], "texture": "#voxels_atlas"},
				"south": {"uv": [3.375, 1.375, 4.375, 1.5], "texture": "#voxels_atlas"},
				"west": {"uv": [5.875, 6.375, 6, 6.5], "texture": "#voxels_atlas"},
				"up": {"uv": [3.375, 1.125, 4.375, 1], "texture": "#voxels_atlas"},
				"down": {"uv": [3.875, 0.875, 4.875, 1], "texture": "#voxels_atlas"}
			}
		},
		{
			"name": "Voxels",
			"from": [5.6774, 6.7097, 3.0968],
			"to": [10.32256, 7.22583, 3.61293],
			"faces": {
				"north": {"uv": [3.875, 3, 2.75, 3.125], "texture": "#voxels_atlas"},
				"east": {"uv": [6, 6.75, 5.875, 6.875], "texture": "#voxels_atlas"},
				"west": {"uv": [5.875, 6.625, 6, 6.75], "texture": "#voxels_atlas"},
				"up": {"uv": [2.875, 3, 4, 2.875], "texture": "#voxels_atlas"},
				"down": {"uv": [3.125, 2.25, 4.25, 2.375], "texture": "#voxels_atlas"}
			}
		},
		{
			"name": "Voxels",
			"from": [5.6774, 6.7097, 11.871],
			"to": [10.32256, 7.22583, 12.38713],
			"faces": {
				"north": {"uv": [4, 2.625, 2.875, 2.75], "texture": "#voxels_atlas"},
				"east": {"uv": [6, 7.75, 5.875, 7.875], "texture": "#voxels_atlas"},
				"south": {"uv": [2.875, 2.75, 4, 2.875], "texture": "#voxels_atlas"},
				"west": {"uv": [5.875, 6.875, 6, 7], "texture": "#voxels_atlas"},
				"up": {"uv": [2.875, 2.625, 4, 2.5], "texture": "#voxels_atlas"},
				"down": {"uv": [14.875, 11.375, 16, 11.5], "texture": "#voxels_atlas"}
			}
		},
		{
			"name": "Voxels",
			"from": [5.6774, 7.2258, 3.0968],
			"to": [9.80643, 8.25806, 3.61293],
			"faces": {
				"north": {"uv": [1, 2.875, 0, 3.125], "texture": "#voxels_atlas"},
				"east": {"uv": [5.875, 7.25, 5.75, 7.5], "texture": "#voxels_atlas"},
				"south": {"uv": [0, 3.375, 1, 3.625], "texture": "#voxels_atlas"},
				"west": {"uv": [5.75, 7, 5.875, 7.25], "texture": "#voxels_atlas"},
				"up": {"uv": [3.875, 3.125, 4.875, 3], "texture": "#voxels_atlas"}
			}
		},
		{
			"name": "Voxels",
			"from": [5.6774, 7.2258, 11.871],
			"to": [9.80643, 8.25806, 12.38713],
			"faces": {
				"north": {"uv": [1, 2.625, 0, 2.875], "texture": "#voxels_atlas"},
				"east": {"uv": [5.875, 8.5, 5.75, 8.75], "texture": "#voxels_atlas"},
				"south": {"uv": [0, 3.125, 1, 3.375], "texture": "#voxels_atlas"},
				"west": {"uv": [5.75, 7.75, 5.875, 8], "texture": "#voxels_atlas"},
				"up": {"uv": [3.375, 2.125, 4.375, 2], "texture": "#voxels_atlas"}
			}
		},
		{
			"name": "Voxels",
			"from": [5.6774, 8.2581, 3.6129],
			"to": [9.80643, 8.77423, 4.12903],
			"faces": {
				"north": {"uv": [4.375, 1.625, 3.375, 1.75], "texture": "#voxels_atlas"},
				"east": {"uv": [6, 8.25, 5.875, 8.375], "texture": "#voxels_atlas"},
				"west": {"uv": [5.875, 8.125, 6, 8.25], "texture": "#voxels_atlas"},
				"up": {"uv": [3.375, 1.875, 4.375, 1.75], "texture": "#voxels_atlas"},
				"down": {"uv": [3.375, 1.875, 4.375, 2], "texture": "#voxels_atlas"}
			}
		},
		{
			"name": "Voxels",
			"from": [5.6774, 8.2581, 6.7097],
			"to": [6.19353, 9.29036, 7.22583],
			"faces": {
				"north": {"uv": [5.875, 10, 5.75, 10.25], "texture": "#voxels_atlas"},
				"east": {"uv": [5.75, 0.625, 5.625, 0.875], "texture": "#voxels_atlas"},
				"south": {"uv": [5.625, 0.125, 5.75, 0.375], "texture": "#voxels_atlas"},
				"west": {"uv": [5.625, 0.375, 5.75, 0.625], "texture": "#voxels_atlas"},
				"down": {"uv": [5.875, 8.375, 6, 8.5], "texture": "#voxels_atlas"}
			}
		},
		{
			"name": "Voxels",
			"from": [5.6774, 8.2581, 8.2581],
			"to": [6.19353, 9.29036, 8.77423],
			"faces": {
				"north": {"uv": [5.75, 1.625, 5.625, 1.875], "texture": "#voxels_atlas"},
				"east": {"uv": [5.75, 2.375, 5.625, 2.625], "texture": "#voxels_atlas"},
				"south": {"uv": [5.625, 1.875, 5.75, 2.125], "texture": "#voxels_atlas"},
				"west": {"uv": [5.625, 2.125, 5.75, 2.375], "texture": "#voxels_atlas"},
				"down": {"uv": [5.875, 8.625, 6, 8.75], "texture": "#voxels_atlas"}
			}
		},
		{
			"name": "Voxels",
			"from": [5.6774, 8.2581, 9.8065],
			"to": [6.19353, 8.77423, 10.83876],
			"faces": {
				"north": {"uv": [16, 10, 15.875, 10.125], "texture": "#voxels_atlas"},
				"east": {"uv": [10, 10.25, 9.75, 10.375], "texture": "#voxels_atlas"},
				"west": {"uv": [10, 10.25, 10.25, 10.375], "texture": "#voxels_atlas"},
				"down": {"uv": [5.625, 2.625, 5.75, 2.875], "texture": "#voxels_atlas"}
			}
		},
		{
			"name": "Voxels",
			"from": [5.6774, 8.2581, 11.3548],
			"to": [9.80643, 8.77423, 11.87093],
			"faces": {
				"east": {"uv": [15.375, 10, 15.25, 10.125], "texture": "#voxels_atlas"},
				"south": {"uv": [5.25, 11, 6.25, 11.125], "texture": "#voxels_atlas"},
				"west": {"uv": [15.375, 10, 15.5, 10.125], "texture": "#voxels_atlas"},
				"up": {"uv": [3.875, 0.25, 4.875, 0.125], "texture": "#voxels_atlas"},
				"down": {"uv": [3.875, 0.25, 4.875, 0.375], "texture": "#voxels_atlas"}
			}
		},
		{
			"name": "Voxels",
			"from": [5.6774, 8.7742, 4.6452],
			"to": [9.80643, 9.29033, 5.16133],
			"faces": {
				"north": {"uv": [9.25, 11, 8.25, 11.125], "texture": "#voxels_atlas"},
				"east": {"uv": [14.875, 10, 14.75, 10.125], "texture": "#voxels_atlas"},
				"south": {"uv": [3.375, 1.25, 4.375, 1.375], "texture": "#voxels_atlas"},
				"west": {"uv": [14.875, 10, 15, 10.125], "texture": "#voxels_atlas"},
				"up": {"uv": [7.25, 11.125, 8.25, 11], "texture": "#voxels_atlas"}
			}
		},
		{
			"name": "Voxels",
			"from": [5.6774, 8.7742, 10.3226],
			"to": [9.80643, 9.29033, 10.83873],
			"faces": {
				"north": {"uv": [11.25, 11, 10.25, 11.125], "texture": "#voxels_atlas"},
				"east": {"uv": [14.625, 10, 14.5, 10.125], "texture": "#voxels_atlas"},
				"south": {"uv": [11.25, 11, 12.25, 11.125], "texture": "#voxels_atlas"},
				"west": {"uv": [14.625, 10, 14.75, 10.125], "texture": "#voxels_atlas"},
				"up": {"uv": [9.25, 11.125, 10.25, 11], "texture": "#voxels_atlas"}
			}
		},
		{
			"name": "Voxels",
			"from": [5.6774, 9.2903, 5.6774],
			"to": [6.70966, 9.80643, 6.19353],
			"faces": {
				"north": {"uv": [6.25, 10.25, 6, 10.375], "texture": "#voxels_atlas"},
				"east": {"uv": [6.5, 9.875, 6.375, 10], "texture": "#voxels_atlas"},
				"south": {"uv": [5.75, 10.25, 6, 10.375], "texture": "#voxels_atlas"},
				"west": {"uv": [6.5, 9.875, 6.625, 10], "texture": "#voxels_atlas"},
				"up": {"uv": [14.375, 10.25, 14.625, 10.125], "texture": "#voxels_atlas"},
				"down": {"uv": [15.625, 10.125, 15.875, 10.25], "texture": "#voxels_atlas"}
			}
		},
		{
			"name": "Voxels",
			"from": [5.6774, 9.2903, 9.2903],
			"to": [6.70966, 9.80643, 9.80643],
			"faces": {
				"north": {"uv": [6.375, 10, 6.125, 10.125], "texture": "#voxels_atlas"},
				"east": {"uv": [6, 5.5, 5.875, 5.625], "texture": "#voxels_atlas"},
				"south": {"uv": [6.375, 10.125, 6.625, 10.25], "texture": "#voxels_atlas"},
				"west": {"uv": [5.875, 5.25, 6, 5.375], "texture": "#voxels_atlas"},
				"up": {"uv": [12.625, 10.125, 12.875, 10], "texture": "#voxels_atlas"},
				"down": {"uv": [12.875, 10, 13.125, 10.125], "texture": "#voxels_atlas"}
			}
		},
		{
			"name": "Voxels",
			"from": [5.6774, 9.8065, 6.1935],
			"to": [9.2903, 10.32263, 6.70963],
			"faces": {
				"north": {"uv": [4.875, 2.875, 4, 3], "texture": "#voxels_atlas"},
				"east": {"uv": [6, 7.25, 5.875, 7.375], "texture": "#voxels_atlas"},
				"south": {"uv": [4, 5.75, 4.875, 5.875], "texture": "#voxels_atlas"},
				"west": {"uv": [5.875, 7.125, 6, 7.25], "texture": "#voxels_atlas"},
				"up": {"uv": [4, 2.75, 4.875, 2.625], "texture": "#voxels_atlas"},
				"down": {"uv": [13.25, 11, 14.125, 11.125], "texture": "#voxels_atlas"}
			}
		},
		{
			"name": "Voxels",
			"from": [5.6774, 9.8065, 7.2258],
			"to": [6.70966, 11.35489, 8.25806],
			"faces": {
				"north": {"uv": [6.625, 10.375, 6.375, 10.75], "texture": "#voxels_atlas"},
				"east": {"uv": [5.25, 1.5, 5, 1.875], "texture": "#voxels_atlas"},
				"south": {"uv": [0.875, 0, 1.125, 0.375], "texture": "#voxels_atlas"},
				"down": {"uv": [2.375, 1.25, 2.625, 1.5], "texture": "#voxels_atlas"}
			}
		},
		{
			"name": "Voxels",
			"from": [5.6774, 9.8065, 8.7742],
			"to": [9.2903, 10.32263, 9.29033],
			"faces": {
				"east": {"uv": [6, 5.625, 5.875, 5.75], "texture": "#voxels_atlas"},
				"south": {"uv": [4, 5.875, 4.875, 6], "texture": "#voxels_atlas"},
				"west": {"uv": [5.875, 7, 6, 7.125], "texture": "#voxels_atlas"},
				"up": {"uv": [4, 2.625, 4.875, 2.5], "texture": "#voxels_atlas"},
				"down": {"uv": [4, 2.75, 4.875, 2.875], "texture": "#voxels_atlas"}
			}
		},
		{
			"name": "Voxels",
			"from": [6.1935, 3.6129, 2.5806],
			"to": [9.29027, 4.64516, 3.09673],
			"faces": {
				"north": {"uv": [0.875, 0.125, 0.125, 0.375], "texture": "#voxels_atlas"},
				"east": {"uv": [5.875, 0.75, 5.75, 1], "texture": "#voxels_atlas"},
				"south": {"uv": [1.875, 3.75, 2.625, 4], "texture": "#voxels_atlas"},
				"west": {"uv": [5.75, 1, 5.875, 1.25], "texture": "#voxels_atlas"},
				"up": {"uv": [8, 11, 8.75, 10.875], "texture": "#voxels_atlas"}
			}
		},
		{
			"name": "Voxels",
			"from": [6.1935, 3.6129, 12.3871],
			"to": [9.29027, 4.64516, 12.90323],
			"faces": {
				"east": {"uv": [5.875, 0, 5.75, 0.25], "texture": "#voxels_atlas"},
				"south": {"uv": [1.875, 4, 2.625, 4.25], "texture": "#voxels_atlas"},
				"west": {"uv": [5.75, 0.25, 5.875, 0.5], "texture": "#voxels_atlas"},
				"up": {"uv": [7.25, 11, 8, 10.875], "texture": "#voxels_atlas"}
			}
		},
		{
			"name": "Voxels",
			"from": [6.1935, 8.2581, 10.3226],
			"to": [11.35479, 8.77423, 10.83873],
			"faces": {
				"north": {"uv": [4.125, 4, 2.875, 4.125], "texture": "#voxels_atlas"},
				"east": {"uv": [10.375, 9.875, 10.25, 10], "texture": "#voxels_atlas"},
				"south": {"uv": [2.875, 3.875, 4.125, 4], "texture": "#voxels_atlas"},
				"up": {"uv": [2.875, 4.25, 4.125, 4.125], "texture": "#voxels_atlas"},
				"down": {"uv": [2.875, 4.25, 4.125, 4.375], "texture": "#voxels_atlas"}
			}
		},
		{
			"name": "Voxels",
			"from": [6.1935, 9.2903, 5.1613],
			"to": [9.29027, 9.80643, 5.67743],
			"faces": {
				"north": {"uv": [15.625, 11, 14.875, 11.125], "texture": "#voxels_atlas"},
				"east": {"uv": [12.125, 9.875, 12, 10], "texture": "#voxels_atlas"},
				"south": {"uv": [14.125, 11, 14.875, 11.125], "texture": "#voxels_atlas"},
				"west": {"uv": [11.875, 9.875, 12, 10], "texture": "#voxels_atlas"},
				"up": {"uv": [5.75, 11, 6.5, 10.875], "texture": "#voxels_atlas"},
				"down": {"uv": [5.75, 10.75, 6.5, 10.875], "texture": "#voxels_atlas"}
			}
		},
		{
			"name": "Voxels",
			"from": [6.1935, 9.2903, 9.8065],
			"to": [9.29027, 9.80643, 10.32263],
			"faces": {
				"north": {"uv": [4.875, 4.25, 4.125, 4.375], "texture": "#voxels_atlas"},
				"east": {"uv": [14.5, 10, 14.375, 10.125], "texture": "#voxels_atlas"},
				"south": {"uv": [4.125, 4.375, 4.875, 4.5], "texture": "#voxels_atlas"},
				"west": {"uv": [14.25, 10, 14.375, 10.125], "texture": "#voxels_atlas"},
				"up": {"uv": [4.125, 4.25, 4.875, 4.125], "texture": "#voxels_atlas"},
				"down": {"uv": [4.125, 4, 4.875, 4.125], "texture": "#voxels_atlas"}
			}
		},
		{
			"name": "Voxels",
			"from": [6.1935, 9.8065, 5.6774],
			"to": [8.25802, 10.32263, 6.19353],
			"faces": {
				"north": {"uv": [4.875, 7.75, 4.375, 7.875], "texture": "#voxels_atlas"},
				"east": {"uv": [15.25, 10, 15.125, 10.125], "texture": "#voxels_atlas"},
				"west": {"uv": [15, 10, 15.125, 10.125], "texture": "#voxels_atlas"},
				"up": {"uv": [4.375, 8.125, 4.875, 8], "texture": "#voxels_atlas"},
				"down": {"uv": [4.375, 8.125, 4.875, 8.25], "texture": "#voxels_atlas"}
			}
		},
		{
			"name": "Voxels",
			"from": [6.1935, 9.8065, 9.2903],
			"to": [8.25802, 10.32263, 9.80643],
			"faces": {
				"east": {"uv": [15.75, 10, 15.625, 10.125], "texture": "#voxels_atlas"},
				"south": {"uv": [4.375, 6.625, 4.875, 6.75], "texture": "#voxels_atlas"},
				"west": {"uv": [15.5, 10, 15.625, 10.125], "texture": "#voxels_atlas"},
				"up": {"uv": [4.375, 7.125, 4.875, 7], "texture": "#voxels_atlas"},
				"down": {"uv": [4.375, 7.5, 4.875, 7.625], "texture": "#voxels_atlas"}
			}
		},
		{
			"name": "Voxels",
			"from": [6.7097, 0, 2.0645],
			"to": [8.77422, 3.09677, 2.58063],
			"faces": {
				"north": {"uv": [1.125, 8.5, 0.625, 9.25], "texture": "#voxels_atlas"},
				"east": {"uv": [5.125, 0, 5, 0.75], "texture": "#voxels_atlas"},
				"west": {"uv": [5.125, 0, 5.25, 0.75], "texture": "#voxels_atlas"},
				"up": {"uv": [4.375, 6.5, 4.875, 6.375], "texture": "#voxels_atlas"},
				"down": {"uv": [4.375, 6.5, 4.875, 6.625], "texture": "#voxels_atlas"}
			}
		},
		{
			"name": "Voxels",
			"from": [6.7097, 0, 12.9032],
			"to": [8.77422, 3.09677, 13.41933],
			"faces": {
				"east": {"uv": [2.875, 0, 2.75, 0.75], "texture": "#voxels_atlas"},
				"south": {"uv": [0.625, 9.375, 1.125, 10.125], "texture": "#voxels_atlas"},
				"west": {"uv": [5, 0.75, 5.125, 1.5], "texture": "#voxels_atlas"},
				"up": {"uv": [14.25, 11, 14.75, 10.875], "texture": "#voxels_atlas"},
				"down": {"uv": [13.75, 10.75, 14.25, 10.875], "texture": "#voxels_atlas"}
			}
		},
		{
			"name": "Voxels",
			"from": [6.7097, 4.6452, 2.5806],
			"to": [8.77422, 5.67746, 3.09673],
			"faces": {
				"north": {"uv": [2.625, 5.625, 2.125, 5.875], "texture": "#voxels_atlas"},
				"east": {"uv": [5.875, 9.25, 5.75, 9.5], "texture": "#voxels_atlas"},
				"south": {"uv": [4.125, 3.25, 4.625, 3.5], "texture": "#voxels_atlas"},
				"west": {"uv": [5.75, 9.5, 5.875, 9.75], "texture": "#voxels_atlas"},
				"up": {"uv": [15.25, 10.875, 15.75, 10.75], "texture": "#voxels_atlas"},
				"down": {"uv": [15.25, 10.875, 15.75, 11], "texture": "#voxels_atlas"}
			}
		},
		{
			"name": "Voxels",
			"from": [6.7097, 4.6452, 12.3871],
			"to": [8.77422, 5.67746, 12.90323],
			"faces": {
				"east": {"uv": [5.875, 8, 5.75, 8.25], "texture": "#voxels_atlas"},
				"south": {"uv": [4.125, 3.75, 4.625, 4], "texture": "#voxels_atlas"},
				"west": {"uv": [5.75, 8.25, 5.875, 8.5], "texture": "#voxels_atlas"},
				"up": {"uv": [7.125, 10.75, 7.625, 10.625], "texture": "#voxels_atlas"},
				"down": {"uv": [6.625, 10.625, 7.125, 10.75], "texture": "#voxels_atlas"}
			}
		},
		{
			"name": "Voxels",
			"from": [6.7097, 8.7742, 4.129],
			"to": [8.77422, 9.29033, 4.64513],
			"faces": {
				"north": {"uv": [4.75, 2.125, 4.25, 2.25], "texture": "#voxels_atlas"},
				"east": {"uv": [6, 7.875, 5.875, 8], "texture": "#voxels_atlas"},
				"south": {"uv": [4.375, 6.75, 4.875, 6.875], "texture": "#voxels_atlas"},
				"west": {"uv": [5.875, 8, 6, 8.125], "texture": "#voxels_atlas"},
				"up": {"uv": [8.125, 10.75, 8.625, 10.625], "texture": "#voxels_atlas"}
			}
		},
		{
			"name": "Voxels",
			"from": [6.7097, 8.7742, 10.8387],
			"to": [8.77422, 9.29033, 11.35483],
			"faces": {
				"east": {"uv": [6, 7.5, 5.875, 7.625], "texture": "#voxels_atlas"},
				"south": {"uv": [8.625, 10.5, 9.125, 10.625], "texture": "#voxels_atlas"},
				"west": {"uv": [5.875, 7.625, 6, 7.75], "texture": "#voxels_atlas"},
				"up": {"uv": [4.375, 7.375, 4.875, 7.25], "texture": "#voxels_atlas"}
			}
		},
		{
			"name": "Voxels",
			"from": [6.7097, 10.3226, 7.2258],
			"to": [13.93551, 11.35486, 8.25806],
			"faces": {
				"north": {"uv": [10.75, 11.625, 9, 11.875], "texture": "#voxels_atlas"},
				"east": {"uv": [7.875, 10.375, 7.625, 10.625], "texture": "#voxels_atlas"},
				"south": {"uv": [11.25, 14.75, 13, 15], "texture": "#voxels_atlas"},
				"west": {"uv": [7.875, 10.375, 8.125, 10.625], "texture": "#voxels_atlas"},
				"down": {"uv": [9.25, 14.75, 11, 15], "texture": "#voxels_atlas"}
			}
		},
		{
			"name": "Voxels",
			"from": [7.2258, 3.0968, 2.0645],
			"to": [8.25806, 4.12906, 2.58063],
			"faces": {
				"north": {"uv": [7.625, 10.375, 7.375, 10.625], "texture": "#voxels_atlas"},
				"east": {"uv": [5.875, 4.25, 5.75, 4.5], "texture": "#voxels_atlas"},
				"west": {"uv": [5.75, 4.5, 5.875, 4.75], "texture": "#voxels_atlas"},
				"up": {"uv": [13, 10.375, 13.25, 10.25], "texture": "#voxels_atlas"},
				"down": {"uv": [12.75, 10.25, 13, 10.375], "texture": "#voxels_atlas"}
			}
		},
		{
			"name": "Voxels",
			"from": [7.2258, 3.0968, 12.9032],
			"to": [8.25806, 4.12906, 13.41933],
			"faces": {
				"east": {"uv": [5.875, 3.75, 5.75, 4], "texture": "#voxels_atlas"},
				"south": {"uv": [15, 10.75, 15.25, 11], "texture": "#voxels_atlas"},
				"west": {"uv": [5.75, 4, 5.875, 4.25], "texture": "#voxels_atlas"},
				"up": {"uv": [13.5, 10.375, 13.75, 10.25], "texture": "#voxels_atlas"},
				"down": {"uv": [13.25, 10.25, 13.5, 10.375], "texture": "#voxels_atlas"}
			}
		},
		{
			"name": "Voxels",
			"from": [7.2258, 5.6774, 2.5806],
			"to": [8.25806, 6.70966, 3.09673],
			"faces": {
				"north": {"uv": [15, 10.75, 14.75, 11], "texture": "#voxels_atlas"},
				"east": {"uv": [5.875, 2.75, 5.75, 3], "texture": "#voxels_atlas"},
				"south": {"uv": [13.5, 10.75, 13.75, 11], "texture": "#voxels_atlas"},
				"west": {"uv": [5.75, 3, 5.875, 3.25], "texture": "#voxels_atlas"},
				"up": {"uv": [14.5, 10.375, 14.75, 10.25], "texture": "#voxels_atlas"}
			}
		},
		{
			"name": "Voxels",
			"from": [7.2258, 5.6774, 12.3871],
			"to": [8.25806, 6.70966, 12.90323],
			"faces": {
				"east": {"uv": [5.875, 1.75, 5.75, 2], "texture": "#voxels_atlas"},
				"south": {"uv": [13, 10.75, 13.25, 11], "texture": "#voxels_atlas"},
				"west": {"uv": [5.75, 2, 5.875, 2.25], "texture": "#voxels_atlas"},
				"up": {"uv": [15, 10.375, 15.25, 10.25], "texture": "#voxels_atlas"}
			}
		},
		{
			"name": "Voxels",
			"from": [8.2581, 9.2903, 5.6774],
			"to": [9.80649, 9.80643, 6.19353],
			"faces": {
				"north": {"uv": [12.25, 10.5, 11.875, 10.625], "texture": "#voxels_atlas"},
				"east": {"uv": [15.25, 9.875, 15.125, 10], "texture": "#voxels_atlas"},
				"south": {"uv": [11.875, 10.375, 12.25, 10.5], "texture": "#voxels_atlas"},
				"west": {"uv": [5.875, 5.375, 6, 5.5], "texture": "#voxels_atlas"},
				"up": {"uv": [11.125, 10.5, 11.5, 10.375], "texture": "#voxels_atlas"},
				"down": {"uv": [11.125, 10.5, 11.5, 10.625], "texture": "#voxels_atlas"}
			}
		},
		{
			"name": "Voxels",
			"from": [8.2581, 9.2903, 9.2903],
			"to": [9.80649, 9.80643, 9.80643],
			"faces": {
				"north": {"uv": [13, 10.625, 12.625, 10.75], "texture": "#voxels_atlas"},
				"east": {"uv": [6, 5, 5.875, 5.125], "texture": "#voxels_atlas"},
				"south": {"uv": [12.625, 10.5, 13, 10.625], "texture": "#voxels_atlas"},
				"west": {"uv": [5.875, 5.125, 6, 5.25], "texture": "#voxels_atlas"},
				"up": {"uv": [12.25, 10.5, 12.625, 10.375], "texture": "#voxels_atlas"},
				"down": {"uv": [12.25, 10.5, 12.625, 10.625], "texture": "#voxels_atlas"}
			}
		},
		{
			"name": "Voxels",
			"from": [9.2903, 8.2581, 5.1613],
			"to": [11.35482, 8.77423, 5.67743],
			"faces": {
				"east": {"uv": [6, 4.5, 5.875, 4.625], "texture": "#voxels_atlas"},
				"south": {"uv": [4.375, 1.125, 4.875, 1.25], "texture": "#voxels_atlas"},
				"west": {"uv": [5.875, 4.625, 6, 4.75], "texture": "#voxels_atlas"},
				"up": {"uv": [12.5, 11, 13, 10.875], "texture": "#voxels_atlas"},
				"down": {"uv": [12.5, 10.75, 13, 10.875], "texture": "#voxels_atlas"}
			}
		},
		{
			"name": "Voxels",
			"from": [9.2903, 8.2581, 9.8065],
			"to": [11.35482, 8.77423, 10.32263],
			"faces": {
				"north": {"uv": [4.875, 1.5, 4.375, 1.625], "texture": "#voxels_atlas"},
				"east": {"uv": [6, 4, 5.875, 4.125], "texture": "#voxels_atlas"},
				"south": {"uv": [4.375, 1.625, 4.875, 1.75], "texture": "#voxels_atlas"},
				"west": {"uv": [5.875, 4.125, 6, 4.25], "texture": "#voxels_atlas"},
				"up": {"uv": [4.375, 1.5, 4.875, 1.375], "texture": "#voxels_atlas"},
				"down": {"uv": [4.375, 1.25, 4.875, 1.375], "texture": "#voxels_atlas"}
			}
		},
		{
			"name": "Voxels",
			"from": [9.2903, 8.7742, 5.1613],
			"to": [10.32256, 9.29033, 5.67743],
			"faces": {
				"north": {"uv": [10.875, 10.125, 10.625, 10.25], "texture": "#voxels_atlas"},
				"east": {"uv": [6, 3.75, 5.875, 3.875], "texture": "#voxels_atlas"},
				"south": {"uv": [10.875, 10.125, 11.125, 10.25], "texture": "#voxels_atlas"},
				"west": {"uv": [5.875, 3.875, 6, 4], "texture": "#voxels_atlas"},
				"up": {"uv": [10.375, 10.25, 10.625, 10.125], "texture": "#voxels_atlas"}
			}
		},
		{
			"name": "Voxels",
			"from": [9.2903, 8.7742, 9.8065],
			"to": [10.32256, 9.29033, 10.32263],
			"faces": {
				"north": {"uv": [12.375, 10.125, 12.125, 10.25], "texture": "#voxels_atlas"},
				"east": {"uv": [6, 3.5, 5.875, 3.625], "texture": "#voxels_atlas"},
				"south": {"uv": [12.375, 10.125, 12.625, 10.25], "texture": "#voxels_atlas"},
				"west": {"uv": [5.875, 3.625, 6, 3.75], "texture": "#voxels_atlas"},
				"up": {"uv": [11.875, 10.25, 12.125, 10.125], "texture": "#voxels_atlas"}
			}
		},
		{
			"name": "Voxels",
			"from": [9.2903, 9.2903, 6.1935],
			"to": [10.32256, 9.80643, 6.70963],
			"faces": {
				"north": {"uv": [13.875, 10.125, 13.625, 10.25], "texture": "#voxels_atlas"},
				"east": {"uv": [6, 3.25, 5.875, 3.375], "texture": "#voxels_atlas"},
				"south": {"uv": [13.875, 10.125, 14.125, 10.25], "texture": "#voxels_atlas"},
				"west": {"uv": [5.875, 3.375, 6, 3.5], "texture": "#voxels_atlas"},
				"up": {"uv": [13.375, 10.25, 13.625, 10.125], "texture": "#voxels_atlas"},
				"down": {"uv": [13.125, 10.125, 13.375, 10.25], "texture": "#voxels_atlas"}
			}
		},
		{
			"name": "Voxels",
			"from": [9.2903, 9.2903, 8.7742],
			"to": [10.32256, 9.80643, 9.29033],
			"faces": {
				"north": {"uv": [15.375, 10.125, 15.125, 10.25], "texture": "#voxels_atlas"},
				"east": {"uv": [6, 3, 5.875, 3.125], "texture": "#voxels_atlas"},
				"south": {"uv": [15.375, 10.125, 15.625, 10.25], "texture": "#voxels_atlas"},
				"west": {"uv": [5.875, 3.125, 6, 3.25], "texture": "#voxels_atlas"},
				"up": {"uv": [14.875, 10.25, 15.125, 10.125], "texture": "#voxels_atlas"},
				"down": {"uv": [14.625, 10.125, 14.875, 10.25], "texture": "#voxels_atlas"}
			}
		},
		{
			"name": "Voxels",
			"from": [9.8065, 8.2581, 5.6774],
			"to": [11.35489, 8.77423, 6.19353],
			"faces": {
				"north": {"uv": [13.375, 10.5, 13, 10.625], "texture": "#voxels_atlas"},
				"east": {"uv": [6, 2.75, 5.875, 2.875], "texture": "#voxels_atlas"},
				"south": {"uv": [13, 10.375, 13.375, 10.5], "texture": "#voxels_atlas"},
				"west": {"uv": [5.875, 2.875, 6, 3], "texture": "#voxels_atlas"},
				"up": {"uv": [13, 10.75, 13.375, 10.625], "texture": "#voxels_atlas"},
				"down": {"uv": [12.625, 10.375, 13, 10.5], "texture": "#voxels_atlas"}
			}
		},
		{
			"name": "Voxels",
			"from": [9.8065, 8.2581, 9.2903],
			"to": [11.35489, 8.77423, 9.80643],
			"faces": {
				"north": {"uv": [13.75, 10.375, 13.375, 10.5], "texture": "#voxels_atlas"},
				"east": {"uv": [6, 2.5, 5.875, 2.625], "texture": "#voxels_atlas"},
				"south": {"uv": [13.75, 10.625, 14.125, 10.75], "texture": "#voxels_atlas"},
				"west": {"uv": [5.875, 2.625, 6, 2.75], "texture": "#voxels_atlas"},
				"up": {"uv": [13.375, 10.625, 13.75, 10.5], "texture": "#voxels_atlas"},
				"down": {"uv": [13.375, 10.625, 13.75, 10.75], "texture": "#voxels_atlas"}
			}
		},
		{
			"name": "Voxels",
			"from": [9.8065, 8.7742, 5.6774],
			"to": [10.83876, 9.29033, 6.19353],
			"faces": {
				"north": {"uv": [8.375, 10, 8.125, 10.125], "texture": "#voxels_atlas"},
				"east": {"uv": [9.125, 9.875, 9, 10], "texture": "#voxels_atlas"},
				"south": {"uv": [8.375, 10, 8.625, 10.125], "texture": "#voxels_atlas"},
				"west": {"uv": [5.875, 2.375, 6, 2.5], "texture": "#voxels_atlas"},
				"up": {"uv": [7.875, 10.125, 8.125, 10], "texture": "#voxels_atlas"}
			}
		},
		{
			"name": "Voxels",
			"from": [9.8065, 8.7742, 9.2903],
			"to": [10.83876, 9.29033, 9.80643],
			"faces": {
				"north": {"uv": [9.625, 10, 9.375, 10.125], "texture": "#voxels_atlas"},
				"east": {"uv": [14.5, 9.875, 14.375, 10], "texture": "#voxels_atlas"},
				"south": {"uv": [9.625, 10, 9.875, 10.125], "texture": "#voxels_atlas"},
				"west": {"uv": [11.375, 9.875, 11.5, 10], "texture": "#voxels_atlas"},
				"up": {"uv": [9.125, 10.125, 9.375, 10], "texture": "#voxels_atlas"}
			}
		},
		{
			"name": "Voxels",
			"from": [9.8065, 9.2903, 6.7097],
			"to": [10.83876, 9.80643, 7.22583],
			"faces": {
				"north": {"uv": [10.625, 10, 10.375, 10.125], "texture": "#voxels_atlas"},
				"east": {"uv": [14.875, 9.875, 14.75, 10], "texture": "#voxels_atlas"},
				"south": {"uv": [10.625, 10, 10.875, 10.125], "texture": "#voxels_atlas"},
				"west": {"uv": [14.625, 9.875, 14.75, 10], "texture": "#voxels_atlas"},
				"up": {"uv": [10.125, 10.125, 10.375, 10], "texture": "#voxels_atlas"},
				"down": {"uv": [9.875, 10, 10.125, 10.125], "texture": "#voxels_atlas"}
			}
		},
		{
			"name": "Voxels",
			"from": [9.8065, 9.2903, 8.2581],
			"to": [10.83876, 9.80643, 8.77423],
			"faces": {
				"north": {"uv": [11.625, 10, 11.375, 10.125], "texture": "#voxels_atlas"},
				"east": {"uv": [7.25, 9.875, 7.125, 10], "texture": "#voxels_atlas"},
				"south": {"uv": [11.625, 10, 11.875, 10.125], "texture": "#voxels_atlas"},
				"west": {"uv": [5.875, 0.375, 6, 0.5], "texture": "#voxels_atlas"},
				"up": {"uv": [11.125, 10.125, 11.375, 10], "texture": "#voxels_atlas"},
				"down": {"uv": [10.875, 10, 11.125, 10.125], "texture": "#voxels_atlas"}
			}
		},
		{
			"name": "Voxels",
			"from": [10.3226, 8.2581, 6.1935],
			"to": [11.87099, 8.77423, 9.29027],
			"faces": {
				"north": {"uv": [14.125, 10.5, 13.75, 10.625], "texture": "#voxels_atlas"},
				"east": {"uv": [4.875, 4.625, 4.125, 4.75], "texture": "#voxels_atlas"},
				"south": {"uv": [13.75, 10.375, 14.125, 10.5], "texture": "#voxels_atlas"},
				"west": {"uv": [4.125, 4.5, 4.875, 4.625], "texture": "#voxels_atlas"},
				"up": {"uv": [0, 5.375, 0.375, 4.625], "texture": "#voxels_atlas"},
				"down": {"uv": [0.75, 10.5, 1.125, 11.25], "texture": "#voxels_atlas"}
			}
		},
		{
			"name": "Voxels",
			"from": [10.3226, 8.7742, 6.1935],
			"to": [10.83873, 9.29033, 9.29027],
			"faces": {
				"east": {"uv": [16, 14.75, 15.25, 14.875], "texture": "#voxels_atlas"},
				"south": {"uv": [13, 9.875, 13.125, 10], "texture": "#voxels_atlas"},
				"west": {"uv": [0.125, 0, 0.875, 0.125], "texture": "#voxels_atlas"},
				"up": {"uv": [15.875, 13.875, 16, 13.125], "texture": "#voxels_atlas"}
			}
		},
		{
			"name": "Voxels",
			"from": [10.3226, 9.2903, 7.2258],
			"to": [13.9355, 10.32256, 8.25806],
			"faces": {
				"north": {"uv": [1, 1.125, 0.125, 1.375], "texture": "#voxels_atlas"},
				"east": {"uv": [11.25, 10.75, 11, 11], "texture": "#voxels_atlas"},
				"south": {"uv": [0.125, 0.375, 1, 0.625], "texture": "#voxels_atlas"},
				"west": {"uv": [11.25, 10.75, 11.5, 11], "texture": "#voxels_atlas"},
				"up": {"uv": [0.125, 1.125, 1, 0.875], "texture": "#voxels_atlas"},
				"down": {"uv": [0.125, 0.625, 1, 0.875], "texture": "#voxels_atlas"}
			}
		},
		{
			"name": "Voxels",
			"from": [10.8387, 8.7742, 6.7097],
			"to": [11.35483, 9.29033, 8.77422],
			"faces": {
				"north": {"uv": [7.75, 9.875, 7.625, 10], "texture": "#voxels_atlas"},
				"east": {"uv": [4.875, 2, 4.375, 2.125], "texture": "#voxels_atlas"},
				"south": {"uv": [8.5, 9.875, 8.625, 10], "texture": "#voxels_atlas"},
				"up": {"uv": [5.625, 6.625, 5.75, 6.125], "texture": "#voxels_atlas"}
			}
		},
		{
			"name": "Voxels",
			"from": [11.3548, 0.5161, 4.129],
			"to": [12.38706, 2.58062, 5.16126],
			"faces": {
				"north": {"uv": [4.75, 5.125, 4.5, 5.625], "texture": "#voxels_atlas"},
				"east": {"uv": [5.25, 9.625, 5, 10.125], "texture": "#voxels_atlas"},
				"south": {"uv": [5, 10.625, 5.25, 11.125], "texture": "#voxels_atlas"},
				"west": {"uv": [5, 10.125, 5.25, 10.625], "texture": "#voxels_atlas"},
				"up": {"uv": [10.5, 11, 10.75, 10.75], "texture": "#voxels_atlas"},
				"down": {"uv": [10.75, 10.75, 11, 11], "texture": "#voxels_atlas"}
			}
		},
		{
			"name": "Voxels",
			"from": [11.3548, 0.5161, 5.1613],
			"to": [12.90319, 1.03223, 5.67743],
			"faces": {
				"north": {"uv": [15.25, 10.625, 14.875, 10.75], "texture": "#voxels_atlas"},
				"east": {"uv": [13.625, 9.875, 13.5, 10], "texture": "#voxels_atlas"},
				"south": {"uv": [14.875, 10.5, 15.25, 10.625], "texture": "#voxels_atlas"},
				"west": {"uv": [13.125, 9.875, 13.25, 10], "texture": "#voxels_atlas"},
				"up": {"uv": [14.5, 10.5, 14.875, 10.375], "texture": "#voxels_atlas"}
			}
		},
		{
			"name": "Voxels",
			"from": [11.3548, 0.5161, 5.6774],
			"to": [11.87093, 8.25804, 6.19353],
			"faces": {
				"north": {"uv": [0.125, 0.125, 0, 2], "texture": "#voxels_atlas"},
				"east": {"uv": [1.25, 7.25, 1.125, 9.125], "texture": "#voxels_atlas"},
				"west": {"uv": [1.25, 7.25, 1.375, 9.125], "texture": "#voxels_atlas"},
				"up": {"uv": [14.25, 10, 14.375, 9.875], "texture": "#voxels_atlas"}
			}
		},
		{
			"name": "Voxels",
			"from": [11.3548, 0.5161, 6.1935],
			"to": [11.87093, 7.74191, 10.83866],
			"faces": {
				"east": {"uv": [1.125, 11.25, 0, 13], "texture": "#voxels_atlas"},
				"south": {"uv": [1.25, 3.75, 1.375, 5.5], "texture": "#voxels_atlas"},
				"west": {"uv": [0, 13, 1.125, 14.75], "texture": "#voxels_atlas"},
				"up": {"uv": [2.875, 1.375, 3, 0.25], "texture": "#voxels_atlas"}
			}
		},
		{
			"name": "Voxels",
			"from": [11.3548, 1.0323, 5.1613],
			"to": [11.87093, 8.25811, 5.67743],
			"faces": {
				"north": {"uv": [1.625, 5.5, 1.5, 7.25], "texture": "#voxels_atlas"},
				"east": {"uv": [1.25, 5.5, 1.125, 7.25], "texture": "#voxels_atlas"},
				"south": {"uv": [1.125, 3.75, 1.25, 5.5], "texture": "#voxels_atlas"},
				"west": {"uv": [1.375, 5.5, 1.5, 7.25], "texture": "#voxels_atlas"},
				"up": {"uv": [6.875, 10, 7, 9.875], "texture": "#voxels_atlas"},
				"down": {"uv": [6.625, 9.875, 6.75, 10], "texture": "#voxels_atlas"}
			}
		},
		{
			"name": "Voxels",
			"from": [11.3548, 2.5806, 4.129],
			"to": [11.87093, 6.1935, 5.16126],
			"faces": {
				"north": {"uv": [5.125, 4.375, 5, 5.25], "texture": "#voxels_atlas"},
				"east": {"uv": [2.25, 7.375, 2, 8.25], "texture": "#voxels_atlas"},
				"south": {"uv": [2.5, 8.25, 2.625, 9.125], "texture": "#voxels_atlas"},
				"west": {"uv": [1.75, 8.25, 2, 9.125], "texture": "#voxels_atlas"},
				"up": {"uv": [5.5, 0.375, 5.625, 0.125], "texture": "#voxels_atlas"}
			}
		},
		{
			"name": "Voxels",
			"from": [11.3548, 6.1935, 4.6452],
			"to": [11.87093, 8.25802, 5.16133],
			"faces": {
				"north": {"uv": [5.75, 8.625, 5.625, 9.125], "texture": "#voxels_atlas"},
				"east": {"uv": [1.25, 0, 1.125, 0.5], "texture": "#voxels_atlas"},
				"west": {"uv": [4.75, 5.125, 4.875, 5.625], "texture": "#voxels_atlas"},
				"up": {"uv": [9.875, 10, 10, 9.875], "texture": "#voxels_atlas"},
				"down": {"uv": [9.125, 9.875, 9.25, 10], "texture": "#voxels_atlas"}
			}
		},
		{
			"name": "Voxels",
			"from": [11.3548, 8.7742, 7.2258],
			"to": [13.93544, 9.29033, 8.25806],
			"faces": {
				"north": {"uv": [4.875, 6, 4.25, 6.125], "texture": "#voxels_atlas"},
				"east": {"uv": [10.75, 10.25, 10.5, 10.375], "texture": "#voxels_atlas"},
				"south": {"uv": [4.25, 6.125, 4.875, 6.25], "texture": "#voxels_atlas"}
			}
		},
		{
			"name": "Voxels",
			"from": [11.871, 0.5161, 10.3226],
			"to": [12.38713, 5.67739, 10.83873],
			"faces": {
				"north": {"uv": [2, 0, 1.875, 1.25], "texture": "#voxels_atlas"},
				"east": {"uv": [2.375, 0, 2.25, 1.25], "texture": "#voxels_atlas"},
				"south": {"uv": [2, 0, 2.125, 1.25], "texture": "#voxels_atlas"},
				"west": {"uv": [2.125, 0, 2.25, 1.25], "texture": "#voxels_atlas"},
				"up": {"uv": [12.5, 10, 12.625, 9.875], "texture": "#voxels_atlas"},
				"down": {"uv": [12.125, 9.875, 12.25, 10], "texture": "#voxels_atlas"}
			}
		},
		{
			"name": "Voxels",
			"from": [11.871, 2.5806, 4.6452],
			"to": [12.38713, 5.67737, 5.16133],
			"faces": {
				"north": {"uv": [5.5, 6.625, 5.375, 7.375], "texture": "#voxels_atlas"},
				"east": {"uv": [5.375, 0.5, 5.25, 1.25], "texture": "#voxels_atlas"},
				"south": {"uv": [5.375, 7.375, 5.5, 8.125], "texture": "#voxels_atlas"},
				"west": {"uv": [5.375, 8.875, 5.5, 9.625], "texture": "#voxels_atlas"},
				"up": {"uv": [14, 10, 14.125, 9.875], "texture": "#voxels_atlas"},
				"down": {"uv": [13.625, 9.875, 13.75, 10], "texture": "#voxels_atlas"}
			}
		},
		{
			"name": "Voxels",
			"from": [11.871, 4.129, 8.7742],
			"to": [12.38713, 7.7419, 9.80646],
			"faces": {
				"north": {"uv": [2.625, 7.375, 2.5, 8.25], "texture": "#voxels_atlas"},
				"east": {"uv": [2.25, 8.25, 2, 9.125], "texture": "#voxels_atlas"},
				"south": {"uv": [2.625, 0, 2.75, 0.875], "texture": "#voxels_atlas"},
				"west": {"uv": [2.125, 6.375, 2.375, 7.25], "texture": "#voxels_atlas"},
				"up": {"uv": [5.75, 9, 5.875, 8.75], "texture": "#voxels_atlas"},
				"down": {"uv": [5.75, 9, 5.875, 9.25], "texture": "#voxels_atlas"}
			}
		},
		{
			"name": "Voxels",
			"from": [11.871, 4.6452, 6.1935],
			"to": [12.90326, 6.70972, 8.77415],
			"faces": {
				"north": {"uv": [1.5, 0, 1.25, 0.5], "texture": "#voxels_atlas"},
				"east": {"uv": [0.625, 7.125, 0, 7.625], "texture": "#voxels_atlas"},
				"south": {"uv": [4, 5.125, 4.25, 5.625], "texture": "#voxels_atlas"},
				"west": {"uv": [0, 5.375, 0.625, 5.875], "texture": "#voxels_atlas"},
				"up": {"uv": [2.375, 0.625, 2.625, 0], "texture": "#voxels_atlas"},
				"down": {"uv": [2.375, 0.625, 2.625, 1.25], "texture": "#voxels_atlas"}
			}
		},
		{
			"name": "Voxels",
			"from": [11.871, 4.6452, 9.8065],
			"to": [12.38713, 7.22585, 10.32263],
			"faces": {
				"north": {"uv": [5.625, 1.625, 5.5, 2.25], "texture": "#voxels_atlas"},
				"east": {"uv": [5.5, 1.625, 5.375, 2.25], "texture": "#voxels_atlas"},
				"south": {"uv": [5.5, 2.25, 5.625, 2.875], "texture": "#voxels_atlas"},
				"west": {"uv": [5.375, 1, 5.5, 1.625], "texture": "#voxels_atlas"},
				"up": {"uv": [5.875, 1.125, 6, 1], "texture": "#voxels_atlas"},
				"down": {"uv": [5.875, 1.125, 6, 1.25], "texture": "#voxels_atlas"}
			}
		},
		{
			"name": "Voxels",
			"from": [11.871, 5.6774, 5.1613],
			"to": [12.90326, 6.19353, 5.67743],
			"faces": {
				"north": {"uv": [12.5, 10.25, 12.25, 10.375], "texture": "#voxels_atlas"},
				"east": {"uv": [6.25, 9.875, 6.125, 10], "texture": "#voxels_atlas"},
				"south": {"uv": [12.5, 10.25, 12.75, 10.375], "texture": "#voxels_atlas"},
				"west": {"uv": [6, 9.875, 6.125, 10], "texture": "#voxels_atlas"},
				"up": {"uv": [11.5, 10.375, 11.75, 10.25], "texture": "#voxels_atlas"},
				"down": {"uv": [11.25, 10.25, 11.5, 10.375], "texture": "#voxels_atlas"}
			}
		},
		{
			"name": "Voxels",
			"from": [11.871, 6.1935, 5.1613],
			"to": [12.38713, 7.22576, 6.19356],
			"faces": {
				"north": {"uv": [5.875, 6.25, 5.75, 6.5], "texture": "#voxels_atlas"},
				"east": {"uv": [2.625, 9.125, 2.375, 9.375], "texture": "#voxels_atlas"},
				"west": {"uv": [2.375, 1.5, 2.625, 1.75], "texture": "#voxels_atlas"},
				"up": {"uv": [5.75, 6.75, 5.875, 6.5], "texture": "#voxels_atlas"},
				"down": {"uv": [5.75, 6.75, 5.875, 7], "texture": "#voxels_atlas"}
			}
		},
		{
			"name": "Voxels",
			"from": [11.871, 6.7097, 6.1935],
			"to": [12.38713, 7.74196, 8.77415],
			"faces": {
				"north": {"uv": [5.875, 5, 5.75, 5.25], "texture": "#voxels_atlas"},
				"east": {"uv": [15.75, 12.125, 15.125, 12.375], "texture": "#voxels_atlas"},
				"south": {"uv": [5.75, 4.75, 5.875, 5], "texture": "#voxels_atlas"},
				"west": {"uv": [1.75, 1.25, 2.375, 1.5], "texture": "#voxels_atlas"},
				"up": {"uv": [5.5, 3.5, 5.625, 2.875], "texture": "#voxels_atlas"}
			}
		},
		{
			"name": "Voxels",
			"from": [11.871, 7.2258, 5.6774],
			"to": [12.38713, 7.74193, 6.19353],
			"faces": {
				"north": {"uv": [8.125, 9.875, 8, 10], "texture": "#voxels_atlas"},
				"east": {"uv": [8.5, 9.875, 8.375, 10], "texture": "#voxels_atlas"},
				"west": {"uv": [8.25, 9.875, 8.375, 10], "texture": "#voxels_atlas"},
				"up": {"uv": [7.875, 10, 8, 9.875], "texture": "#voxels_atlas"},
				"down": {"uv": [7.75, 9.875, 7.875, 10], "texture": "#voxels_atlas"}
			}
		},
		{
			"name": "Voxels",
			"from": [11.871, 8.2581, 7.2258],
			"to": [13.93552, 8.77423, 8.25806],
			"faces": {
				"north": {"uv": [14.75, 10.75, 14.25, 10.875], "texture": "#voxels_atlas"},
				"east": {"uv": [15.5, 10.25, 15.25, 10.375], "texture": "#voxels_atlas"},
				"south": {"uv": [0.625, 8.375, 1.125, 8.5], "texture": "#voxels_atlas"},
				"up": {"uv": [3.375, 0.5, 3.875, 0.25], "texture": "#voxels_atlas"},
				"down": {"uv": [3.375, 0.5, 3.875, 0.75], "texture": "#voxels_atlas"}
			}
		},
		{
			"name": "Voxels",
			"from": [12.3871, 0.5161, 5.6774],
			"to": [12.90323, 6.70965, 6.19353],
			"faces": {
				"north": {"uv": [2.75, 4.75, 2.625, 6.25], "texture": "#voxels_atlas"},
				"east": {"uv": [1.875, 4, 1.75, 5.5], "texture": "#voxels_atlas"},
				"south": {"uv": [1.375, 4, 1.5, 5.5], "texture": "#voxels_atlas"},
				"west": {"uv": [1.5, 4, 1.625, 5.5], "texture": "#voxels_atlas"},
				"up": {"uv": [9.375, 10, 9.5, 9.875], "texture": "#voxels_atlas"},
				"down": {"uv": [9.25, 9.875, 9.375, 10], "texture": "#voxels_atlas"}
			}
		},
		{
			"name": "Voxels",
			"from": [12.3871, 0.5161, 9.2903],
			"to": [12.90323, 6.70965, 9.80643],
			"faces": {
				"north": {"uv": [1.25, 0.5, 1.125, 2], "texture": "#voxels_atlas"},
				"east": {"uv": [1.75, 4, 1.625, 5.5], "texture": "#voxels_atlas"},
				"south": {"uv": [2.625, 3.25, 2.75, 4.75], "texture": "#voxels_atlas"},
				"west": {"uv": [2.75, 3.25, 2.875, 4.75], "texture": "#voxels_atlas"},
				"up": {"uv": [10.125, 10, 10.25, 9.875], "texture": "#voxels_atlas"},
				"down": {"uv": [10, 9.875, 10.125, 10], "texture": "#voxels_atlas"}
			}
		},
		{
			"name": "Voxels",
			"from": [12.3871, 0.5161, 9.8065],
			"to": [12.90323, 4.64513, 10.32263],
			"faces": {
				"north": {"uv": [3.25, 0.25, 3.125, 1.25], "texture": "#voxels_atlas"},
				"east": {"uv": [5, 2.125, 4.875, 3.125], "texture": "#voxels_atlas"},
				"south": {"uv": [3.125, 1.25, 3.25, 2.25], "texture": "#voxels_atlas"},
				"west": {"uv": [4.875, 1.125, 5, 2.125], "texture": "#voxels_atlas"},
				"up": {"uv": [10.875, 10, 11, 9.875], "texture": "#voxels_atlas"},
				"down": {"uv": [10.75, 9.875, 10.875, 10], "texture": "#voxels_atlas"}
			}
		},
		{
			"name": "Voxels",
			"from": [12.3871, 1.0323, 5.1613],
			"to": [12.90323, 5.67746, 5.67743],
			"faces": {
				"north": {"uv": [3.125, 1.375, 3, 2.5], "texture": "#voxels_atlas"},
				"east": {"uv": [2.75, 0.875, 2.625, 2], "texture": "#voxels_atlas"},
				"west": {"uv": [2.75, 1.875, 2.875, 3], "texture": "#voxels_atlas"},
				"down": {"uv": [11.5, 9.875, 11.625, 10], "texture": "#voxels_atlas"}
			}
		},
		{
			"name": "Voxels",
			"from": [12.3871, 4.6452, 8.7742],
			"to": [12.90323, 6.70972, 9.29033],
			"faces": {
				"north": {"uv": [5.75, 5.125, 5.625, 5.625], "texture": "#voxels_atlas"},
				"east": {"uv": [5.75, 7.625, 5.625, 8.125], "texture": "#voxels_atlas"},
				"south": {"uv": [5.625, 4.625, 5.75, 5.125], "texture": "#voxels_atlas"},
				"up": {"uv": [12.375, 10, 12.5, 9.875], "texture": "#voxels_atlas"},
				"down": {"uv": [12.25, 9.875, 12.375, 10], "texture": "#voxels_atlas"}
			}
		},
		{
			"name": "Voxels",
			"from": [12.3871, 6.7097, 6.7097],
			"to": [12.90323, 7.22583, 8.77422],
			"faces": {
				"north": {"uv": [13.375, 9.875, 13.25, 10], "texture": "#voxels_atlas"},
				"east": {"uv": [4.875, 8.25, 4.375, 8.375], "texture": "#voxels_atlas"},
				"south": {"uv": [13.375, 9.875, 13.5, 10], "texture": "#voxels_atlas"},
				"west": {"uv": [4.375, 7.375, 4.875, 7.5], "texture": "#voxels_atlas"},
				"up": {"uv": [5.625, 7.125, 5.75, 6.625], "texture": "#voxels_atlas"},
				"down": {"uv": [5.625, 7.125, 5.75, 7.625], "texture": "#voxels_atlas"}
			}
		},
		{
			"name": "Voxels",
			"from": [12.3871, 7.2258, 7.2258],
			"to": [13.93549, 7.74193, 8.25806],
			"faces": {
				"north": {"uv": [1.125, 10.125, 0.75, 10.25], "texture": "#voxels_atlas"},
				"east": {"uv": [6.625, 10, 6.375, 10.125], "texture": "#voxels_atlas"},
				"south": {"uv": [0.375, 4.625, 0.75, 4.75], "texture": "#voxels_atlas"},
				"up": {"uv": [6.5, 11, 6.875, 10.75], "texture": "#voxels_atlas"},
				"down": {"uv": [6.875, 10.75, 7.25, 11], "texture": "#voxels_atlas"}
			}
		},
		{
			"name": "Voxels",
			"from": [12.9032, 0, 6.1935],
			"to": [13.41933, 4.64516, 9.29027],
			"faces": {
				"north": {"uv": [2.875, 0.75, 2.75, 1.875], "texture": "#voxels_atlas"},
				"east": {"uv": [16, 14.875, 15.25, 16], "texture": "#voxels_atlas"},
				"south": {"uv": [2.875, 1.375, 3, 2.5], "texture": "#voxels_atlas"},
				"west": {"uv": [0, 10.125, 0.75, 11.25], "texture": "#voxels_atlas"},
				"up": {"uv": [5.25, 8.75, 5.375, 8], "texture": "#voxels_atlas"},
				"down": {"uv": [5.25, 7.25, 5.375, 8], "texture": "#voxels_atlas"}
			}
		}
	],
	"display": {
		"thirdperson_righthand": {
			"rotation": [22, -100, 0],
			"translation": [0, 3.4782, 1.3913]
		},
		"thirdperson_lefthand": {
			"rotation": [22, 80, 0],
			"translation": [0, 3.4782, 1.3913]
		},
		"firstperson_righthand": {
			"rotation": [0, -70, 0],
			"translation": [0, 1.3913, 0]
		},
		"firstperson_lefthand": {
			"rotation": [0, 100, 0],
			"translation": [0, 1.3913, 0]
		},
		"ground": {
			"translation": [0, 6.9565, 0],
			"scale": [1.3, 1.3, 1.3]
		},
		"gui": {
			"rotation": [30, 130, 0],
			"translation": [0, 1.3, 0],
			"scale": [0.9, 0.9, 0.9]
		},
		"head": {
			"rotation": [-3, -90, 0],
			"translation": [0, 12, 0.6976],
			"scale": [2.3, 2.3, 2.3]
		},
		"fixed": {
			"rotation": [-11, -90, 0],
			"translation": [0, 0.7, 1.3913],
			"scale": [1.1, 1.1, 1.1]
		}
	}
}