{
	"credit": "Made with Blockbench",
	"texture_size": [32, 32],
	"textures": {
		"0": "custom/overige/nether_backpack",
		"particle": "custom/overige/nether_backpack"
	},
	"elements": [
		{
			"name": "Cube1",
			"from": [5, 0, 3.5],
			"to": [11, 4.5, 5],
			"faces": {
				"north": {"uv": [6, 4, 9, 6.5], "texture": "#0"},
				"east": {"uv": [3, 10, 4, 12.5], "texture": "#0"},
				"south": {"uv": [6, 6.5, 9, 9], "texture": "#0"},
				"west": {"uv": [4, 10, 5, 12.5], "texture": "#0"},
				"up": {"uv": [12, 9, 9, 8], "texture": "#0"},
				"down": {"uv": [11.5, 9, 8.5, 10], "texture": "#0"}
			}
		},
		{
			"name": "Cube1",
			"from": [4, 0, 5],
			"to": [12, 8.375, 8.5],
			"faces": {
				"north": {"uv": [0, 0, 4, 4], "texture": "#0"},
				"east": {"uv": [4, 0, 6, 4], "texture": "#0"},
				"south": {"uv": [0, 4, 4, 8], "texture": "#0"},
				"west": {"uv": [4, 4, 6, 8], "texture": "#0"},
				"up": {"uv": [10, 2, 6, 0], "texture": "#0"},
				"down": {"uv": [10, 2, 6, 4], "texture": "#0"}
			}
		},
		{
			"name": "Cube1",
			"from": [4.75, 4.5, 3.25],
			"to": [11.25, 5, 5.125],
			"faces": {
				"north": {"uv": [9, 11, 12.5, 11.5], "texture": "#0"},
				"east": {"uv": [5, 10, 6, 10.5], "texture": "#0"},
				"south": {"uv": [11.5, 4, 15, 4.5], "texture": "#0"},
				"west": {"uv": [5, 10.5, 6, 11], "texture": "#0"},
				"up": {"uv": [12.5, 7, 9, 6], "texture": "#0"},
				"down": {"uv": [12.5, 7, 9, 8], "texture": "#0"}
			}
		},
		{
			"name": "Cube1",
			"from": [4, 8.25, 5],
			"to": [5, 10.5, 8.5],
			"rotation": {"angle": -22.5, "axis": "z", "origin": [4, 8.25, 5]},
			"faces": {
				"north": {"uv": [11.5, 9, 12, 10], "texture": "#0"},
				"east": {"uv": [10, 3, 12, 4], "texture": "#0"},
				"south": {"uv": [12, 3, 12.5, 4], "texture": "#0"},
				"west": {"uv": [8.5, 10, 10.5, 11], "texture": "#0"},
				"up": {"uv": [7.5, 14, 7, 12], "texture": "#0"},
				"down": {"uv": [8, 12, 7.5, 14], "texture": "#0"}
			}
		},
		{
			"name": "Cube1",
			"from": [10.9817, 8.2058, 5],
			"to": [11.9817, 10.4558, 8.5],
			"rotation": {"angle": 22.5, "axis": "z", "origin": [12, 8.25, 8.5]},
			"faces": {
				"north": {"uv": [8.5, 12, 9, 13], "texture": "#0"},
				"east": {"uv": [10.5, 10, 12.5, 11], "texture": "#0"},
				"south": {"uv": [12, 11.5, 12.5, 12.5], "texture": "#0"},
				"west": {"uv": [0, 11, 2, 12], "texture": "#0"},
				"up": {"uv": [8.5, 14, 8, 12], "texture": "#0"},
				"down": {"uv": [12.5, 8, 12, 10], "texture": "#0"}
			}
		},
		{
			"name": "Cube1",
			"from": [4.875, 8.25, 5],
			"to": [11.125, 10.375, 8.5],
			"faces": {
				"north": {"uv": [0, 10, 3, 11], "texture": "#0"},
				"east": {"uv": [5, 11, 7, 12], "texture": "#0"},
				"south": {"uv": [10, 0, 13, 1], "texture": "#0"},
				"west": {"uv": [7, 11, 9, 12], "texture": "#0"},
				"up": {"uv": [3, 10, 0, 8], "texture": "#0"},
				"down": {"uv": [6, 8, 3, 10], "texture": "#0"}
			}
		},
		{
			"name": "PlaneX7",
			"from": [5.5, 5.4, 4.875],
			"to": [10.5, 9.375, 5.225],
			"faces": {
				"north": {"uv": [9, 4, 11.5, 6], "texture": "#0"},
				"south": {"uv": [6, 9, 8.5, 11], "texture": "#0"}
			}
		},
		{
			"name": "Cube1",
			"from": [4.875, 4.375, 3.375],
			"to": [11.125, 4.875, 5.25],
			"faces": {
				"north": {"uv": [11.5, 4.5, 14.5, 5], "texture": "#0"},
				"east": {"uv": [11.5, 5.5, 12.5, 6], "texture": "#0"},
				"south": {"uv": [11.5, 5, 14.5, 5.5], "texture": "#0"},
				"west": {"uv": [3, 12.5, 4, 13], "texture": "#0"},
				"up": {"uv": [13, 2, 10, 1], "texture": "#0"},
				"down": {"uv": [13, 2, 10, 3], "texture": "#0"}
			}
		},
		{
			"name": "Cube10",
			"from": [5.875, 4.25, 3.25],
			"to": [6.125, 4.5, 3.5],
			"faces": {
				"north": {"uv": [13, 12.5, 13.5, 13], "texture": "#0"},
				"east": {"uv": [13.5, 2.5, 14, 3], "texture": "#0"},
				"south": {"uv": [13.5, 3, 14, 3.5], "texture": "#0"},
				"west": {"uv": [4, 13.5, 4.5, 14], "texture": "#0"},
				"up": {"uv": [5, 14, 4.5, 13.5], "texture": "#0"},
				"down": {"uv": [14, 5.5, 13.5, 6], "texture": "#0"}
			}
		},
		{
			"name": "Cube10",
			"from": [6.125, 3.75, 3.375],
			"to": [6.375, 4.375, 3.5],
			"rotation": {"angle": 22.5, "axis": "z", "origin": [6.125, 3.75, 3.375]},
			"faces": {
				"north": {"uv": [13.5, 6, 14, 6.5], "texture": "#0"},
				"east": {"uv": [13.5, 6.5, 14, 7], "texture": "#0"},
				"south": {"uv": [13.5, 7, 14, 7.5], "texture": "#0"},
				"west": {"uv": [13.5, 8, 14, 8.5], "texture": "#0"},
				"up": {"uv": [14, 9, 13.5, 8.5], "texture": "#0"},
				"down": {"uv": [14, 9.5, 13.5, 10], "texture": "#0"}
			}
		},
		{
			"name": "Cube13",
			"from": [6.375, 10.375, 6.375],
			"to": [6.75, 11.5, 7.375],
			"rotation": {"angle": -22.5, "axis": "z", "origin": [6.375, 10.375, 6.375]},
			"faces": {
				"north": {"uv": [13.5, 10, 14, 10.5], "texture": "#0"},
				"east": {"uv": [13.5, 11, 14, 11.5], "texture": "#0"},
				"south": {"uv": [13.5, 11.5, 14, 12], "texture": "#0"},
				"west": {"uv": [12.5, 13.5, 13, 14], "texture": "#0"},
				"up": {"uv": [14, 13, 13.5, 12.5], "texture": "#0"},
				"down": {"uv": [13.5, 13.5, 13, 14], "texture": "#0"}
			}
		},
		{
			"name": "Cube13",
			"from": [6.75, 11, 6.375],
			"to": [7.75, 11.375, 7.375],
			"rotation": {"angle": 22.5, "axis": "z", "origin": [6.75, 11.375, 6.375]},
			"faces": {
				"north": {"uv": [13.5, 13, 14, 13.5], "texture": "#0"},
				"east": {"uv": [13.5, 13.5, 14, 14], "texture": "#0"},
				"south": {"uv": [14, 0, 14.5, 0.5], "texture": "#0"},
				"west": {"uv": [14, 0.5, 14.5, 1], "texture": "#0"},
				"up": {"uv": [14.5, 1.5, 14, 1], "texture": "#0"},
				"down": {"uv": [14.5, 1.5, 14, 2], "texture": "#0"}
			}
		},
		{
			"name": "Cube13",
			"from": [8.5, 11, 6.375],
			"to": [9.5, 11.375, 7.375],
			"rotation": {"angle": -22.5, "axis": "z", "origin": [9.5, 11.375, 7.375]},
			"faces": {
				"north": {"uv": [14, 2, 14.5, 2.5], "texture": "#0"},
				"east": {"uv": [14, 2.5, 14.5, 3], "texture": "#0"},
				"south": {"uv": [3, 14, 3.5, 14.5], "texture": "#0"},
				"west": {"uv": [14, 3, 14.5, 3.5], "texture": "#0"},
				"up": {"uv": [4, 14.5, 3.5, 14], "texture": "#0"},
				"down": {"uv": [14.5, 3.5, 14, 4], "texture": "#0"}
			}
		},
		{
			"name": "Cube13",
			"from": [9.5, 10.375, 6.375],
			"to": [9.875, 11.5, 7.375],
			"rotation": {"angle": 22.5, "axis": "z", "origin": [9.875, 10.375, 7.375]},
			"faces": {
				"north": {"uv": [4, 14, 4.5, 14.5], "texture": "#0"},
				"east": {"uv": [4.5, 14, 5, 14.5], "texture": "#0"},
				"south": {"uv": [14, 5.5, 14.5, 6], "texture": "#0"},
				"west": {"uv": [14, 6, 14.5, 6.5], "texture": "#0"},
				"up": {"uv": [14.5, 7, 14, 6.5], "texture": "#0"},
				"down": {"uv": [7.5, 14, 7, 14.5], "texture": "#0"}
			}
		},
		{
			"name": "Cube13",
			"from": [7.625, 11.375, 6.375],
			"to": [8.625, 11.75, 7.375],
			"faces": {
				"north": {"uv": [14, 7, 14.5, 7.5], "texture": "#0"},
				"east": {"uv": [7.5, 14, 8, 14.5], "texture": "#0"},
				"south": {"uv": [14, 7.5, 14.5, 8], "texture": "#0"},
				"west": {"uv": [8, 14, 8.5, 14.5], "texture": "#0"},
				"up": {"uv": [14.5, 8.5, 14, 8], "texture": "#0"},
				"down": {"uv": [9, 14, 8.5, 14.5], "texture": "#0"}
			}
		},
		{
			"name": "Cube16",
			"from": [5.375, 1.125, 8.5],
			"to": [6.375, 7.625, 8.75],
			"faces": {
				"north": {"uv": [2, 11, 2.5, 14.5], "texture": "#0"},
				"east": {"uv": [2.5, 11, 3, 14.5], "texture": "#0"},
				"south": {"uv": [9, 11.5, 9.5, 15], "texture": "#0"},
				"west": {"uv": [9.5, 11.5, 10, 15], "texture": "#0"},
				"up": {"uv": [14.5, 9, 14, 8.5], "texture": "#0"},
				"down": {"uv": [14.5, 9, 14, 9.5], "texture": "#0"}
			}
		},
		{
			"name": "Cube16",
			"from": [5.375, 7.625, 8.5],
			"to": [6.375, 9.125, 8.75],
			"rotation": {"angle": 22.5, "axis": "x", "origin": [5.375, 7.625, 8.5]},
			"faces": {
				"north": {"uv": [12.5, 3, 13, 4], "texture": "#0"},
				"east": {"uv": [4, 12.5, 4.5, 13.5], "texture": "#0"},
				"south": {"uv": [4.5, 12.5, 5, 13.5], "texture": "#0"},
				"west": {"uv": [12.5, 5.5, 13, 6.5], "texture": "#0"},
				"up": {"uv": [14.5, 10, 14, 9.5], "texture": "#0"},
				"down": {"uv": [14.5, 10, 14, 10.5], "texture": "#0"}
			}
		},
		{
			"name": "Cube16",
			"from": [5.375, 8.75, 9.125],
			"to": [6.375, 9, 10.625],
			"rotation": {"angle": -22.5, "axis": "x", "origin": [5.375, 9, 9.125]},
			"faces": {
				"north": {"uv": [14, 10.5, 14.5, 11], "texture": "#0"},
				"east": {"uv": [12.5, 6.5, 13.5, 7], "texture": "#0"},
				"south": {"uv": [14, 11, 14.5, 11.5], "texture": "#0"},
				"west": {"uv": [12.5, 7, 13.5, 7.5], "texture": "#0"},
				"up": {"uv": [13, 8.5, 12.5, 7.5], "texture": "#0"},
				"down": {"uv": [13, 8.5, 12.5, 9.5], "texture": "#0"}
			}
		},
		{
			"name": "Cube16",
			"from": [5.375, 9.25, 10.875],
			"to": [6.375, 9.5, 12.375],
			"rotation": {"angle": 45, "axis": "x", "origin": [5.375, 9.5, 10.875]},
			"faces": {
				"north": {"uv": [14, 11.5, 14.5, 12], "texture": "#0"},
				"east": {"uv": [12.5, 9.5, 13.5, 10], "texture": "#0"},
				"south": {"uv": [12, 14, 12.5, 14.5], "texture": "#0"},
				"west": {"uv": [12.5, 10, 13.5, 10.5], "texture": "#0"},
				"up": {"uv": [13, 11.5, 12.5, 10.5], "texture": "#0"},
				"down": {"uv": [13, 11.5, 12.5, 12.5], "texture": "#0"}
			}
		},
		{
			"name": "Cube16",
			"from": [5.375, 9.3842, 10.5221],
			"to": [6.375, 9.5092, 10.8971],
			"rotation": {"angle": 22.5, "axis": "x", "origin": [5.375, 9.5, 10.5]},
			"faces": {
				"north": {"uv": [14, 12, 14.5, 12.5], "texture": "#0"},
				"east": {"uv": [12.5, 14, 13, 14.5], "texture": "#0"},
				"south": {"uv": [14, 12.5, 14.5, 13], "texture": "#0"},
				"west": {"uv": [13, 14, 13.5, 14.5], "texture": "#0"},
				"up": {"uv": [14.5, 13.5, 14, 13], "texture": "#0"},
				"down": {"uv": [14, 14, 13.5, 14.5], "texture": "#0"}
			}
		},
		{
			"name": "Cube16",
			"from": [5.375, 9.5092, 10.5221],
			"to": [6.375, 9.6342, 10.8971],
			"rotation": {"angle": 22.5, "axis": "x", "origin": [5.375, 9.625, 10.5]},
			"faces": {
				"north": {"uv": [14, 13.5, 14.5, 14], "texture": "#0"},
				"east": {"uv": [14, 14, 14.5, 14.5], "texture": "#0"},
				"south": {"uv": [0, 14.5, 0.5, 15], "texture": "#0"},
				"west": {"uv": [14.5, 0, 15, 0.5], "texture": "#0"},
				"up": {"uv": [1, 15, 0.5, 14.5], "texture": "#0"},
				"down": {"uv": [15, 0.5, 14.5, 1], "texture": "#0"}
			}
		},
		{
			"name": "Cube16",
			"from": [5.375, 3.4326, 11.6717],
			"to": [6.375, 8.5576, 11.9217],
			"faces": {
				"north": {"uv": [0, 12, 0.5, 14.5], "texture": "#0"},
				"east": {"uv": [0.5, 12, 1, 14.5], "texture": "#0"},
				"south": {"uv": [1, 12, 1.5, 14.5], "texture": "#0"},
				"west": {"uv": [1.5, 12, 2, 14.5], "texture": "#0"},
				"up": {"uv": [1.5, 15, 1, 14.5], "texture": "#0"},
				"down": {"uv": [15, 1, 14.5, 1.5], "texture": "#0"}
			}
		},
		{
			"name": "Cube16",
			"from": [5.375, 0.8826, 8.3866],
			"to": [6.375, 1.1326, 9.0116],
			"rotation": {"angle": 22.5, "axis": "x", "origin": [5.375, 0.625, 9.125]},
			"faces": {
				"north": {"uv": [1.5, 14.5, 2, 15], "texture": "#0"},
				"east": {"uv": [14.5, 1.5, 15, 2], "texture": "#0"},
				"south": {"uv": [2, 14.5, 2.5, 15], "texture": "#0"},
				"west": {"uv": [14.5, 2, 15, 2.5], "texture": "#0"},
				"up": {"uv": [3, 15, 2.5, 14.5], "texture": "#0"},
				"down": {"uv": [15, 2.5, 14.5, 3], "texture": "#0"}
			}
		},
		{
			"name": "Cube16",
			"from": [5.375, 0.8826, 9.1366],
			"to": [6.375, 1.1326, 9.7616],
			"faces": {
				"north": {"uv": [3, 14.5, 3.5, 15], "texture": "#0"},
				"east": {"uv": [14.5, 3, 15, 3.5], "texture": "#0"},
				"south": {"uv": [3.5, 14.5, 4, 15], "texture": "#0"},
				"west": {"uv": [14.5, 3.5, 15, 4], "texture": "#0"},
				"up": {"uv": [4.5, 15, 4, 14.5], "texture": "#0"},
				"down": {"uv": [5, 14.5, 4.5, 15], "texture": "#0"}
			}
		},
		{
			"name": "Cube16",
			"from": [5.375, 0.7195, 9.5436],
			"to": [6.375, 0.9695, 10.2936],
			"rotation": {"angle": -22.5, "axis": "x", "origin": [5.375, 1.25, 9.375]},
			"faces": {
				"north": {"uv": [14.5, 4.5, 15, 5], "texture": "#0"},
				"east": {"uv": [5, 14.5, 5.5, 15], "texture": "#0"},
				"south": {"uv": [14.5, 5, 15, 5.5], "texture": "#0"},
				"west": {"uv": [5.5, 14.5, 6, 15], "texture": "#0"},
				"up": {"uv": [15, 6, 14.5, 5.5], "texture": "#0"},
				"down": {"uv": [6.5, 14.5, 6, 15], "texture": "#0"}
			}
		},
		{
			"name": "Cube16",
			"from": [5.375, 0.495, 9.8932],
			"to": [6.375, 0.745, 11.3932],
			"rotation": {"angle": -45, "axis": "x", "origin": [5.375, 1.375, 9.375]},
			"faces": {
				"north": {"uv": [14.5, 6, 15, 6.5], "texture": "#0"},
				"east": {"uv": [12, 12.5, 13, 13], "texture": "#0"},
				"south": {"uv": [6.5, 14.5, 7, 15], "texture": "#0"},
				"west": {"uv": [13, 0, 14, 0.5], "texture": "#0"},
				"up": {"uv": [13.5, 1.5, 13, 0.5], "texture": "#0"},
				"down": {"uv": [13.5, 1.5, 13, 2.5], "texture": "#0"}
			}
		},
		{
			"name": "Cube16",
			"from": [5.375, 2.3941, 11.0712],
			"to": [6.375, 3.7691, 11.3212],
			"rotation": {"angle": 22.5, "axis": "x", "origin": [5.375, 2.125, 10.75]},
			"faces": {
				"north": {"uv": [14.5, 6.5, 15, 7], "texture": "#0"},
				"east": {"uv": [7, 14.5, 7.5, 15], "texture": "#0"},
				"south": {"uv": [14.5, 7, 15, 7.5], "texture": "#0"},
				"west": {"uv": [7.5, 14.5, 8, 15], "texture": "#0"},
				"up": {"uv": [15, 8, 14.5, 7.5], "texture": "#0"},
				"down": {"uv": [8.5, 14.5, 8, 15], "texture": "#0"}
			}
		},
		{
			"name": "Cube16",
			"from": [9, 1.125, 8.5],
			"to": [10, 7.625, 8.75],
			"faces": {
				"north": {"uv": [10, 11.5, 10.5, 15], "texture": "#0"},
				"east": {"uv": [10.5, 11.5, 11, 15], "texture": "#0"},
				"south": {"uv": [11, 11.5, 11.5, 15], "texture": "#0"},
				"west": {"uv": [11.5, 11.5, 12, 15], "texture": "#0"},
				"up": {"uv": [15, 8.5, 14.5, 8], "texture": "#0"},
				"down": {"uv": [9, 14.5, 8.5, 15], "texture": "#0"}
			}
		},
		{
			"name": "Cube16",
			"from": [9, 7.625, 8.5],
			"to": [10, 9.125, 8.75],
			"rotation": {"angle": 22.5, "axis": "x", "origin": [9, 7.625, 8.5]},
			"faces": {
				"north": {"uv": [13, 2.5, 13.5, 3.5], "texture": "#0"},
				"east": {"uv": [3, 13, 3.5, 14], "texture": "#0"},
				"south": {"uv": [3.5, 13, 4, 14], "texture": "#0"},
				"west": {"uv": [13, 5.5, 13.5, 6.5], "texture": "#0"},
				"up": {"uv": [15, 9, 14.5, 8.5], "texture": "#0"},
				"down": {"uv": [15, 9, 14.5, 9.5], "texture": "#0"}
			}
		},
		{
			"name": "Cube16",
			"from": [9, 8.75, 9.125],
			"to": [10, 9, 10.625],
			"rotation": {"angle": -22.5, "axis": "x", "origin": [9, 9, 9.125]},
			"faces": {
				"north": {"uv": [14.5, 9.5, 15, 10], "texture": "#0"},
				"east": {"uv": [13, 3.5, 14, 4], "texture": "#0"},
				"south": {"uv": [14.5, 10, 15, 10.5], "texture": "#0"},
				"west": {"uv": [13, 7.5, 14, 8], "texture": "#0"},
				"up": {"uv": [13.5, 9, 13, 8], "texture": "#0"},
				"down": {"uv": [9, 13, 8.5, 14], "texture": "#0"}
			}
		},
		{
			"name": "Cube16",
			"from": [9, 9.25, 10.875],
			"to": [10, 9.5, 12.375],
			"rotation": {"angle": 45, "axis": "x", "origin": [9, 9.5, 10.875]},
			"faces": {
				"north": {"uv": [14.5, 10.5, 15, 11], "texture": "#0"},
				"east": {"uv": [13, 9, 14, 9.5], "texture": "#0"},
				"south": {"uv": [14.5, 11, 15, 11.5], "texture": "#0"},
				"west": {"uv": [13, 10.5, 14, 11], "texture": "#0"},
				"up": {"uv": [13.5, 12, 13, 11], "texture": "#0"},
				"down": {"uv": [12.5, 13, 12, 14], "texture": "#0"}
			}
		},
		{
			"name": "Cube16",
			"from": [9, 9.3842, 10.5221],
			"to": [10, 9.5092, 10.8971],
			"rotation": {"angle": 22.5, "axis": "x", "origin": [9, 9.5, 10.5]},
			"faces": {
				"north": {"uv": [14.5, 11.5, 15, 12], "texture": "#0"},
				"east": {"uv": [12, 14.5, 12.5, 15], "texture": "#0"},
				"south": {"uv": [14.5, 12, 15, 12.5], "texture": "#0"},
				"west": {"uv": [12.5, 14.5, 13, 15], "texture": "#0"},
				"up": {"uv": [15, 13, 14.5, 12.5], "texture": "#0"},
				"down": {"uv": [13.5, 14.5, 13, 15], "texture": "#0"}
			}
		},
		{
			"name": "Cube16",
			"from": [9, 9.5092, 10.5221],
			"to": [10, 9.6342, 10.8971],
			"rotation": {"angle": 22.5, "axis": "x", "origin": [9, 9.625, 10.5]},
			"faces": {
				"north": {"uv": [14.5, 13, 15, 13.5], "texture": "#0"},
				"east": {"uv": [13.5, 14.5, 14, 15], "texture": "#0"},
				"south": {"uv": [14.5, 13.5, 15, 14], "texture": "#0"},
				"west": {"uv": [14, 14.5, 14.5, 15], "texture": "#0"},
				"up": {"uv": [15, 14.5, 14.5, 14], "texture": "#0"},
				"down": {"uv": [15, 14.5, 14.5, 15], "texture": "#0"}
			}
		},
		{
			"name": "Cube16",
			"from": [9, 3.4326, 11.6717],
			"to": [10, 8.5576, 11.9217],
			"faces": {
				"north": {"uv": [5, 12, 5.5, 14.5], "texture": "#0"},
				"east": {"uv": [5.5, 12, 6, 14.5], "texture": "#0"},
				"south": {"uv": [6, 12, 6.5, 14.5], "texture": "#0"},
				"west": {"uv": [6.5, 12, 7, 14.5], "texture": "#0"},
				"up": {"uv": [0.5, 15.5, 0, 15], "texture": "#0"},
				"down": {"uv": [15.5, 0, 15, 0.5], "texture": "#0"}
			}
		},
		{
			"name": "Cube16",
			"from": [9, 0.8826, 8.3866],
			"to": [10, 1.1326, 9.0116],
			"rotation": {"angle": 22.5, "axis": "x", "origin": [9, 0.625, 9.125]},
			"faces": {
				"north": {"uv": [0.5, 15, 1, 15.5], "texture": "#0"},
				"east": {"uv": [15, 0.5, 15.5, 1], "texture": "#0"},
				"south": {"uv": [1, 15, 1.5, 15.5], "texture": "#0"},
				"west": {"uv": [15, 1, 15.5, 1.5], "texture": "#0"},
				"up": {"uv": [2, 15.5, 1.5, 15], "texture": "#0"},
				"down": {"uv": [15.5, 1.5, 15, 2], "texture": "#0"}
			}
		},
		{
			"name": "Cube16",
			"from": [9, 0.8826, 9.1366],
			"to": [10, 1.1326, 9.7616],
			"faces": {
				"north": {"uv": [2, 15, 2.5, 15.5], "texture": "#0"},
				"east": {"uv": [15, 2, 15.5, 2.5], "texture": "#0"},
				"south": {"uv": [2.5, 15, 3, 15.5], "texture": "#0"},
				"west": {"uv": [15, 2.5, 15.5, 3], "texture": "#0"},
				"up": {"uv": [3.5, 15.5, 3, 15], "texture": "#0"},
				"down": {"uv": [15.5, 3, 15, 3.5], "texture": "#0"}
			}
		},
		{
			"name": "Cube16",
			"from": [9, 0.7195, 9.5436],
			"to": [10, 0.9695, 10.2936],
			"rotation": {"angle": -22.5, "axis": "x", "origin": [9, 1.25, 9.375]},
			"faces": {
				"north": {"uv": [3.5, 15, 4, 15.5], "texture": "#0"},
				"east": {"uv": [15, 3.5, 15.5, 4], "texture": "#0"},
				"south": {"uv": [4, 15, 4.5, 15.5], "texture": "#0"},
				"west": {"uv": [15, 4, 15.5, 4.5], "texture": "#0"},
				"up": {"uv": [5, 15.5, 4.5, 15], "texture": "#0"},
				"down": {"uv": [15.5, 4.5, 15, 5], "texture": "#0"}
			}
		},
		{
			"name": "Cube16",
			"from": [9, 0.495, 9.8932],
			"to": [10, 0.745, 11.3932],
			"rotation": {"angle": -45, "axis": "x", "origin": [9, 1.375, 9.375]},
			"faces": {
				"north": {"uv": [5, 15, 5.5, 15.5], "texture": "#0"},
				"east": {"uv": [13, 12, 14, 12.5], "texture": "#0"},
				"south": {"uv": [15, 5, 15.5, 5.5], "texture": "#0"},
				"west": {"uv": [12.5, 13, 13.5, 13.5], "texture": "#0"},
				"up": {"uv": [14, 1.5, 13.5, 0.5], "texture": "#0"},
				"down": {"uv": [14, 1.5, 13.5, 2.5], "texture": "#0"}
			}
		},
		{
			"name": "Cube16",
			"from": [9, 2.3941, 11.0712],
			"to": [10, 3.7691, 11.3212],
			"rotation": {"angle": 22.5, "axis": "x", "origin": [9, 2.125, 10.75]},
			"faces": {
				"north": {"uv": [5.5, 15, 6, 15.5], "texture": "#0"},
				"east": {"uv": [15, 5.5, 15.5, 6], "texture": "#0"},
				"south": {"uv": [6, 15, 6.5, 15.5], "texture": "#0"},
				"west": {"uv": [15, 6, 15.5, 6.5], "texture": "#0"},
				"up": {"uv": [7, 15.5, 6.5, 15], "texture": "#0"},
				"down": {"uv": [15.5, 6.5, 15, 7], "texture": "#0"}
			}
		}
	],
	"display": {
		"thirdperson_righthand": {
			"rotation": [52, 0, 0],
			"translation": [0, -3.477, -1.39],
			"scale": [0.7, 0.7, 0.7]
		},
		"thirdperson_lefthand": {
			"rotation": [52, 0, 0],
			"translation": [0, -3.477, -1.39],
			"scale": [0.7, 0.7, 0.7]
		},
		"firstperson_righthand": {
			"rotation": [0, 95, 0],
			"translation": [1.3913, 6.2608, 0.6956],
			"scale": [0.7, 0.7, 0.7]
		},
		"firstperson_lefthand": {
			"rotation": [0, 95, 0],
			"translation": [1.3913, 6.2608, 0.6956],
			"scale": [0.7, 0.7, 0.7]
		},
		"ground": {
			"translation": [0, 3.4782, 0],
			"scale": [0.7, 0.7, 0.7]
		},
		"gui": {
			"rotation": [16, 128, 0],
			"translation": [0, 2.0869, 0]
		},
		"head": {
			"rotation": [0, 180, 0],
			"translation": [0, -12.52, 4.1739],
			"scale": [1.5, 1.5, 1.5]
		},
		"fixed": {
			"translation": [0, 2.7826, 1.3913],
			"scale": [1.3, 1.3, 1.3]
		}
	}
}