{
	"credit": "Made with Blockbench",
	"textures": {
		"1": "custom/overige/rugzak1",
		"2": "custom/overige/rugzak2"
	},
	"elements": [
		{
			"name": "main",
			"from": [4, 0, 0],
			"to": [12, 9, 4],
			"faces": {
				"north": {"uv": [8, 6, 16, 16], "texture": "#2"},
				"east": {"uv": [8, 0, 12, 10], "texture": "#1"},
				"south": {"uv": [0, 0, 8, 10], "texture": "#1"},
				"west": {"uv": [8, 0, 12, 10], "texture": "#1"},
				"down": {"uv": [0, 0, 8, 4], "texture": "#2"}
			}
		},
		{
			"from": [3.75, 9, -0.25],
			"to": [12.25, 11.5, 4.25],
			"faces": {
				"north": {"uv": [0, 4, 8, 6.5], "texture": "#2"},
				"east": {"uv": [8, 0, 12.5, 2.5], "texture": "#2"},
				"south": {"uv": [0, 4, 8, 6.5], "texture": "#2"},
				"west": {"uv": [8, 0, 12.5, 2.5], "texture": "#2"},
				"up": {"uv": [0, 0, 8, 4], "texture": "#2"},
				"down": {"uv": [0, 0, 8, 4], "texture": "#2"}
			}
		},
		{
			"from": [3, 0.75, 0.5],
			"to": [4, 4.25, 3.5],
			"faces": {
				"north": {"uv": [3, 10, 4, 13.5], "texture": "#1"},
				"south": {"uv": [4, 10, 5, 13.5], "texture": "#1"},
				"west": {"uv": [0, 10, 3, 13.5], "texture": "#1"},
				"down": {"uv": [4.5, 10, 5.5, 13], "rotation": 180, "texture": "#1"}
			}
		},
		{
			"from": [12, 0.75, 0.5],
			"to": [13, 4.25, 3.5],
			"faces": {
				"north": {"uv": [4, 10, 5, 13.5], "texture": "#1"},
				"east": {"uv": [0, 10, 3, 13.5], "texture": "#1"},
				"south": {"uv": [3, 10, 4, 13.5], "texture": "#1"},
				"down": {"uv": [4.5, 10, 5.5, 13], "texture": "#1"}
			}
		},
		{
			"from": [12, 4.25, 0.25],
			"to": [13.25, 5.25, 3.75],
			"faces": {
				"north": {"uv": [0, 6.5, 1.25, 7.5], "texture": "#2"},
				"east": {"uv": [1.5, 6.5, 5, 7.5], "texture": "#2"},
				"south": {"uv": [0, 6.5, 1.25, 7.5], "texture": "#2"},
				"up": {"uv": [0, 6.5, 1.25, 10], "texture": "#2"},
				"down": {"uv": [0, 6.5, 1.25, 10], "texture": "#2"}
			}
		},
		{
			"from": [2.75, 4.25, 0.25],
			"to": [4, 5.25, 3.75],
			"faces": {
				"north": {"uv": [0, 6.5, 1.25, 7.5], "texture": "#2"},
				"south": {"uv": [0, 6.5, 1.25, 7.5], "texture": "#2"},
				"west": {"uv": [1.5, 6.5, 5, 7.5], "texture": "#2"},
				"up": {"uv": [0, 6.5, 1.25, 10], "texture": "#2"},
				"down": {"uv": [0, 0, 1.25, 3.5], "texture": "#missing"}
			}
		},
		{
			"from": [7.5, 4.25, 4],
			"to": [8.5, 9.5, 4.5],
			"faces": {
				"east": {"uv": [15.5, 0, 16, 5.5], "texture": "#2"},
				"south": {"uv": [15, 0, 16, 5.5], "texture": "#2"},
				"west": {"uv": [15, 0, 15.5, 5.5], "texture": "#2"},
				"up": {"uv": [15, 0, 16, 1], "texture": "#2"},
				"down": {"uv": [15, 0, 16, 1], "texture": "#2"}
			}
		}
	],
	"display": {
		"thirdperson_righthand": {
			"rotation": [68, 0, 0],
			"translation": [-6, -12, 12]
		},
		"thirdperson_lefthand": {
			"rotation": [68, 0, 0],
			"translation": [-6, -12, 12]
		},
		"firstperson_righthand": {
			"rotation": [0, -90, 25],
			"translation": [-2.5, 3.2, 0.75],
			"scale": [0.68, 0.68, 0.68]
		},
		"firstperson_lefthand": {
			"rotation": [0, -90, 25],
			"translation": [-2.5, 3.2, 0.75],
			"scale": [0.68, 0.68, 0.68]
		},
		"ground": {
			"translation": [0, 2, 3],
			"scale": [0.5, 0.5, 0.5]
		},
		"gui": {
			"rotation": [30, -45, 0],
			"translation": [-4.25, -0.25, 0]
		},
		"fixed": {
			"rotation": [0, 180, 0],
			"translation": [0, 3.25, -9.25],
			"scale": [1.5, 1.5, 1.5]
		}
	}
}