{
"__comment": "Designed by Timbayens by order of DusDavid (DusDavidGames)",
"textures": {
    "texture": "blocks/snow",
    "glass2": "blocks/glass_blue",
    "glass1": "blocks/glass_red"
},
"elements": [ 
{
    "from": [ 3, 10, 4 ],
    "to": [ 13, 10.5, 4.5 ],
    "faces": {
        "down":  { "uv": [ 13, 5, 3, 4 ], "texture": "#texture" },
        "up":    { "uv": [ 3, 4, 13, 5 ], "texture": "#texture" },
        "north": { "uv": [ 3, 5.5, 13, 6 ], "texture": "#texture" },
        "south": { "uv": [ 3, 5.5, 13, 6 ], "texture": "#texture" },
        "west":  { "uv": [ 4, 5.5, 5, 6 ], "texture": "#texture" },
        "east":  { "uv": [ 11, 5.5, 12, 6 ], "texture": "#texture" }
    }
},
{
    "from": [ 3, 8, 4 ],
    "to": [ 3.5, 10, 4.5 ],
    "faces": {
        "down":  { "uv": [ 13, 5, 12.5, 4 ], "texture": "#texture" },
        "up":    { "uv": [ 3, 4, 3.5, 5 ], "texture": "#texture" },
        "north": { "uv": [ 12.5, 6, 13, 8 ], "texture": "#texture" },
        "south": { "uv": [ 3, 6, 3.5, 8 ], "texture": "#texture" },
        "west":  { "uv": [ 4, 6, 5, 8 ], "texture": "#texture" },
        "east":  { "uv": [ 11, 6, 12, 8 ], "texture": "#texture" }
    }
},
{
    "from": [ 7.5, 7.5, 4 ],
    "to": [ 8.5, 10, 4.5 ],
    "faces": {
        "down":  { "uv": [ 9, 5, 8.5, 4 ], "texture": "#texture" },
        "up":    { "uv": [ 7, 4, 7.5, 5 ], "texture": "#texture" },
        "north": { "uv": [ 8.5, 6, 9, 8 ], "texture": "#texture" },
        "south": { "uv": [ 7, 6, 7.5, 8 ], "texture": "#texture" },
        "west":  { "uv": [ 4, 6, 5, 8 ], "texture": "#texture" },
        "east":  { "uv": [ 11, 6, 12, 8 ], "texture": "#texture" }
    }
},
{
    "from": [ 3, 7.5, 4 ],
    "to": [ 7.5, 8, 4.5 ],
    "faces": {
        "down":  { "uv": [ 13, 5, 9, 4 ], "texture": "#texture" },
        "up":    { "uv": [ 3, 4, 7, 5 ], "texture": "#texture" },
        "north": { "uv": [ 9, 8, 13, 8.5 ], "texture": "#texture" },
        "south": { "uv": [ 3, 8, 7, 8.5 ], "texture": "#texture" },
        "west":  { "uv": [ 4, 8, 5, 8.5 ], "texture": "#texture" },
        "east":  { "uv": [ 11, 8, 12, 8.5 ], "texture": "#texture" }
    }
},
{
    "from": [ 8.5, 7.5, 4 ],
    "to": [ 12.5, 8, 4.5 ],
    "faces": {
        "down":  { "uv": [ 7, 5, 3.5, 4 ], "texture": "#texture" },
        "up":    { "uv": [ 9, 4, 12.5, 5 ], "texture": "#texture" },
        "north": { "uv": [ 3.5, 8, 7, 8.5 ], "texture": "#texture" },
        "south": { "uv": [ 9, 8, 12.5, 8.5 ], "texture": "#texture" },
        "west":  { "uv": [ 4, 8, 5, 8.5 ], "texture": "#texture" },
        "east":  { "uv": [ 11, 8, 12, 8.5 ], "texture": "#texture" }
    }
},
{
    "from": [ 12.5, 8.5, 4.5 ],
    "to": [ 13, 10.5, 7 ],
    "faces": {
        "down":  { "uv": [ 3.5, 11.5, 3, 5 ], "texture": "#texture" },
        "up":    { "uv": [ 12.5, 5, 13, 11.5 ], "texture": "#texture" },
        "north": { "uv": [ 3, 5.5, 3.5, 6 ], "texture": "#texture" },
        "south": { "uv": [ 12.5, 5.5, 13, 6 ], "texture": "#texture" },
        "west":  { "uv": [ 5, 5.5, 11.5, 6 ], "texture": "#texture" },
        "east":  { "uv": [ 4.5, 5.5, 11, 6 ], "texture": "#texture" }
    }
},
{
    "from": [ 3, 8.5, 4.5 ],
    "to": [ 3.5, 10.5, 7 ],
    "faces": {
        "down":  { "uv": [ 13, 11.5, 12.5, 5 ], "texture": "#texture" },
        "up":    { "uv": [ 3, 5, 3.5, 11.5 ], "texture": "#texture" },
        "north": { "uv": [ 12.5, 5.5, 13, 6 ], "texture": "#texture" },
        "south": { "uv": [ 3, 5.5, 3.5, 6 ], "texture": "#texture" },
        "west":  { "uv": [ 5, 5.5, 11.5, 6 ], "texture": "#texture" },
        "east":  { "uv": [ 4.5, 5.5, 11, 6 ], "texture": "#texture" }
    }
},
{
    "from": [ 12.5, 7.5, 4 ],
    "to": [ 13, 10, 4.5 ],
    "faces": {
        "down":  { "uv": [ 3.5, 5, 3, 4 ], "texture": "#texture" },
        "up":    { "uv": [ 12.5, 4, 13, 5 ], "texture": "#texture" },
        "north": { "uv": [ 3, 6, 3.5, 8 ], "texture": "#texture" },
        "south": { "uv": [ 12.5, 6, 13, 8 ], "texture": "#texture" },
        "west":  { "uv": [ 4, 6, 5, 8 ], "texture": "#texture" },
        "east":  { "uv": [ 11, 6, 12, 8 ], "texture": "#texture" }
    }
},
{
    "from": [ 3.5, 8, 4.1875 ],
    "to": [ 7.5, 10, 4.25 ],
    "faces": {
        "down":  { "uv": [ 12.5, 4.5625, 9, 4.5 ], "texture": "#glass2" },
        "up":    { "uv": [ 3.5, 4.5, 7, 4.5625 ], "texture": "#glass2" },
        "north": { "uv": [ 9, 6, 12.5, 8 ], "texture": "#glass2" },
        "south": { "uv": [ 3.5, 6, 7, 8 ], "texture": "#glass2" },
        "west":  { "uv": [ 4.5, 6, 4.5625, 8 ], "texture": "#glass2" },
        "east":  { "uv": [ 11.4375, 6, 11.5, 8 ], "texture": "#glass2" }
    }
},
{
    "from": [ 8.5, 8, 4.1875 ],
    "to": [ 12.5, 10, 4.25 ],
    "faces": {
        "down":  { "uv": [ 7, 4.5625, 3.5, 4.5 ], "texture": "#glass1" },
        "up":    { "uv": [ 9, 4.5, 12.5, 4.5625 ], "texture": "#glass1" },
        "north": { "uv": [ 3.5, 6, 7, 8 ], "texture": "#glass1" },
        "south": { "uv": [ 9, 6, 12.5, 8 ], "texture": "#glass1" },
        "west":  { "uv": [ 4.5, 6, 4.5625, 8 ], "texture": "#glass1" },
        "east":  { "uv": [ 11.4375, 6, 11.5, 8 ], "texture": "#glass1" }
    }
},
{
    "from": [ 3, 8, 11 ],
    "to": [ 3.5, 10.5, 12 ],
    "faces": {
        "down":  { "uv": [ 13, 12, 12.5, 11.5 ], "texture": "#texture" },
        "up":    { "uv": [ 3, 11.5, 3.5, 12 ], "texture": "#texture" },
        "north": { "uv": [ 12.5, 6, 13, 7 ], "texture": "#texture" },
        "south": { "uv": [ 3, 6, 3.5, 7 ], "texture": "#texture" },
        "west":  { "uv": [ 11.5, 6, 12, 7 ], "texture": "#texture" },
        "east":  { "uv": [ 4, 6, 4.5, 7 ], "texture": "#texture" }
    }
},
{
    "from": [ 3, 9.5, 8 ],
    "to": [ 3.5, 10.5, 11 ],
    "faces": {
        "down":  { "uv": [ 13, 11, 12.5, 8 ], "texture": "#texture" },
        "up":    { "uv": [ 3, 8, 3.5, 11 ], "texture": "#texture" },
        "north": { "uv": [ 12.5, 5.5, 13, 6.5 ], "texture": "#texture" },
        "south": { "uv": [ 3, 5.5, 3.5, 6.5 ], "texture": "#texture" },
        "west":  { "uv": [ 8, 5.5, 11, 6.5 ], "texture": "#texture" },
        "east":  { "uv": [ 5, 5.5, 8, 6.5 ], "texture": "#texture" }
    }
},
{
    "from": [ 3, 9, 7 ],
    "to": [ 3.5, 10.5, 8 ],
    "faces": {
        "down":  { "uv": [ 13, 8, 12.5, 7 ], "texture": "#texture" },
        "up":    { "uv": [ 3, 7, 3.5, 8 ], "texture": "#texture" },
        "north": { "uv": [ 12.5, 5.5, 13, 7 ], "texture": "#texture" },
        "south": { "uv": [ 3, 5.5, 3.5, 7 ], "texture": "#texture" },
        "west":  { "uv": [ 7, 5.5, 8, 7 ], "texture": "#texture" },
        "east":  { "uv": [ 8, 5.5, 9, 7 ], "texture": "#texture" }
    }
},
{
    "from": [ 12.5, 9, 7 ],
    "to": [ 13, 10.5, 8 ],
    "faces": {
        "down":  { "uv": [ 3.5, 8, 3, 7 ], "texture": "#texture" },
        "up":    { "uv": [ 12.5, 7, 13, 8 ], "texture": "#texture" },
        "north": { "uv": [ 3, 5.5, 3.5, 7 ], "texture": "#texture" },
        "south": { "uv": [ 12.5, 5.5, 13, 7 ], "texture": "#texture" },
        "west":  { "uv": [ 7, 5.5, 8, 7 ], "texture": "#texture" },
        "east":  { "uv": [ 8, 5.5, 9, 7 ], "texture": "#texture" }
    }
},
{
    "from": [ 12.5, 9.5, 8 ],
    "to": [ 13, 10.5, 11 ],
    "faces": {
        "down":  { "uv": [ 3.5, 11, 3, 8 ], "texture": "#texture" },
        "up":    { "uv": [ 12.5, 8, 13, 11 ], "texture": "#texture" },
        "north": { "uv": [ 3, 5.5, 3.5, 6.5 ], "texture": "#texture" },
        "south": { "uv": [ 12.5, 5.5, 13, 6.5 ], "texture": "#texture" },
        "west":  { "uv": [ 8, 5.5, 11, 6.5 ], "texture": "#texture" },
        "east":  { "uv": [ 5, 5.5, 8, 6.5 ], "texture": "#texture" }
    }
},
{
    "from": [ 12.5, 8.5, 11 ],
    "to": [ 13, 10.5, 12 ],
    "faces": {
        "down":  { "uv": [ 3.5, 12, 3, 11 ], "texture": "#texture" },
        "up":    { "uv": [ 12.5, 11, 13, 12 ], "texture": "#texture" },
        "north": { "uv": [ 3, 5.5, 3.5, 7.5 ], "texture": "#texture" },
        "south": { "uv": [ 12.5, 5.5, 13, 7.5 ], "texture": "#texture" },
        "west":  { "uv": [ 11, 5.5, 12, 7.5 ], "texture": "#texture" },
        "east":  { "uv": [ 4, 5.5, 5, 7.5 ], "texture": "#texture" }
    }
}
],
"display": {
    "thirdperson_righthand": {
        "rotation": [ 77, -9, 0 ],
        "translation": [ -1.89, -2.65, -0.38 ],
        "scale": [ 0.85, 0.85, 0.85 ]
    },
    "thirdperson_lefthand": {
        "rotation": [ 77, -9, 0 ],
        "translation": [ -1.89, -2.65, -0.38 ],
        "scale": [ 0.85, 0.85, 0.85 ]
    },
    "head": {
        "rotation": [ 0, 0, 0 ],
        "translation": [ 0, -2.65, -1.7 ],
        "scale": [ 1.51, 1.5, 1.5 ]
    },
    "ground": {
        "rotation": [ 0, 0, 0 ],
        "translation": [ 0, 0, 0 ],
        "scale": [ 0.9, 0.9, 0.9 ]
    },
    "fixed": {
        "rotation": [ 0, 0, 0 ],
        "translation": [ 0, -0.76, 5.29 ],
        "scale": [ 1.75, 1.75, 1.75 ]
    },
    "firstperson_righthand": {
        "rotation": [ -9, -18, 3 ],
        "translation": [ -1.89, 2.27, 3.78 ],
        "scale": [ 1, 1, 1 ]
    },
    "firstperson_lefthand": {
        "rotation": [ -9, -18, 3 ],
        "translation": [ -1.89, 2.27, 3.78 ],
        "scale": [ 1, 1, 1 ]
    },
    "gui": {
        "rotation": [ 20, 130, 0 ],
        "translation": [ -0.19, -0.76, 0 ],
        "scale": [ 1, 1, 1 ]
    }
}
}