{
	"credit": "Made with Blockbench",
	"textures": {
		"0": "blocks/anvil_base",
		"1": "blocks/quartz_block_side",
		"particle": "blocks/anvil_base"
	},
	"elements": [
		{
			"name": "cube",
			"from": [7, 7, 6.9],
			"to": [9, 8.5, 8.1],
			"faces": {
				"north": {"uv": [0, 0, 16, 16], "texture": "#0"},
				"east": {"uv": [0, 0, 16, 16], "texture": "#0"},
				"south": {"uv": [0, 0, 16, 16], "texture": "#0"},
				"west": {"uv": [0, 0, 16, 16], "texture": "#0"},
				"up": {"uv": [0, 0, 16, 16], "texture": "#0"},
				"down": {"uv": [0, 0, 16, 16], "texture": "#0"}
			}
		},
		{
			"name": "cube",
			"from": [
				8.780330124951117,
				6.780330359133718,
				6.997999999999999
			],
			"to": [11.030330124951117, 8.030330359133718, 8],
			"rotation": {
				"angle": -45,
				"axis": "z",
				"origin": [
					9.530330124951117,
					7.530330359133718,
					7.498999999999999
				]
			},
			"faces": {
				"north": {"uv": [0, 0, 16, 16], "texture": "#1"},
				"east": {"uv": [0, 0, 16, 16], "texture": "#1"},
				"south": {"uv": [0, 0, 16, 16], "texture": "#1"},
				"west": {"uv": [0, 0, 16, 16], "texture": "#1"},
				"up": {"uv": [0, 0, 16, 16], "texture": "#1"},
				"down": {"uv": [0, 0, 16, 16], "texture": "#1"}
			}
		},
		{
			"name": "cube",
			"from": [
				5.585786230642814,
				8.45710667332401,
				6.9990000000000006
			],
			"to": [
				8.085786230642814,
				9.70710667332401,
				8.001000000000001
			],
			"rotation": {
				"angle": -45,
				"axis": "z",
				"origin": [5.585786230642814, 9.20710667332401, 7.5]
			},
			"faces": {
				"north": {"uv": [0, 0, 16, 16], "texture": "#1"},
				"east": {"uv": [0, 0, 16, 16], "texture": "#1"},
				"south": {"uv": [0, 0, 16, 16], "texture": "#1"},
				"west": {"uv": [0, 0, 16, 16], "texture": "#1"},
				"up": {"uv": [0, 0, 16, 16], "texture": "#1"},
				"down": {"uv": [0, 0, 16, 16], "texture": "#1"}
			}
		},
		{
			"name": "cube",
			"from": [
				8.237436793525237,
				8.176776818711776,
				6.9990000000000006
			],
			"to": [10.737436793525237, 9.426776818711776, 8],
			"rotation": {
				"angle": 45,
				"axis": "z",
				"origin": [
					10.237436793525237,
					8.676776818711776,
					7.501
				]
			},
			"faces": {
				"north": {"uv": [0, 0, 16, 16], "texture": "#1"},
				"east": {"uv": [0, 0, 16, 16], "texture": "#1"},
				"south": {"uv": [0, 0, 16, 16], "texture": "#1"},
				"west": {"uv": [0, 0, 16, 16], "texture": "#1"},
				"up": {"uv": [0, 0, 16, 16], "texture": "#1"},
				"down": {"uv": [0, 0, 16, 16], "texture": "#1"}
			}
		},
		{
			"name": "cube",
			"from": [5.29289323091507, 6.5, 6.998],
			"to": [7.79289323091507, 7.75, 7.999],
			"rotation": {
				"angle": 45,
				"axis": "z",
				"origin": [6.29289323091507, 7, 7.5]
			},
			"faces": {
				"north": {"uv": [0, 0, 16, 16], "texture": "#1"},
				"east": {"uv": [0, 0, 16, 16], "texture": "#1"},
				"south": {"uv": [0, 0, 16, 16], "texture": "#1"},
				"west": {"uv": [0, 0, 16, 16], "texture": "#1"},
				"up": {"uv": [0, 0, 16, 16], "texture": "#1"},
				"down": {"uv": [0, 0, 16, 16], "texture": "#1"}
			}
		},
		{
			"name": "cube",
			"from": [
				9.444543204136151,
				6.823223240454215,
				6.9990000000000006
			],
			"to": [
				10.9445437433604,
				8.676776516891236,
				7.995999999999998
			],
			"faces": {
				"north": {"uv": [0, 0, 16, 16], "texture": "#1"},
				"east": {"uv": [0, 0, 16, 16], "texture": "#1"},
				"south": {"uv": [0, 0, 16, 16], "texture": "#1"},
				"west": {"uv": [0, 0, 16, 16], "texture": "#1"},
				"up": {"uv": [0, 0, 16, 16], "texture": "#1"},
				"down": {"uv": [0, 0, 16, 16], "texture": "#1"}
			}
		},
		{
			"name": "cube",
			"from": [
				5.055456245354073,
				6.823223181288224,
				6.9990000000000006
			],
			"to": [6.555456629425592, 8.676776651365074, 7.997],
			"faces": {
				"north": {"uv": [0, 0, 16, 16], "texture": "#1"},
				"east": {"uv": [0, 0, 16, 16], "texture": "#1"},
				"south": {"uv": [0, 0, 16, 16], "texture": "#1"},
				"west": {"uv": [0, 0, 16, 16], "texture": "#1"},
				"up": {"uv": [0, 0, 16, 16], "texture": "#1"},
				"down": {"uv": [0, 0, 16, 16], "texture": "#1"}
			}
		}
	],
	"display": {
		"thirdperson_righthand": {
			"scale": [0.55, 0.55, 0.55],
			"rotation": [66, 126, 0],
			"translation": [0, 1, 1]
		},
		"thirdperson_lefthand": {
			"scale": [0.55, 0.55, 0.55],
			"rotation": [66, 126, 0],
			"translation": [0, 1, 1]
		},
		"firstperson_righthand": {
			"scale": [0.68, 0.68, 0.68],
			"rotation": [42, -54, 25],
			"translation": [1.13, 1.5, 0]
		},
		"firstperson_lefthand": {
			"scale": [0.68, 0.68, 0.68],
			"rotation": [42, -54, 25],
			"translation": [1.13, 1.5, 0]
		},
		"head": {
			"translation": [0, -8.5, -3],
			"rotation": [0, 0, 0]
		},
		"gui": {
			"scale": [2, 2, 2],
			"rotation": [30, 225, 0],
			"translation": [0, 0, 0]
		}
	}
}