{
	"credit": "Made by Crafter_Lukas, DDG Resource Pack Artist",
	"textures": {
		"0": "custom/overige/hond",
		"particle": "custom/overige/hond"
	},
	"elements": [
		{
			"from": [7, 10, 0],
			"to": [10, 13, 3],
			"faces": {
				"north": {"uv": [1, 3.5, 1.75, 4.25], "texture": "#0"},
				"east": {"uv": [0, 3.5, 1, 4.25], "texture": "#0"},
				"south": {"uv": [0, 0, 3, 3], "texture": "#0"},
				"west": {"uv": [1.75, 3.5, 2.75, 4.25], "texture": "#0"},
				"up": {"uv": [1, 2.5, 1.75, 3.5], "texture": "#0"},
				"down": {"uv": [1.75, 2.5, 2.5, 3.5], "texture": "#0"}
			}
		},
		{
			"from": [5, 10, 3],
			"to": [12, 16, 6],
			"faces": {
				"north": {"uv": [1, 1, 2.5, 2.5], "texture": "#0"},
				"east": {"uv": [0, 1, 1, 2.5], "texture": "#0"},
				"south": {"uv": [3.5, 1, 5, 2.5], "texture": "#0"},
				"west": {"uv": [2.5, 1, 3.75, 2.5], "texture": "#0"},
				"up": {"uv": [1, 0, 2.625, 1], "texture": "#0"},
				"down": {"uv": [2.5, 0, 4, 1], "texture": "#0"}
			}
		},
		{
			"from": [5, 16, 5],
			"to": [7, 18, 6],
			"faces": {
				"north": {"uv": [4.25, 3.75, 4.75, 4.25], "texture": "#0"},
				"east": {"uv": [4, 3.75, 4.25, 4.25], "texture": "#0"},
				"south": {"uv": [5, 3.75, 5.5, 4.25], "texture": "#0"},
				"west": {"uv": [4, 3.75, 4.25, 4.25], "texture": "#0"},
				"up": {"uv": [4.25, 3.5, 4.75, 3.75], "texture": "#0"},
				"down": {"uv": [0, 0, 2, 1], "texture": "#0"}
			}
		},
		{
			"from": [10, 16, 5],
			"to": [12, 18, 6],
			"faces": {
				"north": {"uv": [4.25, 3.75, 4.75, 4.25], "texture": "#0"},
				"east": {"uv": [4, 3.75, 4.25, 4.25], "texture": "#0"},
				"south": {"uv": [5, 3.75, 5.5, 4.25], "texture": "#0"},
				"west": {"uv": [4, 3.75, 4.25, 4.25], "texture": "#0"},
				"up": {"uv": [4.25, 3.5, 4.75, 3.75], "texture": "#0"},
				"down": {"uv": [0, 0, 2, 1], "texture": "#0"}
			}
		},
		{
			"from": [5, 5, 7],
			"to": [12, 10, 18],
			"rotation": {"angle": 45, "axis": "x", "origin": [8.5, 7.5, 12.5]},
			"faces": {
				"north": {"uv": [7.5, 3.5, 9, 5], "texture": "#0"},
				"east": {"uv": [7.5, 5, 9, 7.25], "texture": "#0"},
				"south": {"uv": [7.5, 3.5, 9, 5], "texture": "#0"},
				"west": {"uv": [4.5, 5, 6, 7.25], "texture": "#0"},
				"up": {"uv": [5.875, 5, 7.5, 7.25], "texture": "#0"},
				"down": {"uv": [9, 5, 10.5, 7.25], "texture": "#0"}
			}
		},
		{
			"from": [4, 8, 5],
			"to": [13, 15, 9],
			"rotation": {"angle": 22.5, "axis": "x", "origin": [8.5, 11.5, 7]},
			"faces": {
				"north": {"uv": [7, 1.75, 9, 3.25], "texture": "#0"},
				"east": {"uv": [5.25, 1.75, 7, 3.25], "texture": "#0"},
				"south": {"uv": [9, 1.75, 11, 3.25], "texture": "#0"},
				"west": {"uv": [5.25, 1.75, 7, 3.25], "texture": "#0"},
				"up": {"uv": [7, 0, 9, 1.75], "texture": "#0"},
				"down": {"uv": [9, 0, 11, 1.75], "texture": "#0"}
			}
		},
		{
			"from": [5, 2, 5],
			"to": [7, 9, 7],
			"faces": {
				"north": {"uv": [2.75, 5, 3.25, 7], "texture": "#0"},
				"east": {"uv": [2.75, 5, 3.25, 7], "texture": "#0"},
				"south": {"uv": [2.75, 5, 3.25, 7], "texture": "#0"},
				"west": {"uv": [2.75, 5, 3.25, 7], "texture": "#0"},
				"up": {"uv": [2.75, 5, 3.25, 7], "texture": "#0"},
				"down": {"uv": [2.75, 5, 3.25, 7], "texture": "#0"}
			}
		},
		{
			"from": [10, 2, 5],
			"to": [12, 9, 7],
			"faces": {
				"north": {"uv": [2.75, 5, 3.25, 7], "texture": "#0"},
				"east": {"uv": [2.75, 5, 3.25, 7], "texture": "#0"},
				"south": {"uv": [2.75, 5, 3.25, 7], "texture": "#0"},
				"west": {"uv": [2.75, 5, 3.25, 7], "texture": "#0"},
				"up": {"uv": [2.75, 5, 3.25, 7], "texture": "#0"},
				"down": {"uv": [2.75, 5, 3.25, 7], "texture": "#0"}
			}
		},
		{
			"from": [10, 2, 8],
			"to": [12, 4, 14],
			"faces": {
				"north": {"uv": [2.75, 5, 3.25, 7], "texture": "#0"},
				"east": {"uv": [2.75, 5, 3.25, 7], "texture": "#0"},
				"south": {"uv": [2.75, 5, 3.25, 7], "texture": "#0"},
				"west": {"uv": [2.75, 5, 3.25, 7], "texture": "#0"},
				"up": {"uv": [2.75, 5, 3.25, 7], "texture": "#0"},
				"down": {"uv": [2.75, 5, 3.25, 7], "texture": "#0"}
			}
		},
		{
			"from": [7.5, 2, 15],
			"to": [9.5, 4, 21],
			"faces": {
				"north": {"uv": [2.75, 5, 3.25, 7], "texture": "#0"},
				"east": {"uv": [2.75, 5, 3.25, 7], "texture": "#0"},
				"south": {"uv": [2.75, 5, 3.25, 7], "texture": "#0"},
				"west": {"uv": [2.75, 5, 3.25, 7], "texture": "#0"},
				"up": {"uv": [2.75, 5, 3.25, 7], "texture": "#0"},
				"down": {"uv": [2.75, 5, 3.25, 7], "texture": "#0"}
			}
		},
		{
			"from": [5, 2, 8],
			"to": [7, 4, 14],
			"faces": {
				"north": {"uv": [2.75, 5, 3.25, 7], "texture": "#0"},
				"east": {"uv": [2.75, 5, 3.25, 7], "texture": "#0"},
				"south": {"uv": [2.75, 5, 3.25, 7], "texture": "#0"},
				"west": {"uv": [2.75, 5, 3.25, 7], "texture": "#0"},
				"up": {"uv": [2.75, 5, 3.25, 7], "texture": "#0"},
				"down": {"uv": [2.75, 5, 3.25, 7], "texture": "#0"}
			}
		}
	],
	"display": {
		"thirdperson_righthand": {
			"scale": [0.375, 0.375, 0.375],
			"rotation": [75, 45, 0],
			"translation": [0, 2.5, 0]
		},
		"thirdperson_lefthand": {
			"scale": [0.375, 0.375, 0.375],
			"rotation": [75, 45, 0],
			"translation": [0, 2.5, 0]
		},
		"firstperson_righthand": {
			"scale": [0.4, 0.4, 0.4],
			"rotation": [0, 45, 0],
			"translation": [0, 0, 0]
		},
		"firstperson_lefthand": {
			"scale": [0.4, 0.4, 0.4],
			"rotation": [0, 225, 0],
			"translation": [0, 0, 0]
		},
		"head": {
			"translation": [0, 12, 0]
		},
		"ground": {
			"scale": [0.25, 0.25, 0.25],
			"rotation": [0, 0, 0],
			"translation": [0, 3, 0]
		},
		"fixed": {
			"scale": [0.5, 0.5, 0.5],
			"rotation": [0, 0, 0],
			"translation": [0, 0, 0]
		},
		"gui": {
			"scale": [0.625, 0.625, 0.625],
			"rotation": [30, 225, 0],
			"translation": [0, 0, 0]
		}
	}
}
