{
	"credit": "Made with Blockbench",
	"textures": {
		"mesh_atlas": "custom/overige/zijs"
	},
	"elements": [
		{
			"from": [7.424, 1.152, 4.736],
			"to": [8.832, 1.792, 4.864],
			"faces": {
				"north": {"uv": [6.3125, 13.625, 5.625, 13.9375], "texture": "#mesh_atlas"},
				"east": {"uv": [7.9375, 13.8125, 7.875, 14.125], "texture": "#mesh_atlas"},
				"south": {"uv": [5.125, 12.8125, 5.8125, 13.125], "texture": "#mesh_atlas"},
				"west": {"uv": [7.8125, 14.9375, 7.875, 15.25], "texture": "#mesh_atlas"},
				"up": {"uv": [14.75, 15.6875, 15.4375, 15.625], "texture": "#mesh_atlas"},
				"down": {"uv": [14.75, 15.6875, 15.4375, 15.75], "texture": "#mesh_atlas"}
			}
		},
		{
			"from": [7.424, 1.152, 5.76],
			"to": [7.808, 1.792, 5.888],
			"faces": {
				"north": {"uv": [4.875, 8.1875, 4.6875, 8.5], "texture": "#mesh_atlas"},
				"east": {"uv": [4.9375, 8.1875, 4.875, 8.5], "texture": "#mesh_atlas"},
				"south": {"uv": [3.25, 8, 3.4375, 8.3125], "texture": "#mesh_atlas"},
				"west": {"uv": [6.3125, 13.625, 6.375, 13.9375], "texture": "#mesh_atlas"},
				"up": {"uv": [9, 12.125, 9.1875, 12.0625], "texture": "#mesh_atlas"},
				"down": {"uv": [3.0625, 8, 3.25, 8.0625], "texture": "#mesh_atlas"}
			}
		},
		{
			"from": [7.424, 1.152, 6.016],
			"to": [7.808, 1.792, 6.144],
			"faces": {
				"north": {"uv": [8.125, 8, 7.9375, 8.3125], "texture": "#mesh_atlas"},
				"east": {"uv": [7.9375, 10.75, 7.875, 11.0625], "texture": "#mesh_atlas"},
				"south": {"uv": [7.9375, 8.3125, 8.125, 8.625], "texture": "#mesh_atlas"},
				"west": {"uv": [7.875, 11.1875, 7.9375, 11.5], "texture": "#mesh_atlas"},
				"up": {"uv": [13.5625, 14.25, 13.75, 14.1875], "texture": "#mesh_atlas"},
				"down": {"uv": [14.125, 14.1875, 14.3125, 14.25], "texture": "#mesh_atlas"}
			}
		},
		{
			"from": [7.424, 1.152, 7.04],
			"to": [7.808, 1.792, 7.168],
			"faces": {
				"north": {"uv": [8.125, 8.625, 7.9375, 8.9375], "texture": "#mesh_atlas"},
				"east": {"uv": [7.25, 8.375, 7.1875, 8.6875], "texture": "#mesh_atlas"},
				"south": {"uv": [7.9375, 8.9375, 8.125, 9.25], "texture": "#mesh_atlas"},
				"west": {"uv": [7.875, 10.3125, 7.9375, 10.625], "texture": "#mesh_atlas"},
				"up": {"uv": [13.1875, 14.25, 13.375, 14.1875], "texture": "#mesh_atlas"},
				"down": {"uv": [13.375, 14.1875, 13.5625, 14.25], "texture": "#mesh_atlas"}
			}
		},
		{
			"from": [7.424, 1.152, 7.296],
			"to": [7.808, 1.792, 7.424],
			"faces": {
				"north": {"uv": [7.875, 8.6875, 7.6875, 9], "texture": "#mesh_atlas"},
				"east": {"uv": [7.9375, 12.4375, 7.875, 12.75], "texture": "#mesh_atlas"},
				"south": {"uv": [7.6875, 9.4375, 7.875, 9.75], "texture": "#mesh_atlas"},
				"west": {"uv": [7.25, 8.375, 7.3125, 8.6875], "texture": "#mesh_atlas"},
				"up": {"uv": [11.125, 14.25, 11.3125, 14.1875], "texture": "#mesh_atlas"},
				"down": {"uv": [12.0625, 14.1875, 12.25, 14.25], "texture": "#mesh_atlas"}
			}
		},
		{
			"from": [7.424, 1.152, 8.32],
			"to": [7.808, 1.792, 8.448],
			"faces": {
				"north": {"uv": [7.875, 12.125, 7.6875, 12.4375], "texture": "#mesh_atlas"},
				"east": {"uv": [7.9375, 13.0625, 7.875, 13.375], "texture": "#mesh_atlas"},
				"south": {"uv": [7.0625, 9.5625, 7.25, 9.875], "texture": "#mesh_atlas"},
				"west": {"uv": [7.875, 12.125, 7.9375, 12.4375], "texture": "#mesh_atlas"},
				"up": {"uv": [14.125, 14.3125, 14.3125, 14.25], "texture": "#mesh_atlas"},
				"down": {"uv": [15.4375, 14.25, 15.625, 14.3125], "texture": "#mesh_atlas"}
			}
		},
		{
			"from": [7.424, 1.152, 8.576],
			"to": [7.808, 1.792, 8.704],
			"faces": {
				"north": {"uv": [7.25, 9.125, 7.0625, 9.4375], "texture": "#mesh_atlas"},
				"east": {"uv": [7.875, 13.4375, 7.8125, 13.75], "texture": "#mesh_atlas"},
				"south": {"uv": [7.6875, 11.1875, 7.875, 11.5], "texture": "#mesh_atlas"},
				"west": {"uv": [7.875, 12.75, 7.9375, 13.0625], "texture": "#mesh_atlas"},
				"up": {"uv": [12.25, 14.3125, 12.4375, 14.25], "texture": "#mesh_atlas"},
				"down": {"uv": [13.9375, 14.25, 14.125, 14.3125], "texture": "#mesh_atlas"}
			}
		},
		{
			"from": [7.424, 1.152, 9.6],
			"to": [7.808, 1.792, 9.728],
			"faces": {
				"north": {"uv": [7.25, 10.4375, 7.0625, 10.75], "texture": "#mesh_atlas"},
				"east": {"uv": [7.9375, 11.625, 7.875, 11.9375], "texture": "#mesh_atlas"},
				"south": {"uv": [7.6875, 11.625, 7.875, 11.9375], "texture": "#mesh_atlas"},
				"west": {"uv": [7.875, 13.4375, 7.9375, 13.75], "texture": "#mesh_atlas"},
				"up": {"uv": [11.25, 14.375, 11.4375, 14.3125], "texture": "#mesh_atlas"},
				"down": {"uv": [12.5625, 14.3125, 12.75, 14.375], "texture": "#mesh_atlas"}
			}
		},
		{
			"from": [7.424, 1.152, 9.856],
			"to": [7.808, 1.792, 15.872],
			"faces": {
				"north": {"uv": [7.875, 10.75, 7.6875, 11.0625], "texture": "#mesh_atlas"},
				"east": {"uv": [6.375, 15.375, 3.4375, 15.6875], "texture": "#mesh_atlas"},
				"south": {"uv": [7.0625, 10.9375, 7.25, 11.25], "texture": "#mesh_atlas"},
				"west": {"uv": [3.4375, 15.6875, 6.375, 16], "texture": "#mesh_atlas"},
				"up": {"uv": [3.4375, 11.0625, 3.625, 8.125], "texture": "#mesh_atlas"},
				"down": {"uv": [3.625, 8.125, 3.8125, 11.0625], "texture": "#mesh_atlas"}
			}
		},
		{
			"from": [7.424, 1.28, 4.864],
			"to": [8.832, 1.664, 5.76],
			"faces": {
				"east": {"uv": [8.6875, 12.125, 8.25, 12.3125], "texture": "#mesh_atlas"},
				"west": {"uv": [8.25, 11.5625, 8.6875, 11.75], "texture": "#mesh_atlas"},
				"up": {"uv": [6.625, 15.1875, 7.3125, 14.75], "texture": "#mesh_atlas"},
				"down": {"uv": [6.625, 15.1875, 7.3125, 15.625], "texture": "#mesh_atlas"}
			}
		},
		{
			"from": [7.424, 1.28, 5.888],
			"to": [8.832, 1.664, 6.016],
			"faces": {
				"east": {"uv": [9.6875, 12.3125, 9.625, 12.5], "texture": "#mesh_atlas"},
				"west": {"uv": [8.125, 8.75, 8.1875, 8.9375], "texture": "#mesh_atlas"},
				"up": {"uv": [13.125, 14.9375, 13.8125, 14.875], "texture": "#mesh_atlas"},
				"down": {"uv": [14.875, 15.5625, 15.5625, 15.625], "texture": "#mesh_atlas"}
			}
		},
		{
			"from": [7.424, 1.28, 6.144],
			"to": [8.832, 1.664, 7.04],
			"faces": {
				"east": {"uv": [8.6875, 11.75, 8.25, 11.9375], "texture": "#mesh_atlas"},
				"west": {"uv": [8.25, 12.6875, 8.6875, 12.875], "texture": "#mesh_atlas"},
				"up": {"uv": [4.9375, 9.375, 5.625, 8.9375], "texture": "#mesh_atlas"},
				"down": {"uv": [5.625, 9.375, 6.3125, 9.8125], "texture": "#mesh_atlas"}
			}
		},
		{
			"from": [7.424, 1.28, 7.168],
			"to": [8.832, 1.664, 7.296],
			"faces": {
				"east": {"uv": [9.6875, 12.6875, 9.625, 12.875], "texture": "#mesh_atlas"},
				"west": {"uv": [9.625, 12.5, 9.6875, 12.6875], "texture": "#mesh_atlas"},
				"up": {"uv": [4.9375, 8.0625, 5.625, 8], "texture": "#mesh_atlas"},
				"down": {"uv": [5.125, 12.75, 5.8125, 12.8125], "texture": "#mesh_atlas"}
			}
		},
		{
			"from": [7.424, 1.28, 7.424],
			"to": [8.832, 1.664, 8.32],
			"faces": {
				"east": {"uv": [8.6875, 13.25, 8.25, 13.4375], "texture": "#mesh_atlas"},
				"west": {"uv": [8.25, 13.4375, 8.6875, 13.625], "texture": "#mesh_atlas"},
				"up": {"uv": [4.9375, 9.8125, 5.625, 9.375], "texture": "#mesh_atlas"},
				"down": {"uv": [4.9375, 8.0625, 5.625, 8.5], "texture": "#mesh_atlas"}
			}
		},
		{
			"from": [7.424, 1.28, 8.448],
			"to": [8.832, 1.664, 8.576],
			"faces": {
				"east": {"uv": [9.6875, 13.0625, 9.625, 13.25], "texture": "#mesh_atlas"},
				"west": {"uv": [9.625, 12.875, 9.6875, 13.0625], "texture": "#mesh_atlas"},
				"up": {"uv": [14.8125, 15.8125, 15.5, 15.75], "texture": "#mesh_atlas"},
				"down": {"uv": [14.8125, 15.8125, 15.5, 15.875], "texture": "#mesh_atlas"}
			}
		},
		{
			"from": [7.424, 1.28, 8.704],
			"to": [8.832, 1.664, 9.6],
			"faces": {
				"east": {"uv": [8.6875, 12.875, 8.25, 13.0625], "texture": "#mesh_atlas"},
				"west": {"uv": [8.25, 13.625, 8.6875, 13.8125], "texture": "#mesh_atlas"},
				"up": {"uv": [4.9375, 8.9375, 5.625, 8.5], "texture": "#mesh_atlas"},
				"down": {"uv": [5.625, 8.9375, 6.3125, 9.375], "texture": "#mesh_atlas"}
			}
		},
		{
			"from": [7.552, 1.024, 4.608],
			"to": [8.704, 1.792, 4.736],
			"faces": {
				"north": {"uv": [6.375, 12.75, 5.8125, 13.125], "texture": "#mesh_atlas"},
				"east": {"uv": [7.25, 11.3125, 7.1875, 11.6875], "texture": "#mesh_atlas"},
				"west": {"uv": [7.25, 8, 7.3125, 8.375], "texture": "#mesh_atlas"},
				"up": {"uv": [11.4375, 14.75, 12, 14.6875], "texture": "#mesh_atlas"},
				"down": {"uv": [12, 14.6875, 12.5625, 14.75], "texture": "#mesh_atlas"}
			}
		},
		{
			"from": [7.552, 1.024, 4.736],
			"to": [8.704, 1.152, 15.872],
			"faces": {
				"east": {"uv": [12.0625, 15.875, 6.625, 15.9375], "texture": "#mesh_atlas"},
				"south": {"uv": [15.375, 14.75, 15.9375, 14.8125], "texture": "#mesh_atlas"},
				"west": {"uv": [6.625, 15.9375, 12.0625, 16], "texture": "#mesh_atlas"},
				"up": {"uv": [0, 16, 0.5625, 10.5625], "texture": "#mesh_atlas"},
				"down": {"uv": [0.5625, 10.5625, 1.125, 16], "texture": "#mesh_atlas"}
			}
		},
		{
			"from": [7.552, 1.152, 1.024],
			"to": [8.704, 1.92, 4.48],
			"faces": {
				"north": {"uv": [5.6875, 12.375, 5.125, 12.75], "texture": "#mesh_atlas"},
				"east": {"uv": [5.125, 12.375, 3.4375, 12.75], "texture": "#mesh_atlas"},
				"south": {"uv": [5.6875, 12.375, 6.25, 12.75], "texture": "#mesh_atlas"},
				"west": {"uv": [3.4375, 12.75, 5.125, 13.125], "texture": "#mesh_atlas"},
				"up": {"uv": [0, 10.5625, 0.5625, 8.875], "texture": "#mesh_atlas"},
				"down": {"uv": [0.5625, 8.875, 1.125, 10.5625], "texture": "#mesh_atlas"}
			}
		},
		{
			"from": [7.552, 1.152, 4.48],
			"to": [8.704, 1.792, 4.608],
			"faces": {
				"east": {"uv": [7.9375, 14.1875, 7.875, 14.5], "texture": "#mesh_atlas"},
				"west": {"uv": [7.8125, 13.8125, 7.875, 14.125], "texture": "#mesh_atlas"},
				"up": {"uv": [9.75, 14.8125, 10.3125, 14.75], "texture": "#mesh_atlas"},
				"down": {"uv": [12.5625, 14.75, 13.125, 14.8125], "texture": "#mesh_atlas"}
			}
		},
		{
			"from": [7.552, 1.152, 4.864],
			"to": [8.704, 1.28, 4.992],
			"faces": {
				"east": {"uv": [9.5625, 10.125, 9.5, 10.1875], "texture": "#mesh_atlas"},
				"south": {"uv": [14.25, 14.625, 14.8125, 14.6875], "texture": "#mesh_atlas"},
				"west": {"uv": [9.5625, 10.1875, 9.625, 10.25], "texture": "#mesh_atlas"}
			}
		},
		{
			"from": [7.552, 1.152, 4.992],
			"to": [7.808, 1.28, 5.76],
			"faces": {
				"east": {"uv": [9.1875, 11, 8.8125, 11.0625], "texture": "#mesh_atlas"},
				"west": {"uv": [8.8125, 10.9375, 9.1875, 11], "texture": "#mesh_atlas"}
			}
		},
		{
			"from": [7.552, 1.152, 5.888],
			"to": [7.808, 1.28, 6.016],
			"faces": {
				"east": {"uv": [9.5625, 9.4375, 9.5, 9.5], "texture": "#mesh_atlas"},
				"west": {"uv": [9.125, 10.25, 9.1875, 10.3125], "texture": "#mesh_atlas"}
			}
		},
		{
			"from": [7.552, 1.152, 6.144],
			"to": [7.808, 1.28, 7.04],
			"faces": {
				"east": {"uv": [9.125, 10.1875, 8.6875, 10.25], "texture": "#mesh_atlas"},
				"west": {"uv": [8.6875, 10.25, 9.125, 10.3125], "texture": "#mesh_atlas"}
			}
		},
		{
			"from": [7.552, 1.152, 7.168],
			"to": [7.808, 1.28, 7.296],
			"faces": {
				"east": {"uv": [9.1875, 8.5625, 9.125, 8.625], "texture": "#mesh_atlas"},
				"west": {"uv": [9.125, 8.375, 9.1875, 8.4375], "texture": "#mesh_atlas"}
			}
		},
		{
			"from": [7.552, 1.152, 7.424],
			"to": [7.808, 1.28, 8.32],
			"faces": {
				"east": {"uv": [9.125, 10.0625, 8.6875, 10.125], "texture": "#mesh_atlas"},
				"west": {"uv": [8.6875, 10.125, 9.125, 10.1875], "texture": "#mesh_atlas"}
			}
		},
		{
			"from": [7.552, 1.152, 8.448],
			"to": [7.808, 1.28, 8.576],
			"faces": {
				"east": {"uv": [9.1875, 9.1875, 9.125, 9.25], "texture": "#mesh_atlas"},
				"west": {"uv": [9.125, 9.125, 9.1875, 9.1875], "texture": "#mesh_atlas"}
			}
		},
		{
			"from": [7.552, 1.152, 8.704],
			"to": [7.808, 1.28, 9.6],
			"faces": {
				"east": {"uv": [9.125, 9.9375, 8.6875, 10], "texture": "#mesh_atlas"},
				"west": {"uv": [8.6875, 10, 9.125, 10.0625], "texture": "#mesh_atlas"}
			}
		},
		{
			"from": [7.552, 1.152, 9.728],
			"to": [7.808, 1.92, 9.856],
			"faces": {
				"east": {"uv": [7.25, 9.875, 7.1875, 10.25], "texture": "#mesh_atlas"},
				"west": {"uv": [7.25, 9.875, 7.3125, 10.25], "texture": "#mesh_atlas"},
				"up": {"uv": [7.8125, 14.1875, 7.9375, 14.125], "texture": "#mesh_atlas"}
			}
		},
		{
			"from": [7.552, 1.152, 15.872],
			"to": [8.704, 1.792, 16],
			"faces": {
				"east": {"uv": [7.3125, 10.9375, 7.25, 11.25], "texture": "#mesh_atlas"},
				"south": {"uv": [7.375, 15.25, 7.9375, 15.5625], "texture": "#mesh_atlas", "cullface": "south"},
				"west": {"uv": [7.25, 10.4375, 7.3125, 10.75], "texture": "#mesh_atlas"},
				"up": {"uv": [12, 14.6875, 12.5625, 14.625], "texture": "#mesh_atlas"},
				"down": {"uv": [12.5625, 14.625, 13.125, 14.6875], "texture": "#mesh_atlas"}
			}
		},
		{
			"from": [7.552, 1.28, 16],
			"to": [8.704, 1.664, 16.128],
			"faces": {
				"east": {"uv": [8.6875, 9.875, 8.625, 10.0625], "texture": "#mesh_atlas", "cullface": "south"},
				"south": {"uv": [13.1875, 15.1875, 13.75, 15.375], "texture": "#mesh_atlas", "cullface": "south"},
				"west": {"uv": [8.625, 9.6875, 8.6875, 9.875], "texture": "#mesh_atlas", "cullface": "south"},
				"up": {"uv": [9.75, 14.6875, 10.3125, 14.625], "texture": "#mesh_atlas", "cullface": "south"},
				"down": {"uv": [11.4375, 14.625, 12, 14.6875], "texture": "#mesh_atlas", "cullface": "south"}
			}
		},
		{
			"from": [7.552, 1.664, 4.864],
			"to": [8.704, 1.92, 5.76],
			"faces": {
				"east": {"uv": [16, 15.4375, 15.5625, 15.5625], "texture": "#mesh_atlas"},
				"west": {"uv": [8.6875, 14.5625, 9.125, 14.6875], "texture": "#mesh_atlas"},
				"up": {"uv": [6.625, 14.75, 7.1875, 14.3125], "texture": "#mesh_atlas"}
			}
		},
		{
			"from": [7.552, 1.664, 5.888],
			"to": [8.704, 1.92, 6.016],
			"faces": {
				"east": {"uv": [7.9375, 11.0625, 7.875, 11.1875], "texture": "#mesh_atlas"},
				"west": {"uv": [7.875, 10.625, 7.9375, 10.75], "texture": "#mesh_atlas"},
				"up": {"uv": [15.375, 14.75, 15.9375, 14.6875], "texture": "#mesh_atlas"}
			}
		},
		{
			"from": [7.552, 1.664, 6.144],
			"to": [8.704, 1.92, 7.04],
			"faces": {
				"east": {"uv": [8.6875, 9.125, 8.25, 9.25], "texture": "#mesh_atlas"},
				"west": {"uv": [8.25, 9, 8.6875, 9.125], "texture": "#mesh_atlas"},
				"up": {"uv": [6.625, 13.4375, 7.1875, 13], "texture": "#mesh_atlas"}
			}
		},
		{
			"from": [7.552, 1.664, 7.168],
			"to": [8.704, 1.92, 7.296],
			"faces": {
				"east": {"uv": [7.375, 8, 7.3125, 8.125], "texture": "#mesh_atlas"},
				"west": {"uv": [7.875, 11.5, 7.9375, 11.625], "texture": "#mesh_atlas"},
				"up": {"uv": [14.25, 14.75, 14.8125, 14.6875], "texture": "#mesh_atlas"}
			}
		},
		{
			"from": [7.552, 1.664, 7.424],
			"to": [8.704, 1.92, 8.32],
			"faces": {
				"east": {"uv": [8.6875, 8, 8.25, 8.125], "texture": "#mesh_atlas"},
				"west": {"uv": [8.25, 8.125, 8.6875, 8.25], "texture": "#mesh_atlas"},
				"up": {"uv": [6.625, 11.6875, 7.1875, 11.25], "texture": "#mesh_atlas"}
			}
		},
		{
			"from": [7.552, 1.664, 8.448],
			"to": [8.704, 1.92, 8.576],
			"faces": {
				"east": {"uv": [6.5, 8, 6.4375, 8.125], "texture": "#mesh_atlas"},
				"west": {"uv": [7.25, 9, 7.3125, 9.125], "texture": "#mesh_atlas"},
				"up": {"uv": [10.875, 14.6875, 11.4375, 14.625], "texture": "#mesh_atlas"}
			}
		},
		{
			"from": [7.552, 1.664, 8.704],
			"to": [8.704, 1.92, 9.6],
			"faces": {
				"east": {"uv": [8.6875, 9.25, 8.25, 9.375], "texture": "#mesh_atlas"},
				"west": {"uv": [8.25, 9.375, 8.6875, 9.5], "texture": "#mesh_atlas"},
				"up": {"uv": [6.625, 14.3125, 7.1875, 13.875], "texture": "#mesh_atlas"}
			}
		},
		{
			"from": [7.552, 1.792, 4.736],
			"to": [8.704, 1.92, 4.864],
			"faces": {
				"north": {"uv": [10.3125, 14.5625, 9.75, 14.625], "texture": "#mesh_atlas"},
				"east": {"uv": [9.1875, 9.4375, 9.125, 9.5], "texture": "#mesh_atlas"},
				"west": {"uv": [9.125, 9.375, 9.1875, 9.4375], "texture": "#mesh_atlas"},
				"up": {"uv": [9.1875, 14.625, 9.75, 14.5625], "texture": "#mesh_atlas"}
			}
		},
		{
			"from": [7.552, 1.792, 5.76],
			"to": [8.704, 1.92, 5.888],
			"faces": {
				"east": {"uv": [9.1875, 9.5625, 9.125, 9.625], "texture": "#mesh_atlas"},
				"west": {"uv": [9.125, 9.5, 9.1875, 9.5625], "texture": "#mesh_atlas"},
				"up": {"uv": [13.8125, 14.875, 14.375, 14.8125], "texture": "#mesh_atlas"}
			}
		},
		{
			"from": [7.552, 1.792, 6.016],
			"to": [8.704, 1.92, 6.144],
			"faces": {
				"east": {"uv": [9.1875, 9.6875, 9.125, 9.75], "texture": "#mesh_atlas"},
				"west": {"uv": [9.125, 9.625, 9.1875, 9.6875], "texture": "#mesh_atlas"},
				"up": {"uv": [15.4375, 15.6875, 16, 15.625], "texture": "#mesh_atlas"}
			}
		},
		{
			"from": [7.552, 1.792, 7.04],
			"to": [8.704, 1.92, 7.168],
			"faces": {
				"east": {"uv": [9.1875, 9.8125, 9.125, 9.875], "texture": "#mesh_atlas"},
				"west": {"uv": [9.125, 9.75, 9.1875, 9.8125], "texture": "#mesh_atlas"},
				"up": {"uv": [15.4375, 15.25, 16, 15.1875], "texture": "#mesh_atlas"}
			}
		},
		{
			"from": [7.552, 1.792, 7.296],
			"to": [8.704, 1.92, 7.424],
			"faces": {
				"east": {"uv": [9.1875, 9.9375, 9.125, 10], "texture": "#mesh_atlas"},
				"west": {"uv": [9.125, 9.875, 9.1875, 9.9375], "texture": "#mesh_atlas"},
				"up": {"uv": [14.375, 14.875, 14.9375, 14.8125], "texture": "#mesh_atlas"}
			}
		},
		{
			"from": [7.552, 1.792, 8.32],
			"to": [8.704, 1.92, 8.448],
			"faces": {
				"east": {"uv": [9.1875, 10.0625, 9.125, 10.125], "texture": "#mesh_atlas"},
				"west": {"uv": [9.125, 10, 9.1875, 10.0625], "texture": "#mesh_atlas"},
				"up": {"uv": [10.875, 14.8125, 11.4375, 14.75], "texture": "#mesh_atlas"}
			}
		},
		{
			"from": [7.552, 1.792, 8.576],
			"to": [8.704, 1.92, 8.704],
			"faces": {
				"east": {"uv": [9.1875, 10.1875, 9.125, 10.25], "texture": "#mesh_atlas"},
				"west": {"uv": [9.125, 10.125, 9.1875, 10.1875], "texture": "#mesh_atlas"},
				"up": {"uv": [13.6875, 14.8125, 14.25, 14.75], "texture": "#mesh_atlas"}
			}
		},
		{
			"from": [7.552, 1.792, 9.6],
			"to": [8.704, 1.92, 9.728],
			"faces": {
				"east": {"uv": [9.1875, 10.375, 9.125, 10.4375], "texture": "#mesh_atlas"},
				"west": {"uv": [9.125, 10.3125, 9.1875, 10.375], "texture": "#mesh_atlas"},
				"up": {"uv": [9.75, 14.75, 10.3125, 14.6875], "texture": "#mesh_atlas"}
			}
		},
		{
			"from": [7.552, 1.792, 9.856],
			"to": [8.704, 1.92, 15.872],
			"faces": {
				"east": {"uv": [15, 15.875, 12.0625, 15.9375], "texture": "#mesh_atlas"},
				"south": {"uv": [13.125, 14.6875, 13.6875, 14.75], "texture": "#mesh_atlas"},
				"west": {"uv": [12.0625, 15.9375, 15, 16], "texture": "#mesh_atlas"},
				"up": {"uv": [1.125, 13.0625, 1.6875, 10.125], "texture": "#mesh_atlas"}
			}
		},
		{
			"from": [7.68, 0.896, 4.736],
			"to": [8.576, 1.024, 4.864],
			"faces": {
				"north": {"uv": [9.125, 9.75, 8.6875, 9.8125], "texture": "#mesh_atlas"},
				"east": {"uv": [9.1875, 10.75, 9.125, 10.8125], "texture": "#mesh_atlas"},
				"south": {"uv": [8.6875, 9.6875, 9.125, 9.75], "texture": "#mesh_atlas"},
				"west": {"uv": [9.125, 10.6875, 9.1875, 10.75], "texture": "#mesh_atlas"},
				"down": {"uv": [8.6875, 9.875, 9.125, 9.9375], "texture": "#mesh_atlas"}
			}
		},
		{
			"from": [7.68, 0.896, 5.76],
			"to": [8.576, 1.024, 5.888],
			"faces": {
				"north": {"uv": [9.125, 9.5, 8.6875, 9.5625], "texture": "#mesh_atlas"},
				"east": {"uv": [9.1875, 12.875, 9.125, 12.9375], "texture": "#mesh_atlas"},
				"south": {"uv": [8.6875, 9.4375, 9.125, 9.5], "texture": "#mesh_atlas"},
				"west": {"uv": [9.125, 12.8125, 9.1875, 12.875], "texture": "#mesh_atlas"},
				"down": {"uv": [8.6875, 9.625, 9.125, 9.6875], "texture": "#mesh_atlas"}
			}
		},
		{
			"from": [7.68, 0.896, 6.016],
			"to": [8.576, 1.024, 6.144],
			"faces": {
				"north": {"uv": [9.125, 9.25, 8.6875, 9.3125], "texture": "#mesh_atlas"},
				"east": {"uv": [9.1875, 13, 9.125, 13.0625], "texture": "#mesh_atlas"},
				"south": {"uv": [8.6875, 9.1875, 9.125, 9.25], "texture": "#mesh_atlas"},
				"west": {"uv": [9.125, 12.9375, 9.1875, 13], "texture": "#mesh_atlas"},
				"down": {"uv": [8.6875, 9.375, 9.125, 9.4375], "texture": "#mesh_atlas"}
			}
		},
		{
			"from": [7.68, 0.896, 7.04],
			"to": [8.576, 1.024, 7.168],
			"faces": {
				"north": {"uv": [9.125, 9, 8.6875, 9.0625], "texture": "#mesh_atlas"},
				"east": {"uv": [9.1875, 13.375, 9.125, 13.4375], "texture": "#mesh_atlas"},
				"south": {"uv": [8.6875, 8.9375, 9.125, 9], "texture": "#mesh_atlas"},
				"west": {"uv": [9.125, 13.3125, 9.1875, 13.375], "texture": "#mesh_atlas"},
				"down": {"uv": [8.6875, 9.125, 9.125, 9.1875], "texture": "#mesh_atlas"}
			}
		},
		{
			"from": [7.68, 0.896, 7.296],
			"to": [8.576, 1.024, 7.424],
			"faces": {
				"north": {"uv": [9.125, 8.75, 8.6875, 8.8125], "texture": "#mesh_atlas"},
				"east": {"uv": [9.1875, 9.25, 9.125, 9.3125], "texture": "#mesh_atlas"},
				"south": {"uv": [8.6875, 8.6875, 9.125, 8.75], "texture": "#mesh_atlas"},
				"west": {"uv": [9.125, 13.4375, 9.1875, 13.5], "texture": "#mesh_atlas"},
				"down": {"uv": [8.6875, 8.875, 9.125, 8.9375], "texture": "#mesh_atlas"}
			}
		},
		{
			"from": [7.68, 0.896, 8.32],
			"to": [8.576, 1.024, 8.448],
			"faces": {
				"north": {"uv": [9.125, 8.5, 8.6875, 8.5625], "texture": "#mesh_atlas"},
				"east": {"uv": [9.1875, 13.5625, 9.125, 13.625], "texture": "#mesh_atlas"},
				"south": {"uv": [8.6875, 8.4375, 9.125, 8.5], "texture": "#mesh_atlas"},
				"west": {"uv": [9.125, 13.5, 9.1875, 13.5625], "texture": "#mesh_atlas"},
				"down": {"uv": [8.6875, 8.625, 9.125, 8.6875], "texture": "#mesh_atlas"}
			}
		},
		{
			"from": [7.68, 0.896, 8.576],
			"to": [8.576, 1.024, 8.704],
			"faces": {
				"north": {"uv": [9.125, 8.25, 8.6875, 8.3125], "texture": "#mesh_atlas"},
				"east": {"uv": [9.1875, 13.9375, 9.125, 14], "texture": "#mesh_atlas"},
				"south": {"uv": [8.6875, 8.1875, 9.125, 8.25], "texture": "#mesh_atlas"},
				"west": {"uv": [9.125, 13.875, 9.1875, 13.9375], "texture": "#mesh_atlas"},
				"down": {"uv": [8.6875, 8.375, 9.125, 8.4375], "texture": "#mesh_atlas"}
			}
		},
		{
			"from": [7.68, 0.896, 9.6],
			"to": [8.576, 1.024, 9.728],
			"faces": {
				"north": {"uv": [9.125, 8, 8.6875, 8.0625], "texture": "#mesh_atlas"},
				"east": {"uv": [7.9375, 8.6875, 7.875, 8.75], "texture": "#mesh_atlas"},
				"south": {"uv": [15.5, 14.875, 15.9375, 14.9375], "texture": "#mesh_atlas"},
				"west": {"uv": [9.125, 14.125, 9.1875, 14.1875], "texture": "#mesh_atlas"},
				"down": {"uv": [8.6875, 8.125, 9.125, 8.1875], "texture": "#mesh_atlas"}
			}
		},
		{
			"from": [7.68, 0.896, 9.856],
			"to": [8.576, 1.024, 15.872],
			"faces": {
				"north": {"uv": [15.9375, 14.8125, 15.5, 14.875], "texture": "#mesh_atlas"},
				"east": {"uv": [14.8125, 15.75, 11.875, 15.8125], "texture": "#mesh_atlas"},
				"south": {"uv": [11.4375, 14.5625, 11.875, 14.625], "texture": "#mesh_atlas"},
				"west": {"uv": [11.875, 15.8125, 14.8125, 15.875], "texture": "#mesh_atlas"},
				"down": {"uv": [2.1875, 10.125, 2.625, 13.0625], "texture": "#mesh_atlas"}
			}
		},
		{
			"from": [7.68, 1.024, 1.024],
			"to": [8.576, 1.152, 4.608],
			"faces": {
				"north": {"uv": [12.3125, 14.5625, 11.875, 14.625], "texture": "#mesh_atlas"},
				"east": {"uv": [14.875, 15.5625, 13.125, 15.625], "texture": "#mesh_atlas"},
				"west": {"uv": [11.4375, 15.3125, 13.1875, 15.375], "texture": "#mesh_atlas"},
				"down": {"uv": [3.4375, 13.625, 3.875, 15.375], "texture": "#mesh_atlas"}
			}
		},
		{
			"from": [7.68, 1.024, 15.872],
			"to": [8.576, 1.152, 16],
			"faces": {
				"east": {"uv": [7.9375, 9.875, 7.875, 9.9375], "texture": "#mesh_atlas"},
				"south": {"uv": [14.0625, 14.5625, 14.5, 14.625], "texture": "#mesh_atlas", "cullface": "south"},
				"west": {"uv": [7.875, 9.4375, 7.9375, 9.5], "texture": "#mesh_atlas"},
				"down": {"uv": [12.75, 14.5625, 13.1875, 14.625], "texture": "#mesh_atlas"}
			}
		},
		{
			"from": [7.68, 1.152, 0.896],
			"to": [8.576, 1.92, 1.024],
			"faces": {
				"north": {"uv": [3.0625, 8, 2.625, 8.375], "texture": "#mesh_atlas"},
				"east": {"uv": [7.3125, 11.3125, 7.25, 11.6875], "texture": "#mesh_atlas"},
				"west": {"uv": [7.1875, 8, 7.25, 8.375], "texture": "#mesh_atlas"},
				"up": {"uv": [14.9375, 14.625, 15.375, 14.5625], "texture": "#mesh_atlas"},
				"down": {"uv": [14.5, 14.5625, 14.9375, 14.625], "texture": "#mesh_atlas"}
			}
		},
		{
			"from": [7.68, 1.152, 16],
			"to": [8.576, 1.28, 16.128],
			"faces": {
				"east": {"uv": [2.1875, 8.3125, 2.125, 8.375], "texture": "#mesh_atlas", "cullface": "south"},
				"south": {"uv": [10.0625, 14.5, 10.5, 14.5625], "texture": "#mesh_atlas", "cullface": "south"},
				"west": {"uv": [4.1875, 8.6875, 4.25, 8.75], "texture": "#mesh_atlas", "cullface": "south"},
				"down": {"uv": [15.375, 14.5625, 15.8125, 14.625], "texture": "#mesh_atlas", "cullface": "south"}
			}
		},
		{
			"from": [7.68, 1.28, 16.128],
			"to": [8.576, 1.664, 16.256],
			"faces": {
				"east": {"uv": [8.25, 8.75, 8.1875, 8.9375], "texture": "#mesh_atlas", "cullface": "south"},
				"south": {"uv": [5.9375, 9.875, 6.375, 10.0625], "texture": "#mesh_atlas", "cullface": "south"},
				"west": {"uv": [8.125, 8.4375, 8.1875, 8.625], "texture": "#mesh_atlas", "cullface": "south"},
				"up": {"uv": [10.9375, 14.5625, 11.375, 14.5], "texture": "#mesh_atlas", "cullface": "south"},
				"down": {"uv": [10.5, 14.5, 10.9375, 14.5625], "texture": "#mesh_atlas", "cullface": "south"}
			}
		},
		{
			"from": [7.68, 1.408, 16.256],
			"to": [8.576, 1.536, 16.384],
			"faces": {
				"east": {"uv": [9.625, 9.1875, 9.5625, 9.25], "texture": "#mesh_atlas", "cullface": "south"},
				"south": {"uv": [12.6875, 14.5, 13.125, 14.5625], "texture": "#mesh_atlas", "cullface": "south"},
				"west": {"uv": [9.625, 11.1875, 9.6875, 11.25], "texture": "#mesh_atlas", "cullface": "south"},
				"up": {"uv": [11.8125, 14.5625, 12.25, 14.5], "texture": "#mesh_atlas", "cullface": "south"},
				"down": {"uv": [11.375, 14.5, 11.8125, 14.5625], "texture": "#mesh_atlas", "cullface": "south"}
			}
		},
		{
			"from": [7.68, 1.664, 16],
			"to": [8.576, 1.792, 16.128],
			"faces": {
				"east": {"uv": [9.625, 9.4375, 9.5625, 9.5], "texture": "#mesh_atlas", "cullface": "south"},
				"south": {"uv": [14.4375, 14.5, 14.875, 14.5625], "texture": "#mesh_atlas", "cullface": "south"},
				"west": {"uv": [9.5, 9.375, 9.5625, 9.4375], "texture": "#mesh_atlas", "cullface": "south"},
				"up": {"uv": [13.5625, 14.5625, 14, 14.5], "texture": "#mesh_atlas", "cullface": "south"}
			}
		},
		{
			"from": [7.68, 1.792, 4.48],
			"to": [8.576, 1.92, 4.736],
			"faces": {
				"east": {"uv": [7.3125, 8.6875, 7.1875, 8.75], "texture": "#mesh_atlas"},
				"west": {"uv": [7.8125, 14.875, 7.9375, 14.9375], "texture": "#mesh_atlas"},
				"up": {"uv": [8.25, 8.75, 8.6875, 8.625], "texture": "#mesh_atlas"}
			}
		},
		{
			"from": [7.68, 1.792, 15.872],
			"to": [8.576, 1.92, 16],
			"faces": {
				"east": {"uv": [9.625, 9.75, 9.5625, 9.8125], "texture": "#mesh_atlas"},
				"south": {"uv": [10.5, 14.4375, 10.9375, 14.5], "texture": "#mesh_atlas", "cullface": "south"},
				"west": {"uv": [9.5625, 9.625, 9.625, 9.6875], "texture": "#mesh_atlas"},
				"up": {"uv": [9.625, 14.5, 10.0625, 14.4375], "texture": "#mesh_atlas"}
			}
		},
		{
			"from": [7.68, 1.92, 1.152],
			"to": [8.576, 2.048, 3.2],
			"faces": {
				"north": {"uv": [11.375, 14.4375, 10.9375, 14.5], "texture": "#mesh_atlas"},
				"east": {"uv": [16, 15.875, 15, 15.9375], "texture": "#mesh_atlas"},
				"south": {"uv": [11.375, 14.4375, 11.8125, 14.5], "texture": "#mesh_atlas"},
				"west": {"uv": [15, 15.9375, 16, 16], "texture": "#mesh_atlas"},
				"up": {"uv": [5.9375, 11.0625, 6.375, 10.0625], "texture": "#mesh_atlas"}
			}
		},
		{
			"from": [7.68, 1.92, 4.736],
			"to": [8.576, 2.048, 4.864],
			"faces": {
				"north": {"uv": [13.125, 14.4375, 12.6875, 14.5], "texture": "#mesh_atlas"},
				"east": {"uv": [9.625, 9.8125, 9.5625, 9.875], "texture": "#mesh_atlas"},
				"south": {"uv": [13.125, 14.4375, 13.5625, 14.5], "texture": "#mesh_atlas"},
				"west": {"uv": [9.5, 9.75, 9.5625, 9.8125], "texture": "#mesh_atlas"},
				"up": {"uv": [12.25, 14.5, 12.6875, 14.4375], "texture": "#mesh_atlas"}
			}
		},
		{
			"from": [7.68, 1.92, 5.76],
			"to": [8.576, 2.048, 5.888],
			"faces": {
				"north": {"uv": [14.875, 14.4375, 14.4375, 14.5], "texture": "#mesh_atlas"},
				"east": {"uv": [9.1875, 13.6875, 9.125, 13.75], "texture": "#mesh_atlas"},
				"south": {"uv": [14.875, 14.4375, 15.3125, 14.5], "texture": "#mesh_atlas"},
				"west": {"uv": [9.5, 9.8125, 9.5625, 9.875], "texture": "#mesh_atlas"},
				"up": {"uv": [14, 14.5, 14.4375, 14.4375], "texture": "#mesh_atlas"}
			}
		},
		{
			"from": [7.68, 1.92, 6.016],
			"to": [8.576, 2.048, 6.144],
			"faces": {
				"north": {"uv": [10.0625, 14.375, 9.625, 14.4375], "texture": "#mesh_atlas"},
				"east": {"uv": [9.6875, 11, 9.625, 11.0625], "texture": "#mesh_atlas"},
				"south": {"uv": [10.0625, 14.375, 10.5, 14.4375], "texture": "#mesh_atlas"},
				"west": {"uv": [9.625, 11.3125, 9.6875, 11.375], "texture": "#mesh_atlas"},
				"up": {"uv": [9.1875, 14.4375, 9.625, 14.375], "texture": "#mesh_atlas"}
			}
		},
		{
			"from": [7.68, 1.92, 7.04],
			"to": [8.576, 2.048, 7.168],
			"faces": {
				"north": {"uv": [11.8125, 14.375, 11.375, 14.4375], "texture": "#mesh_atlas"},
				"east": {"uv": [9.1875, 8.5, 9.125, 8.5625], "texture": "#mesh_atlas"},
				"south": {"uv": [11.8125, 14.375, 12.25, 14.4375], "texture": "#mesh_atlas"},
				"west": {"uv": [9.125, 8.4375, 9.1875, 8.5], "texture": "#mesh_atlas"},
				"up": {"uv": [10.9375, 14.4375, 11.375, 14.375], "texture": "#mesh_atlas"}
			}
		},
		{
			"from": [7.68, 1.92, 7.296],
			"to": [8.576, 2.048, 7.424],
			"faces": {
				"north": {"uv": [13.5625, 14.375, 13.125, 14.4375], "texture": "#mesh_atlas"},
				"east": {"uv": [9.1875, 13.8125, 9.125, 13.875], "texture": "#mesh_atlas"},
				"south": {"uv": [13.5625, 14.375, 14, 14.4375], "texture": "#mesh_atlas"},
				"west": {"uv": [9.125, 13.75, 9.1875, 13.8125], "texture": "#mesh_atlas"},
				"up": {"uv": [12.6875, 14.4375, 13.125, 14.375], "texture": "#mesh_atlas"}
			}
		},
		{
			"from": [7.68, 1.92, 8.32],
			"to": [8.576, 2.048, 8.448],
			"faces": {
				"north": {"uv": [15.3125, 14.375, 14.875, 14.4375], "texture": "#mesh_atlas"},
				"east": {"uv": [9.1875, 14.0625, 9.125, 14.125], "texture": "#mesh_atlas"},
				"south": {"uv": [15.3125, 14.375, 15.75, 14.4375], "texture": "#mesh_atlas"},
				"west": {"uv": [9.125, 14, 9.1875, 14.0625], "texture": "#mesh_atlas"},
				"up": {"uv": [14.4375, 14.4375, 14.875, 14.375], "texture": "#mesh_atlas"}
			}
		},
		{
			"from": [7.68, 1.92, 8.576],
			"to": [8.576, 2.048, 8.704],
			"faces": {
				"north": {"uv": [9.625, 14.1875, 9.1875, 14.25], "texture": "#mesh_atlas"},
				"east": {"uv": [9.6875, 11.125, 9.625, 11.1875], "texture": "#mesh_atlas"},
				"south": {"uv": [9.1875, 14.125, 9.625, 14.1875], "texture": "#mesh_atlas"},
				"west": {"uv": [9.625, 8.3125, 9.6875, 8.375], "texture": "#mesh_atlas"},
				"up": {"uv": [9.1875, 14.3125, 9.625, 14.25], "texture": "#mesh_atlas"}
			}
		},
		{
			"from": [7.68, 1.92, 9.6],
			"to": [8.576, 2.048, 9.728],
			"faces": {
				"north": {"uv": [9.625, 13.9375, 9.1875, 14], "texture": "#mesh_atlas"},
				"east": {"uv": [9.625, 9.375, 9.5625, 9.4375], "texture": "#mesh_atlas"},
				"south": {"uv": [9.1875, 13.875, 9.625, 13.9375], "texture": "#mesh_atlas"},
				"west": {"uv": [9.5, 9.1875, 9.5625, 9.25], "texture": "#mesh_atlas"},
				"up": {"uv": [9.1875, 14.0625, 9.625, 14], "texture": "#mesh_atlas"}
			}
		},
		{
			"from": [7.68, 1.92, 9.856],
			"to": [8.576, 2.048, 15.744],
			"faces": {
				"north": {"uv": [9.625, 13.8125, 9.1875, 13.875], "texture": "#mesh_atlas"},
				"east": {"uv": [10.25, 15.5625, 7.375, 15.625], "texture": "#mesh_atlas"},
				"south": {"uv": [9.1875, 13.75, 9.625, 13.8125], "texture": "#mesh_atlas"},
				"west": {"uv": [11.875, 15.625, 14.75, 15.6875], "texture": "#mesh_atlas"},
				"up": {"uv": [2.625, 16, 3.0625, 13.125], "texture": "#mesh_atlas"}
			}
		},
		{
			"from": [7.68, 2.048, 1.28],
			"to": [8.576, 2.688, 2.304],
			"faces": {
				"north": {"uv": [5.625, 13.625, 5.1875, 13.9375], "texture": "#mesh_atlas"},
				"east": {"uv": [2.1875, 8, 1.6875, 8.3125], "texture": "#mesh_atlas"},
				"south": {"uv": [8.25, 14.625, 8.6875, 14.9375], "texture": "#mesh_atlas"},
				"west": {"uv": [7.375, 13.0625, 7.875, 13.375], "texture": "#mesh_atlas"},
				"up": {"uv": [6.625, 11.25, 7.0625, 10.75], "texture": "#mesh_atlas"}
			}
		},
		{
			"from": [7.68, 2.048, 2.304],
			"to": [7.808, 4.736, 3.2],
			"faces": {
				"north": {"uv": [6.375, 14.0625, 6.3125, 15.375], "texture": "#mesh_atlas"},
				"east": {"uv": [3.875, 11.0625, 3.4375, 12.375], "texture": "#mesh_atlas"},
				"south": {"uv": [6.375, 8, 6.4375, 9.3125], "texture": "#mesh_atlas"},
				"west": {"uv": [3.875, 11.0625, 4.3125, 12.375], "texture": "#mesh_atlas"},
				"up": {"uv": [6.3125, 9.375, 6.375, 8.9375], "texture": "#mesh_atlas"}
			}
		},
		{
			"from": [7.68, 2.688, 1.408],
			"to": [8.576, 2.816, 2.304],
			"faces": {
				"north": {"uv": [9.625, 13.6875, 9.1875, 13.75], "texture": "#mesh_atlas"},
				"east": {"uv": [9.625, 13.5, 9.1875, 13.5625], "texture": "#mesh_atlas"},
				"west": {"uv": [9.1875, 13.5625, 9.625, 13.625], "texture": "#mesh_atlas"},
				"up": {"uv": [6.625, 9.4375, 7.0625, 9], "texture": "#mesh_atlas"}
			}
		},
		{
			"from": [7.68, 2.816, 1.536],
			"to": [8.576, 3.2, 2.304],
			"faces": {
				"north": {"uv": [4.6875, 8, 4.25, 8.1875], "texture": "#mesh_atlas"},
				"east": {"uv": [8.625, 9.6875, 8.25, 9.875], "texture": "#mesh_atlas"},
				"west": {"uv": [8.25, 9.875, 8.625, 10.0625], "texture": "#mesh_atlas"},
				"up": {"uv": [7.375, 14.125, 7.8125, 13.75], "texture": "#mesh_atlas"}
			}
		},
		{
			"from": [7.68, 2.944, 3.2],
			"to": [8.576, 6.784, 3.328],
			"faces": {
				"north": {"uv": [2.625, 8.25, 2.1875, 10.125], "texture": "#mesh_atlas"},
				"east": {"uv": [2.1875, 8.375, 2.125, 10.25], "texture": "#mesh_atlas"},
				"south": {"uv": [2.625, 8.375, 3.0625, 10.25], "texture": "#mesh_atlas"},
				"west": {"uv": [3.25, 8.875, 3.3125, 10.75], "texture": "#mesh_atlas"},
				"up": {"uv": [9.1875, 13.4375, 9.625, 13.375], "texture": "#mesh_atlas"},
				"down": {"uv": [9.1875, 13.4375, 9.625, 13.5], "texture": "#mesh_atlas"}
			}
		},
		{
			"from": [7.68, 3.072, 3.328],
			"to": [8.576, 7.04, 3.456],
			"faces": {
				"north": {"uv": [1.5625, 8.1875, 1.125, 10.125], "texture": "#mesh_atlas"},
				"east": {"uv": [1.6875, 8.1875, 1.625, 10.125], "texture": "#mesh_atlas"},
				"south": {"uv": [1.6875, 8.3125, 2.125, 10.25], "texture": "#mesh_atlas"},
				"west": {"uv": [1.5625, 8.1875, 1.625, 10.125], "texture": "#mesh_atlas"},
				"up": {"uv": [9.1875, 13.3125, 9.625, 13.25], "texture": "#mesh_atlas"},
				"down": {"uv": [9.1875, 13.3125, 9.625, 13.375], "texture": "#mesh_atlas"}
			}
		},
		{
			"from": [7.68, 3.2, 1.664],
			"to": [8.576, 3.328, 2.304],
			"faces": {
				"north": {"uv": [9.625, 13.1875, 9.1875, 13.25], "texture": "#mesh_atlas"},
				"east": {"uv": [9.125, 10.6875, 8.8125, 10.75], "texture": "#mesh_atlas"},
				"west": {"uv": [9.1875, 10.8125, 9.5, 10.875], "texture": "#mesh_atlas"},
				"up": {"uv": [8.25, 14.3125, 8.6875, 14], "texture": "#mesh_atlas"}
			}
		},
		{
			"from": [7.68, 3.328, 1.792],
			"to": [8.576, 3.712, 2.304],
			"faces": {
				"north": {"uv": [8.6875, 11.375, 8.25, 11.5625], "texture": "#mesh_atlas"},
				"east": {"uv": [7.3125, 10.75, 7.0625, 10.9375], "texture": "#mesh_atlas"},
				"west": {"uv": [4.6875, 8, 4.9375, 8.1875], "texture": "#mesh_atlas"},
				"up": {"uv": [4.625, 10.0625, 5.0625, 9.8125], "texture": "#mesh_atlas"}
			}
		},
		{
			"from": [7.68, 3.712, 1.92],
			"to": [8.576, 3.84, 2.304],
			"faces": {
				"north": {"uv": [9.625, 13.0625, 9.1875, 13.125], "texture": "#mesh_atlas"},
				"east": {"uv": [13.9375, 14.1875, 13.75, 14.25], "texture": "#mesh_atlas"},
				"west": {"uv": [13.9375, 14.1875, 14.125, 14.25], "texture": "#mesh_atlas"},
				"up": {"uv": [8.25, 11, 8.6875, 10.8125], "texture": "#mesh_atlas"}
			}
		},
		{
			"from": [7.68, 3.84, 2.048],
			"to": [8.576, 4.224, 2.304],
			"faces": {
				"north": {"uv": [8.6875, 11.9375, 8.25, 12.125], "texture": "#mesh_atlas"},
				"east": {"uv": [6.625, 8, 6.5, 8.1875], "texture": "#mesh_atlas"},
				"west": {"uv": [7.1875, 8.8125, 7.3125, 9], "texture": "#mesh_atlas"},
				"up": {"uv": [8.6875, 13.4375, 9.125, 13.3125], "texture": "#mesh_atlas"}
			}
		},
		{
			"from": [7.68, 4.224, 2.176],
			"to": [8.576, 4.48, 2.304],
			"faces": {
				"north": {"uv": [9.125, 13.6875, 8.6875, 13.8125], "texture": "#mesh_atlas"},
				"east": {"uv": [8.1875, 8.625, 8.125, 8.75], "texture": "#mesh_atlas"},
				"west": {"uv": [8.1875, 8.625, 8.25, 8.75], "texture": "#mesh_atlas"},
				"up": {"uv": [9.1875, 12.9375, 9.625, 12.875], "texture": "#mesh_atlas"}
			}
		},
		{
			"from": [7.68, 4.352, 3.456],
			"to": [8.576, 7.296, 3.584],
			"faces": {
				"north": {"uv": [6.0625, 13.9375, 5.625, 15.375], "texture": "#mesh_atlas"},
				"east": {"uv": [6.4375, 9.3125, 6.375, 10.75], "texture": "#mesh_atlas"},
				"south": {"uv": [5.1875, 13.9375, 5.625, 15.375], "texture": "#mesh_atlas"},
				"west": {"uv": [6.4375, 9.3125, 6.5, 10.75], "texture": "#mesh_atlas"},
				"up": {"uv": [9.1875, 12.8125, 9.625, 12.75], "texture": "#mesh_atlas"},
				"down": {"uv": [9.1875, 12.8125, 9.625, 12.875], "texture": "#mesh_atlas"}
			}
		},
		{
			"from": [7.68, 4.48, 3.584],
			"to": [8.576, 7.552, 3.712],
			"faces": {
				"north": {"uv": [5.1875, 13.875, 4.75, 15.375], "texture": "#mesh_atlas"},
				"east": {"uv": [3.375, 9.25, 3.3125, 10.75], "texture": "#mesh_atlas"},
				"south": {"uv": [4.3125, 13.875, 4.75, 15.375], "texture": "#mesh_atlas"},
				"west": {"uv": [3.375, 9.25, 3.4375, 10.75], "texture": "#mesh_atlas"},
				"up": {"uv": [9.1875, 12.6875, 9.625, 12.625], "texture": "#mesh_atlas"},
				"down": {"uv": [9.1875, 12.6875, 9.625, 12.75], "texture": "#mesh_atlas"}
			}
		},
		{
			"from": [7.68, 4.736, 2.432],
			"to": [8.576, 4.992, 3.2],
			"faces": {
				"north": {"uv": [9.125, 14.4375, 8.6875, 14.5625], "texture": "#mesh_atlas"},
				"east": {"uv": [9.1875, 13.1875, 8.8125, 13.3125], "texture": "#mesh_atlas"},
				"west": {"uv": [8.8125, 13.0625, 9.1875, 13.1875], "texture": "#mesh_atlas"},
				"up": {"uv": [7.375, 14.875, 7.8125, 14.5], "texture": "#mesh_atlas"}
			}
		},
		{
			"from": [7.68, 4.992, 2.56],
			"to": [8.576, 5.248, 3.2],
			"faces": {
				"north": {"uv": [9.125, 14.0625, 8.6875, 14.1875], "texture": "#mesh_atlas"},
				"east": {"uv": [16, 15.0625, 15.6875, 15.1875], "texture": "#mesh_atlas"},
				"west": {"uv": [15.6875, 14.9375, 16, 15.0625], "texture": "#mesh_atlas"},
				"up": {"uv": [8.25, 15.25, 8.6875, 14.9375], "texture": "#mesh_atlas"}
			}
		},
		{
			"from": [7.68, 5.248, 2.688],
			"to": [8.576, 5.632, 3.2],
			"faces": {
				"north": {"uv": [6, 11.0625, 5.5625, 11.25], "texture": "#mesh_atlas"},
				"east": {"uv": [7.3125, 10.25, 7.0625, 10.4375], "texture": "#mesh_atlas"},
				"west": {"uv": [7.6875, 11.9375, 7.9375, 12.125], "texture": "#mesh_atlas"},
				"up": {"uv": [2.1875, 8.25, 2.625, 8], "texture": "#mesh_atlas"}
			}
		},
		{
			"from": [7.68, 5.376, 3.712],
			"to": [8.576, 7.808, 3.84],
			"faces": {
				"north": {"uv": [4.75, 11.1875, 4.3125, 12.375], "texture": "#mesh_atlas"},
				"east": {"uv": [6.5, 8.125, 6.4375, 9.3125], "texture": "#mesh_atlas"},
				"south": {"uv": [4.75, 11.1875, 5.1875, 12.375], "texture": "#mesh_atlas"},
				"west": {"uv": [4.1875, 8.75, 4.25, 9.9375], "texture": "#mesh_atlas"},
				"up": {"uv": [9.1875, 12.5625, 9.625, 12.5], "texture": "#mesh_atlas"},
				"down": {"uv": [9.1875, 12.5625, 9.625, 12.625], "texture": "#mesh_atlas"}
			}
		},
		{
			"from": [7.68, 5.632, 2.816],
			"to": [8.576, 5.888, 3.2],
			"faces": {
				"north": {"uv": [8.6875, 8.25, 8.25, 8.375], "texture": "#mesh_atlas"},
				"east": {"uv": [7.875, 11.0625, 7.6875, 11.1875], "texture": "#mesh_atlas"},
				"west": {"uv": [7.6875, 11.5, 7.875, 11.625], "texture": "#mesh_atlas"},
				"up": {"uv": [8.25, 10.8125, 8.6875, 10.625], "texture": "#mesh_atlas"}
			}
		},
		{
			"from": [7.68, 5.888, 2.944],
			"to": [8.576, 6.144, 3.2],
			"faces": {
				"north": {"uv": [9.125, 13.8125, 8.6875, 13.9375], "texture": "#mesh_atlas"},
				"east": {"uv": [7.3125, 11.6875, 7.1875, 11.8125], "texture": "#mesh_atlas"},
				"west": {"uv": [7.1875, 12.125, 7.3125, 12.25], "texture": "#mesh_atlas"},
				"up": {"uv": [8.6875, 13.6875, 9.125, 13.5625], "texture": "#mesh_atlas"}
			}
		},
		{
			"from": [7.68, 5.888, 3.84],
			"to": [8.576, 8.192, 3.968],
			"faces": {
				"north": {"uv": [6, 11.25, 5.5625, 12.375], "texture": "#mesh_atlas"},
				"east": {"uv": [6.625, 9.625, 6.5625, 10.75], "texture": "#mesh_atlas"},
				"south": {"uv": [3.8125, 9.9375, 4.25, 11.0625], "texture": "#mesh_atlas"},
				"west": {"uv": [6.5, 9.625, 6.5625, 10.75], "texture": "#mesh_atlas"},
				"up": {"uv": [9.1875, 12.4375, 9.625, 12.375], "texture": "#mesh_atlas"},
				"down": {"uv": [9.1875, 12.4375, 9.625, 12.5], "texture": "#mesh_atlas"}
			}
		},
		{
			"from": [7.68, 6.144, 3.072],
			"to": [8.576, 6.528, 3.2],
			"faces": {
				"north": {"uv": [8.6875, 12.5, 8.25, 12.6875], "texture": "#mesh_atlas"},
				"east": {"uv": [9.6875, 13.25, 9.625, 13.4375], "texture": "#mesh_atlas"},
				"west": {"uv": [9.625, 13.4375, 9.6875, 13.625], "texture": "#mesh_atlas"},
				"up": {"uv": [9.1875, 12.3125, 9.625, 12.25], "texture": "#mesh_atlas"}
			}
		},
		{
			"from": [7.68, 6.4, 3.968],
			"to": [8.576, 8.448, 4.096],
			"faces": {
				"north": {"uv": [5.9375, 10.0625, 5.5, 11.0625], "texture": "#mesh_atlas"},
				"east": {"uv": [6.5625, 8.625, 6.5, 9.625], "texture": "#mesh_atlas"},
				"south": {"uv": [5.0625, 10.0625, 5.5, 11.0625], "texture": "#mesh_atlas"},
				"west": {"uv": [6.5625, 8.625, 6.625, 9.625], "texture": "#mesh_atlas"},
				"up": {"uv": [9.1875, 12.1875, 9.625, 12.125], "texture": "#mesh_atlas"},
				"down": {"uv": [9.1875, 12.1875, 9.625, 12.25], "texture": "#mesh_atlas"}
			}
		},
		{
			"from": [7.68, 6.912, 4.096],
			"to": [8.576, 8.704, 4.224],
			"faces": {
				"north": {"uv": [0.4375, 8, 0, 8.875], "texture": "#mesh_atlas"},
				"east": {"uv": [7.375, 9, 7.3125, 9.875], "texture": "#mesh_atlas"},
				"south": {"uv": [0.5625, 8, 1, 8.875], "texture": "#mesh_atlas"},
				"west": {"uv": [7.3125, 8.125, 7.375, 9], "texture": "#mesh_atlas"},
				"up": {"uv": [9.1875, 12.0625, 9.625, 12], "texture": "#mesh_atlas"},
				"down": {"uv": [9.1875, 12.0625, 9.625, 12.125], "texture": "#mesh_atlas"}
			}
		},
		{
			"from": [7.68, 7.424, 4.224],
			"to": [8.576, 9.088, 4.352],
			"faces": {
				"north": {"uv": [4.6875, 8.1875, 4.25, 9], "texture": "#mesh_atlas"},
				"east": {"uv": [8.8125, 12.5, 8.75, 13.3125], "texture": "#mesh_atlas"},
				"south": {"uv": [4.25, 9, 4.6875, 9.8125], "texture": "#mesh_atlas"},
				"west": {"uv": [8.6875, 12.5, 8.75, 13.3125], "texture": "#mesh_atlas"},
				"up": {"uv": [9.1875, 11.9375, 9.625, 11.875], "texture": "#mesh_atlas"},
				"down": {"uv": [9.1875, 11.9375, 9.625, 12], "texture": "#mesh_atlas"}
			}
		},
		{
			"from": [7.68, 7.936, 4.352],
			"to": [8.576, 9.344, 4.48],
			"faces": {
				"north": {"uv": [6.0625, 8.25, 5.625, 8.9375], "texture": "#mesh_atlas"},
				"east": {"uv": [8.75, 11.8125, 8.6875, 12.5], "texture": "#mesh_atlas"},
				"south": {"uv": [3.8125, 8, 4.25, 8.6875], "texture": "#mesh_atlas"},
				"west": {"uv": [8.75, 11.8125, 8.8125, 12.5], "texture": "#mesh_atlas"},
				"up": {"uv": [9.1875, 11.8125, 9.625, 11.75], "texture": "#mesh_atlas"},
				"down": {"uv": [9.1875, 11.8125, 9.625, 11.875], "texture": "#mesh_atlas"}
			}
		},
		{
			"from": [7.68, 8.32, 4.48],
			"to": [8.576, 8.576, 4.608],
			"faces": {
				"east": {"uv": [7.9375, 9.3125, 7.875, 9.4375], "texture": "#mesh_atlas"},
				"south": {"uv": [4.3125, 11.0625, 4.75, 11.1875], "texture": "#mesh_atlas"},
				"west": {"uv": [7.875, 9.75, 7.9375, 9.875], "texture": "#mesh_atlas"},
				"up": {"uv": [9.1875, 11.6875, 9.625, 11.625], "texture": "#mesh_atlas"},
				"down": {"uv": [9.1875, 11.6875, 9.625, 11.75], "texture": "#mesh_atlas"}
			}
		},
		{
			"from": [7.808, 0.896, 4.864],
			"to": [8.448, 1.024, 5.76],
			"faces": {
				"east": {"uv": [9.625, 11.5, 9.1875, 11.5625], "texture": "#mesh_atlas"},
				"west": {"uv": [9.1875, 11.5625, 9.625, 11.625], "texture": "#mesh_atlas"},
				"down": {"uv": [7.9375, 12.5, 8.25, 12.9375], "texture": "#mesh_atlas"}
			}
		},
		{
			"from": [7.808, 0.896, 6.144],
			"to": [8.448, 1.024, 7.04],
			"faces": {
				"east": {"uv": [9.625, 11.375, 9.1875, 11.4375], "texture": "#mesh_atlas"},
				"west": {"uv": [9.1875, 11.4375, 9.625, 11.5], "texture": "#mesh_atlas"},
				"down": {"uv": [7.9375, 14.6875, 8.25, 15.125], "texture": "#mesh_atlas"}
			}
		},
		{
			"from": [7.808, 0.896, 7.424],
			"to": [8.448, 1.024, 8.32],
			"faces": {
				"east": {"uv": [9.625, 11.25, 9.1875, 11.3125], "texture": "#mesh_atlas"},
				"west": {"uv": [9.1875, 11.3125, 9.625, 11.375], "texture": "#mesh_atlas"},
				"down": {"uv": [7.9375, 11.1875, 8.25, 11.625], "texture": "#mesh_atlas"}
			}
		},
		{
			"from": [7.808, 0.896, 8.704],
			"to": [8.448, 1.024, 9.6],
			"faces": {
				"east": {"uv": [9.625, 11.125, 9.1875, 11.1875], "texture": "#mesh_atlas"},
				"west": {"uv": [9.1875, 11.1875, 9.625, 11.25], "texture": "#mesh_atlas"},
				"down": {"uv": [7.375, 9.75, 7.6875, 10.1875], "texture": "#mesh_atlas"}
			}
		},
		{
			"from": [7.808, 1.024, 16],
			"to": [8.448, 1.152, 16.128],
			"faces": {
				"east": {"uv": [9.1875, 13.625, 9.125, 13.6875], "texture": "#mesh_atlas", "cullface": "south"},
				"south": {"uv": [9.1875, 9.375, 9.5, 9.4375], "texture": "#mesh_atlas", "cullface": "south"},
				"west": {"uv": [9.125, 9.3125, 9.1875, 9.375], "texture": "#mesh_atlas", "cullface": "south"},
				"down": {"uv": [9.1875, 9.5625, 9.5, 9.625], "texture": "#mesh_atlas", "cullface": "south"}
			}
		},
		{
			"from": [7.808, 1.152, 0.64],
			"to": [8.448, 1.792, 0.896],
			"faces": {
				"north": {"uv": [8.25, 10, 7.9375, 10.3125], "texture": "#mesh_atlas"},
				"east": {"uv": [7.3125, 11.8125, 7.1875, 12.125], "texture": "#mesh_atlas"},
				"west": {"uv": [7.1875, 12.25, 7.3125, 12.5625], "texture": "#mesh_atlas"},
				"up": {"uv": [8.8125, 13.0625, 9.125, 12.9375], "texture": "#mesh_atlas"},
				"down": {"uv": [8.8125, 12.6875, 9.125, 12.8125], "texture": "#mesh_atlas"}
			}
		},
		{
			"from": [7.808, 1.152, 15.744],
			"to": [8.832, 1.792, 15.872],
			"faces": {
				"north": {"uv": [7.875, 12.4375, 7.375, 12.75], "texture": "#mesh_atlas"},
				"east": {"uv": [7.875, 14.5625, 7.8125, 14.875], "texture": "#mesh_atlas"},
				"south": {"uv": [7.375, 12.75, 7.875, 13.0625], "texture": "#mesh_atlas"},
				"up": {"uv": [8.6875, 10.5625, 9.1875, 10.5], "texture": "#mesh_atlas"},
				"down": {"uv": [8.6875, 11.5, 9.1875, 11.5625], "texture": "#mesh_atlas"}
			}
		},
		{
			"from": [7.808, 1.152, 16.128],
			"to": [8.448, 1.28, 16.256],
			"faces": {
				"east": {"uv": [9.1875, 12.6875, 9.125, 12.75], "texture": "#mesh_atlas", "cullface": "south"},
				"south": {"uv": [9.1875, 8.6875, 9.5, 8.75], "texture": "#mesh_atlas", "cullface": "south"},
				"west": {"uv": [9.125, 12.75, 9.1875, 12.8125], "texture": "#mesh_atlas", "cullface": "south"},
				"down": {"uv": [9.1875, 8.875, 9.5, 8.9375], "texture": "#mesh_atlas", "cullface": "south"}
			}
		},
		{
			"from": [7.808, 1.28, 0.512],
			"to": [8.448, 1.664, 0.64],
			"faces": {
				"north": {"uv": [8.25, 9.625, 7.9375, 9.8125], "texture": "#mesh_atlas"},
				"east": {"uv": [8.6875, 10.0625, 8.625, 10.25], "texture": "#mesh_atlas"},
				"west": {"uv": [8.1875, 8.125, 8.25, 8.3125], "texture": "#mesh_atlas"},
				"up": {"uv": [9.1875, 8.625, 9.5, 8.5625], "texture": "#mesh_atlas"},
				"down": {"uv": [9.1875, 8.625, 9.5, 8.6875], "texture": "#mesh_atlas"}
			}
		},
		{
			"from": [7.808, 1.28, 5.76],
			"to": [8.832, 1.792, 5.888],
			"faces": {
				"north": {"uv": [15.1875, 14.9375, 14.6875, 15.1875], "texture": "#mesh_atlas"},
				"east": {"uv": [7.9375, 8, 7.875, 8.25], "texture": "#mesh_atlas"},
				"south": {"uv": [8.6875, 14.9375, 9.1875, 15.1875], "texture": "#mesh_atlas"},
				"up": {"uv": [8.6875, 11.5, 9.1875, 11.4375], "texture": "#mesh_atlas"},
				"down": {"uv": [8.6875, 10.4375, 9.1875, 10.5], "texture": "#mesh_atlas"}
			}
		},
		{
			"from": [7.808, 1.28, 6.016],
			"to": [8.832, 1.792, 6.144],
			"faces": {
				"north": {"uv": [14.6875, 14.9375, 14.1875, 15.1875], "texture": "#mesh_atlas"},
				"east": {"uv": [7.875, 9.0625, 7.8125, 9.3125], "texture": "#mesh_atlas"},
				"south": {"uv": [10.1875, 14.9375, 10.6875, 15.1875], "texture": "#mesh_atlas"},
				"up": {"uv": [8.6875, 11.25, 9.1875, 11.1875], "texture": "#mesh_atlas"},
				"down": {"uv": [8.6875, 11.25, 9.1875, 11.3125], "texture": "#mesh_atlas"}
			}
		},
		{
			"from": [7.808, 1.28, 7.04],
			"to": [8.832, 1.792, 7.168],
			"faces": {
				"north": {"uv": [15.6875, 14.9375, 15.1875, 15.1875], "texture": "#mesh_atlas"},
				"east": {"uv": [8.25, 9, 8.1875, 9.25], "texture": "#mesh_atlas"},
				"south": {"uv": [12.6875, 14.9375, 13.1875, 15.1875], "texture": "#mesh_atlas"},
				"up": {"uv": [15.5, 15.8125, 16, 15.75], "texture": "#mesh_atlas"},
				"down": {"uv": [8.6875, 11.75, 9.1875, 11.8125], "texture": "#mesh_atlas"}
			}
		},
		{
			"from": [7.808, 1.28, 7.296],
			"to": [8.832, 1.792, 7.424],
			"faces": {
				"north": {"uv": [9.1875, 14.6875, 8.6875, 14.9375], "texture": "#mesh_atlas"},
				"east": {"uv": [7.9375, 9.9375, 7.875, 10.1875], "texture": "#mesh_atlas"},
				"south": {"uv": [11.6875, 14.9375, 12.1875, 15.1875], "texture": "#mesh_atlas"},
				"up": {"uv": [8.6875, 11.6875, 9.1875, 11.625], "texture": "#mesh_atlas"},
				"down": {"uv": [15.5, 15.8125, 16, 15.875], "texture": "#mesh_atlas"}
			}
		},
		{
			"from": [7.808, 1.28, 8.32],
			"to": [8.832, 1.792, 8.448],
			"faces": {
				"north": {"uv": [9.6875, 14.9375, 9.1875, 15.1875], "texture": "#mesh_atlas"},
				"east": {"uv": [7.875, 8.3125, 7.8125, 8.5625], "texture": "#mesh_atlas"},
				"south": {"uv": [13.6875, 14.9375, 14.1875, 15.1875], "texture": "#mesh_atlas"},
				"up": {"uv": [8.6875, 11.625, 9.1875, 11.5625], "texture": "#mesh_atlas"},
				"down": {"uv": [8.6875, 11.3125, 9.1875, 11.375], "texture": "#mesh_atlas"}
			}
		},
		{
			"from": [7.808, 1.28, 8.576],
			"to": [8.832, 1.792, 8.704],
			"faces": {
				"north": {"uv": [13.6875, 14.9375, 13.1875, 15.1875], "texture": "#mesh_atlas"},
				"east": {"uv": [7.9375, 9.0625, 7.875, 9.3125], "texture": "#mesh_atlas"},
				"south": {"uv": [11.1875, 14.9375, 11.6875, 15.1875], "texture": "#mesh_atlas"},
				"up": {"uv": [8.6875, 11.4375, 9.1875, 11.375], "texture": "#mesh_atlas"},
				"down": {"uv": [8.6875, 11.6875, 9.1875, 11.75], "texture": "#mesh_atlas"}
			}
		},
		{
			"from": [7.808, 1.28, 9.6],
			"to": [8.832, 1.792, 9.728],
			"faces": {
				"north": {"uv": [12.6875, 14.9375, 12.1875, 15.1875], "texture": "#mesh_atlas"},
				"east": {"uv": [6.375, 13.125, 6.3125, 13.375], "texture": "#mesh_atlas"},
				"south": {"uv": [7.375, 8, 7.875, 8.25], "texture": "#mesh_atlas"},
				"up": {"uv": [8.6875, 10.625, 9.1875, 10.5625], "texture": "#mesh_atlas"},
				"down": {"uv": [8.6875, 10.625, 9.1875, 10.6875], "texture": "#mesh_atlas"}
			}
		},
		{
			"from": [7.808, 1.28, 9.728],
			"to": [8.704, 1.92, 9.856],
			"faces": {
				"east": {"uv": [7.3125, 9.125, 7.25, 9.4375], "texture": "#mesh_atlas"},
				"up": {"uv": [9.1875, 11.0625, 9.625, 11], "texture": "#mesh_atlas"},
				"down": {"uv": [9.1875, 11.0625, 9.625, 11.125], "texture": "#mesh_atlas"}
			}
		},
		{
			"from": [7.808, 1.28, 9.856],
			"to": [8.832, 1.792, 15.744],
			"faces": {
				"north": {"uv": [11.1875, 14.9375, 10.6875, 15.1875], "texture": "#mesh_atlas"},
				"east": {"uv": [6.3125, 13.125, 3.4375, 13.375], "texture": "#mesh_atlas"},
				"up": {"uv": [1.6875, 13.125, 2.1875, 10.25], "texture": "#mesh_atlas"},
				"down": {"uv": [1.6875, 13.125, 2.1875, 16], "texture": "#mesh_atlas"}
			}
		},
		{
			"from": [7.808, 1.28, 16.256],
			"to": [8.448, 1.408, 16.384],
			"faces": {
				"east": {"uv": [9.1875, 9, 9.125, 9.0625], "texture": "#mesh_atlas", "cullface": "south"},
				"south": {"uv": [9.1875, 10.5625, 9.5, 10.625], "texture": "#mesh_atlas", "cullface": "south"},
				"west": {"uv": [9.125, 9.0625, 9.1875, 9.125], "texture": "#mesh_atlas", "cullface": "south"},
				"down": {"uv": [9.1875, 10.75, 9.5, 10.8125], "texture": "#mesh_atlas", "cullface": "south"}
			}
		},
		{
			"from": [7.808, 1.536, 16.256],
			"to": [8.448, 1.664, 16.384],
			"faces": {
				"east": {"uv": [9.1875, 8.875, 9.125, 8.9375], "texture": "#mesh_atlas", "cullface": "south"},
				"south": {"uv": [9.1875, 9.3125, 9.5, 9.375], "texture": "#mesh_atlas", "cullface": "south"},
				"west": {"uv": [9.125, 8.9375, 9.1875, 9], "texture": "#mesh_atlas", "cullface": "south"},
				"up": {"uv": [9.1875, 10.25, 9.5, 10.1875], "texture": "#mesh_atlas", "cullface": "south"}
			}
		},
		{
			"from": [7.808, 1.664, 16.128],
			"to": [8.448, 1.792, 16.256],
			"faces": {
				"east": {"uv": [9.1875, 8.75, 9.125, 8.8125], "texture": "#mesh_atlas", "cullface": "south"},
				"south": {"uv": [9.1875, 9.625, 9.5, 9.6875], "texture": "#mesh_atlas", "cullface": "south"},
				"west": {"uv": [9.125, 8.8125, 9.1875, 8.875], "texture": "#mesh_atlas", "cullface": "south"},
				"up": {"uv": [9.1875, 9.9375, 9.5, 9.875], "texture": "#mesh_atlas", "cullface": "south"}
			}
		},
		{
			"from": [7.808, 1.792, 16],
			"to": [8.448, 1.92, 16.128],
			"faces": {
				"east": {"uv": [9.1875, 8.625, 9.125, 8.6875], "texture": "#mesh_atlas", "cullface": "south"},
				"south": {"uv": [9.1875, 9.0625, 9.5, 9.125], "texture": "#mesh_atlas", "cullface": "south"},
				"west": {"uv": [9.125, 8.6875, 9.1875, 8.75], "texture": "#mesh_atlas", "cullface": "south"},
				"up": {"uv": [9.1875, 9.25, 9.5, 9.1875], "texture": "#mesh_atlas", "cullface": "south"}
			}
		},
		{
			"from": [7.808, 1.92, 3.2],
			"to": [8.448, 2.944, 3.328],
			"faces": {
				"east": {"uv": [8.75, 10.6875, 8.6875, 11.1875], "texture": "#mesh_atlas"},
				"south": {"uv": [6.0625, 8.4375, 6.375, 8.9375], "texture": "#mesh_atlas"},
				"west": {"uv": [8.75, 10.6875, 8.8125, 11.1875], "texture": "#mesh_atlas"}
			}
		},
		{
			"from": [7.808, 1.92, 4.864],
			"to": [8.448, 2.048, 5.76],
			"faces": {
				"east": {"uv": [9.625, 10.875, 9.1875, 10.9375], "texture": "#mesh_atlas"},
				"west": {"uv": [9.1875, 10.9375, 9.625, 11], "texture": "#mesh_atlas"},
				"up": {"uv": [7.375, 11.9375, 7.6875, 11.5], "texture": "#mesh_atlas"}
			}
		},
		{
			"from": [7.808, 1.92, 6.144],
			"to": [8.448, 2.048, 7.04],
			"faces": {
				"east": {"uv": [6.0625, 8, 5.625, 8.0625], "texture": "#mesh_atlas"},
				"west": {"uv": [5.9375, 9.8125, 6.375, 9.875], "texture": "#mesh_atlas"},
				"up": {"uv": [7.9375, 12.0625, 8.25, 11.625], "texture": "#mesh_atlas"}
			}
		},
		{
			"from": [7.808, 1.92, 7.424],
			"to": [8.448, 2.048, 8.32],
			"faces": {
				"east": {"uv": [16, 15.375, 15.5625, 15.4375], "texture": "#mesh_atlas"},
				"west": {"uv": [15.5625, 15.5625, 16, 15.625], "texture": "#mesh_atlas"},
				"up": {"uv": [7.9375, 14.25, 8.25, 13.8125], "texture": "#mesh_atlas"}
			}
		},
		{
			"from": [7.808, 1.92, 8.704],
			"to": [8.448, 2.048, 9.6],
			"faces": {
				"east": {"uv": [9.125, 10.3125, 8.6875, 10.375], "texture": "#mesh_atlas"},
				"west": {"uv": [8.6875, 10.375, 9.125, 10.4375], "texture": "#mesh_atlas"},
				"up": {"uv": [7.9375, 12.5, 8.25, 12.0625], "texture": "#mesh_atlas"}
			}
		},
		{
			"from": [7.808, 1.92, 15.744],
			"to": [8.448, 2.048, 15.872],
			"faces": {
				"east": {"uv": [9.5625, 9.25, 9.5, 9.3125], "texture": "#mesh_atlas"},
				"south": {"uv": [8.8125, 10.75, 9.125, 10.8125], "texture": "#mesh_atlas"},
				"west": {"uv": [9.5625, 9.25, 9.625, 9.3125], "texture": "#mesh_atlas"},
				"up": {"uv": [10.25, 14.375, 10.5625, 14.3125], "texture": "#mesh_atlas"}
			}
		},
		{
			"from": [7.808, 2.048, 2.688],
			"to": [8.576, 4.736, 3.2],
			"faces": {
				"north": {"uv": [5.5625, 11.0625, 5.1875, 12.375], "texture": "#mesh_atlas"},
				"east": {"uv": [4.9375, 8.5, 4.6875, 9.8125], "texture": "#mesh_atlas"},
				"south": {"uv": [6, 11.0625, 6.375, 12.375], "texture": "#mesh_atlas"}
			}
		},
		{
			"from": [7.808, 2.176, 2.304],
			"to": [8.576, 4.736, 2.688],
			"faces": {
				"north": {"uv": [4.625, 9.8125, 4.25, 11.0625], "texture": "#mesh_atlas"},
				"east": {"uv": [3.25, 8.25, 3.0625, 9.5], "texture": "#mesh_atlas"},
				"up": {"uv": [8.25, 9.6875, 8.625, 9.5], "texture": "#mesh_atlas"},
				"down": {"uv": [8.25, 10.0625, 8.625, 10.25], "texture": "#mesh_atlas"}
			}
		},
		{
			"from": [7.808, 8.576, 4.48],
			"to": [8.576, 8.704, 4.608],
			"faces": {
				"east": {"uv": [9.1875, 8, 9.125, 8.0625], "texture": "#mesh_atlas"},
				"south": {"uv": [8.8125, 11.125, 9.1875, 11.1875], "texture": "#mesh_atlas"},
				"west": {"uv": [15.9375, 14.875, 16, 14.9375], "texture": "#mesh_atlas"},
				"up": {"uv": [8.8125, 10.875, 9.1875, 10.8125], "texture": "#mesh_atlas"}
			}
		},
		{
			"from": [7.808, 8.704, 4.48],
			"to": [8.448, 9.6, 4.736],
			"faces": {
				"north": {"uv": [7.6875, 10.625, 7.375, 11.0625], "texture": "#mesh_atlas"},
				"east": {"uv": [1.125, 8.4375, 1, 8.875], "texture": "#mesh_atlas"},
				"south": {"uv": [7.375, 11.0625, 7.6875, 11.5], "texture": "#mesh_atlas"},
				"west": {"uv": [0.4375, 8, 0.5625, 8.4375], "texture": "#mesh_atlas"},
				"up": {"uv": [6.0625, 14.0625, 6.375, 13.9375], "texture": "#mesh_atlas"},
				"down": {"uv": [8.8125, 12.8125, 9.125, 12.9375], "texture": "#mesh_atlas"}
			}
		},
		{
			"from": [7.936, 0.896, 5.888],
			"to": [8.32, 1.024, 6.016],
			"faces": {
				"east": {"uv": [9.5625, 9.3125, 9.5, 9.375], "texture": "#mesh_atlas"},
				"west": {"uv": [9.125, 8.0625, 9.1875, 8.125], "texture": "#mesh_atlas"},
				"down": {"uv": [14.3125, 14.1875, 14.5, 14.25], "texture": "#mesh_atlas"}
			}
		},
		{
			"from": [7.936, 0.896, 7.168],
			"to": [8.32, 1.024, 7.296],
			"faces": {
				"east": {"uv": [9.5625, 10, 9.5, 10.0625], "texture": "#mesh_atlas"},
				"west": {"uv": [9.5625, 9.5, 9.625, 9.5625], "texture": "#mesh_atlas"},
				"down": {"uv": [15.0625, 14.1875, 15.25, 14.25], "texture": "#mesh_atlas"}
			}
		},
		{
			"from": [7.936, 0.896, 8.448],
			"to": [8.32, 1.024, 8.576],
			"faces": {
				"east": {"uv": [9.625, 10.125, 9.5625, 10.1875], "texture": "#mesh_atlas"},
				"west": {"uv": [9.5625, 10.0625, 9.625, 10.125], "texture": "#mesh_atlas"},
				"down": {"uv": [15.8125, 14.1875, 16, 14.25], "texture": "#mesh_atlas"}
			}
		},
		{
			"from": [7.936, 0.896, 15.872],
			"to": [8.32, 1.024, 16],
			"faces": {
				"east": {"uv": [9.5625, 9.5625, 9.5, 9.625], "texture": "#mesh_atlas"},
				"south": {"uv": [10.9375, 14.1875, 11.125, 14.25], "texture": "#mesh_atlas", "cullface": "south"},
				"west": {"uv": [9.625, 8.25, 9.6875, 8.3125], "texture": "#mesh_atlas"},
				"down": {"uv": [10.25, 14.125, 10.4375, 14.1875], "texture": "#mesh_atlas"}
			}
		},
		{
			"from": [7.936, 1.024, 0.64],
			"to": [8.32, 1.152, 1.024],
			"faces": {
				"north": {"uv": [11, 14.125, 10.8125, 14.1875], "texture": "#mesh_atlas"},
				"east": {"uv": [11.5625, 14.125, 11.375, 14.1875], "texture": "#mesh_atlas"},
				"west": {"uv": [11.1875, 14.125, 11.375, 14.1875], "texture": "#mesh_atlas"},
				"down": {"uv": [3.0625, 8.0625, 3.25, 8.25], "texture": "#mesh_atlas"}
			}
		},
		{
			"from": [7.936, 1.024, 16.128],
			"to": [8.32, 1.152, 16.256],
			"faces": {
				"east": {"uv": [9.1875, 8.25, 9.125, 8.3125], "texture": "#mesh_atlas", "cullface": "south"},
				"south": {"uv": [9, 11.875, 9.1875, 11.9375], "texture": "#mesh_atlas", "cullface": "south"},
				"west": {"uv": [15.9375, 14.8125, 16, 14.875], "texture": "#mesh_atlas", "cullface": "south"},
				"down": {"uv": [11.5625, 14.125, 11.75, 14.1875], "texture": "#mesh_atlas", "cullface": "south"}
			}
		},
		{
			"from": [7.936, 1.152, 0.512],
			"to": [8.32, 1.28, 0.64],
			"faces": {
				"north": {"uv": [15.9375, 14.4375, 15.75, 14.5], "texture": "#mesh_atlas"},
				"east": {"uv": [9.625, 9.9375, 9.5625, 10], "texture": "#mesh_atlas"},
				"west": {"uv": [9.5, 9.6875, 9.5625, 9.75], "texture": "#mesh_atlas"},
				"down": {"uv": [15.8125, 14.5625, 16, 14.625], "texture": "#mesh_atlas"}
			}
		},
		{
			"from": [7.936, 1.152, 4.992],
			"to": [8.32, 1.28, 15.744],
			"faces": {
				"east": {"uv": [11.875, 15.6875, 6.625, 15.75], "texture": "#mesh_atlas"},
				"west": {"uv": [6.625, 15.625, 11.875, 15.6875], "texture": "#mesh_atlas"}
			}
		},
		{
			"from": [7.936, 1.152, 16.256],
			"to": [8.32, 1.28, 16.384],
			"faces": {
				"east": {"uv": [9.5625, 10.0625, 9.5, 10.125], "texture": "#mesh_atlas", "cullface": "south"},
				"south": {"uv": [12, 14.3125, 12.1875, 14.375], "texture": "#mesh_atlas", "cullface": "south"},
				"west": {"uv": [15.9375, 14.75, 16, 14.8125], "texture": "#mesh_atlas", "cullface": "south"},
				"down": {"uv": [11.4375, 14.3125, 11.625, 14.375], "texture": "#mesh_atlas", "cullface": "south"}
			}
		},
		{
			"from": [7.936, 1.28, 0.384],
			"to": [8.32, 1.664, 0.512],
			"faces": {
				"north": {"uv": [9.1875, 12.5, 9, 12.6875], "texture": "#mesh_atlas"},
				"east": {"uv": [8.1875, 8.125, 8.125, 8.3125], "texture": "#mesh_atlas"},
				"west": {"uv": [8.1875, 8.4375, 8.25, 8.625], "texture": "#mesh_atlas"},
				"up": {"uv": [12.375, 14.375, 12.5625, 14.3125], "texture": "#mesh_atlas"},
				"down": {"uv": [12.1875, 14.3125, 12.375, 14.375], "texture": "#mesh_atlas"}
			}
		},
		{
			"from": [7.936, 1.664, 0.512],
			"to": [8.32, 1.792, 0.64],
			"faces": {
				"north": {"uv": [13.3125, 14.3125, 13.125, 14.375], "texture": "#mesh_atlas"},
				"east": {"uv": [9.6875, 11.0625, 9.625, 11.125], "texture": "#mesh_atlas"},
				"west": {"uv": [9.5625, 9.5625, 9.625, 9.625], "texture": "#mesh_atlas"},
				"up": {"uv": [12.9375, 14.375, 13.125, 14.3125], "texture": "#mesh_atlas"}
			}
		},
		{
			"from": [7.936, 1.664, 16.256],
			"to": [8.32, 1.792, 16.384],
			"faces": {
				"east": {"uv": [9.5625, 9.9375, 9.5, 10], "texture": "#mesh_atlas", "cullface": "south"},
				"south": {"uv": [14.0625, 14.3125, 14.25, 14.375], "texture": "#mesh_atlas", "cullface": "south"},
				"west": {"uv": [9.5625, 10, 9.625, 10.0625], "texture": "#mesh_atlas", "cullface": "south"},
				"up": {"uv": [13.6875, 14.375, 13.875, 14.3125], "texture": "#mesh_atlas", "cullface": "south"}
			}
		},
		{
			"from": [7.936, 1.792, 0.768],
			"to": [8.32, 1.92, 0.896],
			"faces": {
				"north": {"uv": [14.8125, 14.3125, 14.625, 14.375], "texture": "#mesh_atlas"},
				"east": {"uv": [9.6875, 11.25, 9.625, 11.3125], "texture": "#mesh_atlas"},
				"west": {"uv": [9.5, 9.5, 9.5625, 9.5625], "texture": "#mesh_atlas"},
				"up": {"uv": [14.4375, 14.375, 14.625, 14.3125], "texture": "#mesh_atlas"}
			}
		},
		{
			"from": [7.936, 1.792, 16.128],
			"to": [8.32, 1.92, 16.256],
			"faces": {
				"east": {"uv": [16, 14.625, 15.9375, 14.6875], "texture": "#mesh_atlas", "cullface": "south"},
				"south": {"uv": [15.5625, 14.3125, 15.75, 14.375], "texture": "#mesh_atlas", "cullface": "south"},
				"west": {"uv": [15.9375, 14.6875, 16, 14.75], "texture": "#mesh_atlas", "cullface": "south"},
				"up": {"uv": [15.1875, 14.375, 15.375, 14.3125], "texture": "#mesh_atlas", "cullface": "south"}
			}
		},
		{
			"from": [7.936, 1.92, 5.888],
			"to": [8.32, 2.048, 6.016],
			"faces": {
				"east": {"uv": [9.625, 9.875, 9.5625, 9.9375], "texture": "#mesh_atlas"},
				"west": {"uv": [9.5, 9.875, 9.5625, 9.9375], "texture": "#mesh_atlas"},
				"up": {"uv": [9.625, 14.3125, 9.8125, 14.25], "texture": "#mesh_atlas"}
			}
		},
		{
			"from": [7.936, 1.92, 7.168],
			"to": [8.32, 2.048, 7.296],
			"faces": {
				"east": {"uv": [9.6875, 12, 9.625, 12.0625], "texture": "#mesh_atlas"},
				"west": {"uv": [9.5625, 9.3125, 9.625, 9.375], "texture": "#mesh_atlas"},
				"up": {"uv": [10.375, 14.3125, 10.5625, 14.25], "texture": "#mesh_atlas"}
			}
		},
		{
			"from": [7.936, 1.92, 8.448],
			"to": [8.32, 2.048, 8.576],
			"faces": {
				"east": {"uv": [9.1875, 8.125, 9.125, 8.1875], "texture": "#mesh_atlas"},
				"west": {"uv": [9.125, 8.1875, 9.1875, 8.25], "texture": "#mesh_atlas"},
				"up": {"uv": [11.125, 14.3125, 11.3125, 14.25], "texture": "#mesh_atlas"}
			}
		},
		{
			"from": [7.936, 1.92, 15.872],
			"to": [8.32, 2.048, 16],
			"faces": {
				"east": {"uv": [9.5625, 10.1875, 9.5, 10.25], "texture": "#mesh_atlas"},
				"south": {"uv": [12.0625, 14.25, 12.25, 14.3125], "texture": "#mesh_atlas", "cullface": "south"},
				"west": {"uv": [15.9375, 14.375, 16, 14.4375], "texture": "#mesh_atlas"},
				"up": {"uv": [11.6875, 14.3125, 11.875, 14.25], "texture": "#mesh_atlas"}
			}
		},
		{
			"from": [7.936, 2.048, 2.304],
			"to": [8.576, 2.176, 2.688],
			"faces": {
				"east": {"uv": [12.8125, 14.25, 12.625, 14.3125], "texture": "#mesh_atlas"},
				"west": {"uv": [12.4375, 14.25, 12.625, 14.3125], "texture": "#mesh_atlas"}
			}
		},
		{
			"from": [7.936, 2.944, 3.328],
			"to": [8.32, 3.072, 3.456],
			"faces": {
				"east": {"uv": [9.5625, 9.625, 9.5, 9.6875], "texture": "#mesh_atlas"},
				"south": {"uv": [13.375, 14.25, 13.5625, 14.3125], "texture": "#mesh_atlas"},
				"west": {"uv": [9.5625, 9.6875, 9.625, 9.75], "texture": "#mesh_atlas"},
				"down": {"uv": [12.8125, 14.25, 13, 14.3125], "texture": "#mesh_atlas"}
			}
		},
		{
			"from": [7.936, 3.2, 3.456],
			"to": [8.32, 4.352, 3.584],
			"faces": {
				"east": {"uv": [8.25, 10.625, 8.1875, 11.1875], "texture": "#mesh_atlas"},
				"south": {"uv": [3.25, 8.3125, 3.4375, 8.875], "texture": "#mesh_atlas"},
				"west": {"uv": [8.125, 10.625, 8.1875, 11.1875], "texture": "#mesh_atlas"},
				"down": {"uv": [13.5625, 14.25, 13.75, 14.3125], "texture": "#mesh_atlas"}
			}
		},
		{
			"from": [7.936, 4.48, 2.176],
			"to": [8.32, 4.608, 2.304],
			"faces": {
				"north": {"uv": [14.875, 14.25, 14.6875, 14.3125], "texture": "#mesh_atlas"},
				"east": {"uv": [9.1875, 8.3125, 9.125, 8.375], "texture": "#mesh_atlas"},
				"west": {"uv": [9.625, 8.0625, 9.6875, 8.125], "texture": "#mesh_atlas"},
				"up": {"uv": [14.5, 14.3125, 14.6875, 14.25], "texture": "#mesh_atlas"}
			}
		},
		{
			"from": [7.936, 4.736, 3.712],
			"to": [8.32, 5.376, 3.84],
			"faces": {
				"east": {"uv": [7.9375, 14.5625, 7.875, 14.875], "texture": "#mesh_atlas"},
				"south": {"uv": [7.6875, 9.875, 7.875, 10.1875], "texture": "#mesh_atlas"},
				"west": {"uv": [7.8125, 14.1875, 7.875, 14.5], "texture": "#mesh_atlas"},
				"down": {"uv": [15.0625, 14.25, 15.25, 14.3125], "texture": "#mesh_atlas"}
			}
		},
		{
			"from": [7.936, 4.992, 2.432],
			"to": [8.32, 5.12, 2.56],
			"faces": {
				"north": {"uv": [9.8125, 14.1875, 9.625, 14.25], "texture": "#mesh_atlas"},
				"east": {"uv": [16, 14.4375, 15.9375, 14.5], "texture": "#mesh_atlas"},
				"west": {"uv": [15.9375, 14.5, 16, 14.5625], "texture": "#mesh_atlas"},
				"up": {"uv": [15.8125, 14.3125, 16, 14.25], "texture": "#mesh_atlas"}
			}
		},
		{
			"from": [7.936, 5.632, 3.84],
			"to": [8.32, 5.888, 3.968],
			"faces": {
				"east": {"uv": [7.9375, 8.5625, 7.875, 8.6875], "texture": "#mesh_atlas"},
				"south": {"uv": [8.8125, 11.8125, 9, 11.9375], "texture": "#mesh_atlas"},
				"west": {"uv": [7.875, 10.1875, 7.9375, 10.3125], "texture": "#mesh_atlas"},
				"down": {"uv": [10, 14.1875, 10.1875, 14.25], "texture": "#mesh_atlas"}
			}
		},
		{
			"from": [7.936, 6.144, 3.968],
			"to": [8.32, 6.4, 4.096],
			"faces": {
				"east": {"uv": [8.1875, 8.3125, 8.125, 8.4375], "texture": "#mesh_atlas"},
				"south": {"uv": [7.0625, 9, 7.25, 9.125], "texture": "#mesh_atlas"},
				"west": {"uv": [7.25, 9.4375, 7.3125, 9.5625], "texture": "#mesh_atlas"},
				"down": {"uv": [10.375, 14.1875, 10.5625, 14.25], "texture": "#mesh_atlas"}
			}
		},
		{
			"from": [7.936, 6.528, 4.096],
			"to": [8.32, 6.912, 4.224],
			"faces": {
				"east": {"uv": [9.6875, 14, 9.625, 14.1875], "texture": "#mesh_atlas"},
				"south": {"uv": [9, 12.3125, 9.1875, 12.5], "texture": "#mesh_atlas"},
				"west": {"uv": [8.625, 9.5, 8.6875, 9.6875], "texture": "#mesh_atlas"},
				"down": {"uv": [10.75, 14.1875, 10.9375, 14.25], "texture": "#mesh_atlas"}
			}
		},
		{
			"from": [7.936, 7.168, 4.224],
			"to": [8.32, 7.424, 4.352],
			"faces": {
				"east": {"uv": [13.1875, 15.1875, 13.125, 15.3125], "texture": "#mesh_atlas"},
				"south": {"uv": [3.4375, 8, 3.625, 8.125], "texture": "#mesh_atlas"},
				"west": {"uv": [8.1875, 8.3125, 8.25, 8.4375], "texture": "#mesh_atlas"},
				"down": {"uv": [11.3125, 14.1875, 11.5, 14.25], "texture": "#mesh_atlas"}
			}
		},
		{
			"from": [7.936, 7.552, 4.352],
			"to": [8.32, 7.936, 4.48],
			"faces": {
				"east": {"uv": [9.6875, 13.625, 9.625, 13.8125], "texture": "#mesh_atlas"},
				"south": {"uv": [9, 12.125, 9.1875, 12.3125], "texture": "#mesh_atlas"},
				"west": {"uv": [9.625, 13.8125, 9.6875, 14], "texture": "#mesh_atlas"},
				"down": {"uv": [11.6875, 14.1875, 11.875, 14.25], "texture": "#mesh_atlas"}
			}
		},
		{
			"from": [7.936, 8.064, 4.48],
			"to": [8.32, 8.32, 4.608],
			"faces": {
				"east": {"uv": [9.1875, 14.4375, 9.125, 14.5625], "texture": "#mesh_atlas"},
				"south": {"uv": [7.6875, 9.3125, 7.875, 9.4375], "texture": "#mesh_atlas"},
				"west": {"uv": [9.125, 14.5625, 9.1875, 14.6875], "texture": "#mesh_atlas"},
				"down": {"uv": [12.25, 14.1875, 12.4375, 14.25], "texture": "#mesh_atlas"}
			}
		},
		{
			"from": [7.936, 8.448, 4.608],
			"to": [8.32, 8.704, 4.736],
			"faces": {
				"east": {"uv": [9.1875, 14.1875, 9.125, 14.3125], "texture": "#mesh_atlas"},
				"south": {"uv": [7.6875, 10.625, 7.875, 10.75], "texture": "#mesh_atlas"},
				"west": {"uv": [9.125, 14.3125, 9.1875, 14.4375], "texture": "#mesh_atlas"},
				"down": {"uv": [12.625, 14.1875, 12.8125, 14.25], "texture": "#mesh_atlas"}
			}
		},
		{
			"from": [8.064, 1.024, 16.256],
			"to": [8.192, 1.152, 16.384],
			"faces": {
				"east": {"uv": [9.625, 9, 9.5625, 9.0625], "texture": "#mesh_atlas", "cullface": "south"},
				"south": {"uv": [9.5625, 9.0625, 9.625, 9.125], "texture": "#mesh_atlas", "cullface": "south"},
				"west": {"uv": [9.5, 9, 9.5625, 9.0625], "texture": "#mesh_atlas", "cullface": "south"},
				"down": {"uv": [9.5, 9.125, 9.5625, 9.1875], "texture": "#mesh_atlas", "cullface": "south"}
			}
		},
		{
			"from": [8.064, 1.792, 0.64],
			"to": [8.192, 1.92, 0.768],
			"faces": {
				"north": {"uv": [9.5625, 8.875, 9.5, 8.9375], "texture": "#mesh_atlas"},
				"east": {"uv": [9.625, 8.8125, 9.5625, 8.875], "texture": "#mesh_atlas"},
				"west": {"uv": [9.5, 8.8125, 9.5625, 8.875], "texture": "#mesh_atlas"},
				"up": {"uv": [9.5625, 9, 9.625, 8.9375], "texture": "#mesh_atlas"}
			}
		},
		{
			"from": [8.064, 1.792, 16.256],
			"to": [8.192, 1.92, 16.384],
			"faces": {
				"east": {"uv": [9.625, 8.625, 9.5625, 8.6875], "texture": "#mesh_atlas", "cullface": "south"},
				"south": {"uv": [9.5625, 8.6875, 9.625, 8.75], "texture": "#mesh_atlas", "cullface": "south"},
				"west": {"uv": [9.5, 8.625, 9.5625, 8.6875], "texture": "#mesh_atlas", "cullface": "south"},
				"up": {"uv": [9.5625, 8.8125, 9.625, 8.75], "texture": "#mesh_atlas", "cullface": "south"}
			}
		},
		{
			"from": [8.064, 1.92, 16],
			"to": [8.192, 2.048, 16.128],
			"faces": {
				"east": {"uv": [9.625, 8.4375, 9.5625, 8.5], "texture": "#mesh_atlas", "cullface": "south"},
				"south": {"uv": [9.5625, 8.5, 9.625, 8.5625], "texture": "#mesh_atlas", "cullface": "south"},
				"west": {"uv": [9.5, 8.4375, 9.5625, 8.5], "texture": "#mesh_atlas", "cullface": "south"},
				"up": {"uv": [9.5625, 8.625, 9.625, 8.5625], "texture": "#mesh_atlas", "cullface": "south"}
			}
		},
		{
			"from": [8.064, 2.816, 3.328],
			"to": [8.192, 2.944, 3.456],
			"faces": {
				"east": {"uv": [9.625, 8.25, 9.5625, 8.3125], "texture": "#mesh_atlas"},
				"south": {"uv": [9.5625, 8.3125, 9.625, 8.375], "texture": "#mesh_atlas"},
				"west": {"uv": [9.5, 8.25, 9.5625, 8.3125], "texture": "#mesh_atlas"},
				"down": {"uv": [9.5, 8.375, 9.5625, 8.4375], "texture": "#mesh_atlas"}
			}
		},
		{
			"from": [8.064, 4.608, 3.712],
			"to": [8.192, 4.736, 3.84],
			"faces": {
				"east": {"uv": [9.625, 8.0625, 9.5625, 8.125], "texture": "#mesh_atlas"},
				"south": {"uv": [9.5625, 8.125, 9.625, 8.1875], "texture": "#mesh_atlas"},
				"west": {"uv": [9.5, 8.0625, 9.5625, 8.125], "texture": "#mesh_atlas"},
				"down": {"uv": [9.5, 8.1875, 9.5625, 8.25], "texture": "#mesh_atlas"}
			}
		},
		{
			"from": [8.064, 5.504, 3.84],
			"to": [8.192, 5.632, 3.968],
			"faces": {
				"east": {"uv": [9.6875, 12.125, 9.625, 12.1875], "texture": "#mesh_atlas"},
				"south": {"uv": [9.625, 12.25, 9.6875, 12.3125], "texture": "#mesh_atlas"},
				"west": {"uv": [9.625, 12.1875, 9.6875, 12.25], "texture": "#mesh_atlas"},
				"down": {"uv": [9.5, 8, 9.5625, 8.0625], "texture": "#mesh_atlas"}
			}
		},
		{
			"from": [8.064, 6.016, 3.968],
			"to": [8.192, 6.144, 4.096],
			"faces": {
				"east": {"uv": [9.6875, 11.75, 9.625, 11.8125], "texture": "#mesh_atlas"},
				"south": {"uv": [9.625, 11.875, 9.6875, 11.9375], "texture": "#mesh_atlas"},
				"west": {"uv": [9.625, 11.8125, 9.6875, 11.875], "texture": "#mesh_atlas"},
				"down": {"uv": [9.625, 12.0625, 9.6875, 12.125], "texture": "#mesh_atlas"}
			}
		},
		{
			"from": [8.064, 7.04, 4.224],
			"to": [8.192, 7.168, 4.352],
			"faces": {
				"east": {"uv": [9.6875, 11.375, 9.625, 11.4375], "texture": "#mesh_atlas"},
				"south": {"uv": [9.625, 11.5, 9.6875, 11.5625], "texture": "#mesh_atlas"},
				"west": {"uv": [9.625, 11.4375, 9.6875, 11.5], "texture": "#mesh_atlas"},
				"down": {"uv": [9.625, 11.6875, 9.6875, 11.75], "texture": "#mesh_atlas"}
			}
		},
		{
			"from": [8.448, 1.152, 4.992],
			"to": [8.704, 1.28, 15.744],
			"faces": {
				"east": {"uv": [11.875, 15.8125, 6.625, 15.875], "texture": "#mesh_atlas"},
				"west": {"uv": [6.625, 15.75, 11.875, 15.8125], "texture": "#mesh_atlas"}
			}
		},
		{
			"from": [8.704, 1.152, 5.76],
			"to": [8.832, 1.28, 5.888],
			"faces": {
				"north": {"uv": [9.6875, 10.8125, 9.625, 10.875], "texture": "#mesh_atlas"},
				"east": {"uv": [9.6875, 10.625, 9.625, 10.6875], "texture": "#mesh_atlas"},
				"south": {"uv": [9.625, 10.75, 9.6875, 10.8125], "texture": "#mesh_atlas"},
				"down": {"uv": [9.625, 10.9375, 9.6875, 11], "texture": "#mesh_atlas"}
			}
		},
		{
			"from": [8.704, 1.152, 6.016],
			"to": [8.832, 1.28, 6.144],
			"faces": {
				"north": {"uv": [9.6875, 10.4375, 9.625, 10.5], "texture": "#mesh_atlas"},
				"east": {"uv": [9.6875, 10.25, 9.625, 10.3125], "texture": "#mesh_atlas"},
				"south": {"uv": [9.625, 10.375, 9.6875, 10.4375], "texture": "#mesh_atlas"},
				"down": {"uv": [9.625, 10.5625, 9.6875, 10.625], "texture": "#mesh_atlas"}
			}
		},
		{
			"from": [8.704, 1.152, 7.04],
			"to": [8.832, 1.28, 7.168],
			"faces": {
				"north": {"uv": [9.6875, 10.0625, 9.625, 10.125], "texture": "#mesh_atlas"},
				"east": {"uv": [9.6875, 9.875, 9.625, 9.9375], "texture": "#mesh_atlas"},
				"south": {"uv": [9.625, 10, 9.6875, 10.0625], "texture": "#mesh_atlas"},
				"down": {"uv": [9.625, 10.1875, 9.6875, 10.25], "texture": "#mesh_atlas"}
			}
		},
		{
			"from": [8.704, 1.152, 7.296],
			"to": [8.832, 1.28, 7.424],
			"faces": {
				"north": {"uv": [9.6875, 9.6875, 9.625, 9.75], "texture": "#mesh_atlas"},
				"east": {"uv": [9.6875, 9.5, 9.625, 9.5625], "texture": "#mesh_atlas"},
				"south": {"uv": [9.625, 9.625, 9.6875, 9.6875], "texture": "#mesh_atlas"},
				"down": {"uv": [9.625, 9.8125, 9.6875, 9.875], "texture": "#mesh_atlas"}
			}
		},
		{
			"from": [8.704, 1.152, 8.32],
			"to": [8.832, 1.28, 8.448],
			"faces": {
				"north": {"uv": [9.6875, 9.3125, 9.625, 9.375], "texture": "#mesh_atlas"},
				"east": {"uv": [9.6875, 9.125, 9.625, 9.1875], "texture": "#mesh_atlas"},
				"south": {"uv": [9.625, 9.25, 9.6875, 9.3125], "texture": "#mesh_atlas"},
				"down": {"uv": [9.625, 9.4375, 9.6875, 9.5], "texture": "#mesh_atlas"}
			}
		},
		{
			"from": [8.704, 1.152, 8.576],
			"to": [8.832, 1.28, 8.704],
			"faces": {
				"north": {"uv": [9.6875, 8.9375, 9.625, 9], "texture": "#mesh_atlas"},
				"east": {"uv": [9.6875, 8.75, 9.625, 8.8125], "texture": "#mesh_atlas"},
				"south": {"uv": [9.625, 8.875, 9.6875, 8.9375], "texture": "#mesh_atlas"},
				"down": {"uv": [9.625, 9.0625, 9.6875, 9.125], "texture": "#mesh_atlas"}
			}
		},
		{
			"from": [8.704, 1.152, 9.6],
			"to": [8.832, 1.28, 9.728],
			"faces": {
				"north": {"uv": [9.6875, 8.5625, 9.625, 8.625], "texture": "#mesh_atlas"},
				"east": {"uv": [9.6875, 8.375, 9.625, 8.4375], "texture": "#mesh_atlas"},
				"south": {"uv": [9.625, 8.5, 9.6875, 8.5625], "texture": "#mesh_atlas"},
				"down": {"uv": [9.625, 8.6875, 9.6875, 8.75], "texture": "#mesh_atlas"}
			}
		},
		{
			"from": [8.704, 1.152, 9.856],
			"to": [8.832, 1.28, 15.744],
			"faces": {
				"north": {"uv": [9.6875, 8.1875, 9.625, 8.25], "texture": "#mesh_atlas"},
				"east": {"uv": [13.125, 15.5625, 10.25, 15.625], "texture": "#mesh_atlas"},
				"down": {"uv": [7.3125, 9.875, 7.375, 12.75], "texture": "#mesh_atlas"}
			}
		}
	],
	"display": {
		"thirdperson_righthand": {
			"rotation": [119, 0, -180],
			"translation": [0, 11.13, 0.0012],
			"scale": [1.0782, 1.0782, 2.8173]
		},
		"thirdperson_lefthand": {
			"rotation": [119, 0, -180],
			"translation": [0, 11.13, 0.0012],
			"scale": [1.0782, 1.0782, 2.8173]
		},
		"firstperson_righthand": {
			"rotation": [-110, -180, 4],
			"translation": [0.8572, 4.1739, -4.869],
			"scale": [1.0347, 1, 1.4173]
		},
		"firstperson_lefthand": {
			"rotation": [-110, -180, 4],
			"translation": [0.8572, 4.1739, -4.869],
			"scale": [1.0347, 1, 1.4173]
		},
		"ground": {
			"rotation": [0, 0, -90],
			"translation": [0, -2.086, 0],
			"scale": [1.0782, 1.0782, 2.8173]
		},
		"gui": {
			"rotation": [95, 38, -90],
			"translation": [4.4282, 2.7826, 0]
		},
		"fixed": {
			"rotation": [-90, 180, -90],
			"translation": [-2.086, -0.254, -0.097],
			"scale": [0.5, 0.5, 1]
		}
	}
}