{
	"credit": "Made with Blockbench",
	"textures": {
		"0": "./empty_space",
		"particle": "./empty_space"
	},
	"elements": [
		{
			"from": [2.475, 0, 2.65],
			"to": [12.475, 10, 12.65],
			"rotation": {"angle": 0, "axis": "y", "origin": [16, 8, 15]},
			"faces": {
				"north": {"uv": [0, 0, 16, 16], "texture": "#0"},
				"east": {"uv": [0, 0, 16, 16], "texture": "#0"},
				"south": {"uv": [0, 0, 16, 16], "texture": "#0"},
				"west": {"uv": [0, 0, 16, 16], "texture": "#0"},
				"up": {"uv": [0, 0, 16, 16], "texture": "#0"},
				"down": {"uv": [0, 0, 16, 16], "texture": "#0"}
			}
		}
	],
	"display": {
		"thirdperson_righthand": {
			"translation": [-1, 0.5, 0.5],
			"scale": [0.61, 0.61, 0.61]
		},
		"thirdperson_lefthand": {
			"translation": [-1, 0.5, 0.5],
			"scale": [0.61, 0.61, 0.61]
		},
		"firstperson_righthand": {
			"translation": [0, 21, 0],
			"scale": [0.64, 0.64, 0.64]
		},
		"firstperson_lefthand": {
			"translation": [0, 21, 0],
			"scale": [0.49, 0.49, 0.49]
		},
		"ground": {
			"translation": [0, 2.5, 0]
		},
		"gui": {
			"rotation": [0, 9, 0],
			"translation": [0.5, 2.75, 0]
		},
		"fixed": {
			"translation": [1, 3.5, 0.75],
			"scale": [1.1, 1.1, 1.1]
		}
	}
}